Date,High,Low,Open,Close,Volume,Adj Close
2000-01-04,42400.0,35000.0,35000.0,40000.0,5180.0,40000.0
2000-01-05,41000.0,38000.0,41000.0,38000.0,6020.0,38000.0
2000-01-06,39000.0,36750.0,39000.0,36750.0,5180.0,36750.0
2000-01-07,38550.0,36250.0,36500.0,37800.0,3780.0,37800.0
2000-01-10,37500.0,35400.0,37000.0,36250.0,13680.0,36250.0
2000-01-11,36000.0,34550.0,36000.0,34550.0,12300.0,34550.0
2000-01-12,34000.0,32500.0,34000.0,32500.0,19340.0,32500.0
2000-01-13,34550.0,30550.0,31000.0,32500.0,23120.0,32500.0
2000-01-14,36000.0,32850.0,33900.0,34300.0,30320.0,34300.0
2000-01-17,35000.0,32750.0,34750.0,32750.0,18260.0,32750.0
2000-01-18,33300.0,31000.0,33050.0,31250.0,12300.0,31250.0
2000-01-19,30600.0,28500.0,30300.0,28500.0,16820.0,28500.0
2000-01-20,28550.0,26600.0,28550.0,27500.0,24580.0,27500.0
2000-01-21,29500.0,26550.0,27750.0,28250.0,27480.0,28250.0
2000-01-24,29700.0,27550.0,28550.0,28750.0,23300.0,28750.0
2000-01-25,31250.0,28000.0,28300.0,28750.0,22460.0,28750.0
2000-01-26,31000.0,28500.0,29000.0,31000.0,29880.0,31000.0
2000-01-27,34500.0,31250.0,31500.0,34500.0,40320.0,34500.0
2000-01-28,36000.0,31600.0,35000.0,32750.0,23060.0,32750.0
2000-01-31,34900.0,32300.0,33250.0,34450.0,22220.0,34450.0
2000-02-01,35700.0,32500.0,34500.0,34000.0,17800.0,34000.0
2000-02-02,34900.0,33050.0,33050.0,34150.0,16140.0,34150.0
2000-02-03,35750.0,34250.0,35750.0,34850.0,15040.0,34850.0
2000-02-04,34850.0,34850.0,34850.0,34850.0,0.0,34850.0
2000-02-07,35250.0,33850.0,34250.0,34000.0,10820.0,34000.0
2000-02-08,33900.0,32350.0,33600.0,32500.0,17920.0,32500.0
2000-02-09,32500.0,30250.0,31600.0,30500.0,18540.0,30500.0
2000-02-10,30500.0,28750.0,30250.0,29000.0,14940.0,29000.0
2000-02-11,28750.0,27000.0,27000.0,27550.0,13760.0,27550.0
2000-02-14,28500.0,27000.0,28000.0,27350.0,21260.0,27350.0
2000-02-15,27350.0,26550.0,26550.0,27150.0,7320.0,27150.0
2000-02-16,28250.0,27050.0,27050.0,27150.0,7860.0,27150.0
2000-02-17,28000.0,27200.0,27650.0,27350.0,8280.0,27350.0
2000-02-18,27750.0,27150.0,27700.0,27500.0,7760.0,27500.0
2000-02-21,27500.0,24150.0,27500.0,24500.0,15000.0,24500.0
2000-02-22,24500.0,22600.0,24350.0,24100.0,12360.0,24100.0
2000-02-23,27700.0,25050.0,25050.0,26950.0,20020.0,26950.0
2000-02-24,26500.0,25000.0,26000.0,25500.0,25480.0,25500.0
2000-02-25,26750.0,24000.0,25050.0,25700.0,9000.0,25700.0
2000-02-28,27650.0,26000.0,26500.0,26900.0,18660.0,26900.0
2000-02-29,29250.0,26950.0,28700.0,27000.0,14700.0,27000.0
2000-03-01,27000.0,27000.0,27000.0,27000.0,0.0,27000.0
2000-03-02,30300.0,27750.0,28700.0,29700.0,30060.0,29700.0
2000-03-03,34000.0,30700.0,30750.0,32100.0,39540.0,32100.0
2000-03-06,34950.0,31000.0,32500.0,34000.0,32600.0,34000.0
2000-03-07,35900.0,32000.0,32000.0,34000.0,27060.0,34000.0
2000-03-08,32750.0,32000.0,32600.0,32250.0,17400.0,32250.0
2000-03-09,35250.0,31750.0,31750.0,33350.0,36320.0,33350.0
2000-03-10,34500.0,32500.0,33350.0,32500.0,14840.0,32500.0
2000-03-13,35500.0,33000.0,33000.0,34250.0,36440.0,34250.0
2000-03-14,39000.0,34250.0,34250.0,35100.0,51160.0,35100.0
2000-03-15,36000.0,32600.0,36000.0,33000.0,21160.0,33000.0
2000-03-16,34950.0,30600.0,33050.0,31000.0,16160.0,31000.0
2000-03-17,32450.0,30200.0,30200.0,30700.0,14080.0,30700.0
2000-03-20,32900.0,30700.0,32900.0,32000.0,14380.0,32000.0
2000-03-21,32000.0,30750.0,31050.0,30800.0,8840.0,30800.0
2000-03-22,32500.0,31050.0,31500.0,32500.0,15660.0,32500.0
2000-03-23,36000.0,33750.0,35500.0,35000.0,45320.0,35000.0
2000-03-24,38250.0,34100.0,35250.0,36500.0,54800.0,36500.0
2000-03-27,38000.0,35750.0,37900.0,37000.0,46320.0,37000.0
2000-03-28,38000.0,36000.0,37500.0,36550.0,34900.0,36550.0
2000-03-29,37000.0,34000.0,36250.0,34300.0,24120.0,34300.0
2000-03-30,33750.0,32000.0,33500.0,32750.0,15400.0,32750.0
2000-03-31,34250.0,31500.0,31700.0,32500.0,19640.0,32500.0
2000-04-03,36450.0,33500.0,34500.0,34750.0,34080.0,34750.0
2000-04-04,35750.0,31750.0,34500.0,32000.0,19220.0,32000.0
2000-04-05,32000.0,32000.0,32000.0,32000.0,0.0,32000.0
2000-04-06,31500.0,30750.0,31000.0,31500.0,19940.0,31500.0
2000-04-07,32500.0,30750.0,31500.0,30800.0,24380.0,30800.0
2000-04-10,35400.0,32200.0,32500.0,35400.0,51200.0,35400.0
2000-04-11,37000.0,32500.0,36000.0,32850.0,59360.0,32850.0
2000-04-12,33500.0,31500.0,32850.0,33000.0,17620.0,33000.0
2000-04-13,33000.0,33000.0,33000.0,33000.0,0.0,33000.0
2000-04-14,36500.0,33350.0,33350.0,35450.0,40180.0,35450.0
2000-04-17,34900.0,30550.0,32550.0,31950.0,43800.0,31950.0
2000-04-18,34500.0,31950.0,33950.0,32500.0,33800.0,32500.0
2000-04-19,33250.0,31800.0,32000.0,32000.0,23680.0,32000.0
2000-04-20,32900.0,31250.0,32500.0,32000.0,23000.0,32000.0
2000-04-21,32500.0,31500.0,31750.0,32500.0,18860.0,32500.0
2000-04-24,33250.0,31600.0,33250.0,32400.0,11920.0,32400.0
2000-04-25,32000.0,30600.0,30600.0,31300.0,12460.0,31300.0
2000-04-26,32250.0,26850.0,31500.0,27850.0,32480.0,27850.0
2000-04-27,28000.0,24500.0,28000.0,26650.0,21340.0,26650.0
2000-04-28,28000.0,26650.0,26650.0,27750.0,13040.0,27750.0
2000-05-01,27750.0,27750.0,27750.0,27750.0,0.0,27750.0
2000-05-02,27750.0,26500.0,27750.0,27500.0,8100.0,27500.0
2000-05-03,28500.0,27050.0,27550.0,27900.0,6000.0,27900.0
2000-05-04,28500.0,27450.0,27500.0,27500.0,9440.0,27500.0
2000-05-05,27500.0,27500.0,27500.0,27500.0,0.0,27500.0
2000-05-08,28450.0,27500.0,27500.0,27650.0,8100.0,27650.0
2000-05-09,27650.0,27650.0,27650.0,27650.0,0.0,27650.0
2000-05-10,29250.0,27650.0,29050.0,27700.0,5800.0,27700.0
2000-05-11,27700.0,27700.0,27700.0,27700.0,0.0,27700.0
2000-05-12,31400.0,26750.0,26750.0,26850.0,38200.0,26850.0
2000-05-15,26850.0,24800.0,26850.0,24800.0,13700.0,24800.0
2000-05-16,25900.0,24500.0,25150.0,24750.0,8400.0,24750.0
2000-05-17,24500.0,21100.0,24050.0,21200.0,22280.0,21200.0
2000-05-18,21000.0,19250.0,21000.0,19800.0,12740.0,19800.0
2000-05-19,21350.0,19050.0,19050.0,20950.0,8840.0,20950.0
2000-05-22,21000.0,19800.0,21000.0,19800.0,3860.0,19800.0
2000-05-23,20450.0,18250.0,18250.0,19800.0,6060.0,19800.0
2000-05-24,21500.0,18300.0,18300.0,20850.0,45660.0,20850.0
2000-05-25,23750.0,21050.0,21450.0,23750.0,13120.0,23750.0
2000-05-26,23850.0,20600.0,22350.0,20900.0,11000.0,20900.0
2000-05-29,20500.0,17850.0,17850.0,20250.0,14380.0,20250.0
2000-05-30,20250.0,20250.0,20250.0,20250.0,0.0,20250.0
2000-05-31,24425.0,21650.0,21750.0,23175.0,29860.0,23175.0
2000-06-01,24000.0,21250.0,24000.0,22000.0,12200.0,22000.0
2000-06-02,22925.0,21050.0,21050.0,22500.0,12900.0,22500.0
2000-06-05,25850.0,23550.0,23550.0,25850.0,23000.0,25850.0
2000-06-06,25850.0,25850.0,25850.0,25850.0,0.0,25850.0
2000-06-07,29700.0,29050.0,29700.0,29700.0,13080.0,29700.0
2000-06-08,34150.0,28750.0,34150.0,32500.0,87820.0,32500.0
2000-06-09,32450.0,28300.0,30000.0,30450.0,35120.0,30450.0
2000-06-12,31150.0,28050.0,31150.0,30000.0,30660.0,30000.0
2000-06-13,29500.0,27500.0,27500.0,27500.0,20340.0,27500.0
2000-06-14,31400.0,26500.0,26600.0,27350.0,60900.0,27350.0
2000-06-15,28950.0,25250.0,28950.0,25250.0,33320.0,25250.0
2000-06-16,27000.0,24000.0,24650.0,24500.0,12060.0,24500.0
2000-06-19,24950.0,22625.0,23100.0,22750.0,15260.0,22750.0
2000-06-20,23950.0,21600.0,21600.0,23500.0,12520.0,23500.0
2000-06-21,24250.0,22775.0,23500.0,23200.0,12180.0,23200.0
2000-06-22,24500.0,22600.0,23550.0,22750.0,11640.0,22750.0
2000-06-23,23325.0,22500.0,23325.0,23000.0,7880.0,23000.0
2000-06-26,24000.0,23000.0,23000.0,23500.0,11740.0,23500.0
2000-06-27,24250.0,23550.0,24000.0,24000.0,11000.0,24000.0
2000-06-28,26150.0,24000.0,24000.0,24400.0,30900.0,24400.0
2000-06-29,24750.0,23325.0,24500.0,23525.0,14680.0,23525.0
2000-06-30,24500.0,23600.0,24250.0,24500.0,11620.0,24500.0
2000-07-03,25000.0,24000.0,25000.0,24750.0,13460.0,24750.0
2000-07-04,25200.0,24075.0,25200.0,24100.0,10440.0,24100.0
2000-07-05,24450.0,23125.0,24250.0,23500.0,10100.0,23500.0
2000-07-06,24500.0,23550.0,24250.0,24500.0,16060.0,24500.0
2000-07-07,26950.0,24700.0,24925.0,25500.0,31200.0,25500.0
2000-07-10,26750.0,25650.0,26750.0,25750.0,29060.0,25750.0
2000-07-11,27050.0,25100.0,25100.0,25750.0,26340.0,25750.0
2000-07-12,26250.0,24800.0,25500.0,25000.0,12960.0,25000.0
2000-07-13,25350.0,24000.0,24550.0,24350.0,7980.0,24350.0
2000-07-14,24650.0,23750.0,23750.0,24050.0,7880.0,24050.0
2000-07-17,24050.0,24050.0,24050.0,24050.0,0.0,24050.0
2000-07-18,25200.0,23250.0,25200.0,23600.0,7120.0,23600.0
2000-07-19,25200.0,23250.0,25200.0,23600.0,7120.0,23600.0
2000-07-20,23500.0,22550.0,23050.0,22750.0,8240.0,22750.0
2000-07-21,23100.0,22550.0,23100.0,22650.0,3960.0,22650.0
2000-07-24,22500.0,20500.0,22500.0,21500.0,6040.0,21500.0
2000-07-25,21450.0,19950.0,20600.0,21300.0,12600.0,21300.0
2000-07-26,21250.0,20525.0,20600.0,21000.0,7240.0,21000.0
2000-07-27,21350.0,20600.0,20750.0,20950.0,6140.0,20950.0
2000-07-28,21200.0,20350.0,20675.0,20700.0,6720.0,20700.0
2000-07-31,21000.0,20350.0,21000.0,20750.0,5300.0,20750.0
2000-08-01,21500.0,20700.0,20975.0,21050.0,6920.0,21050.0
2000-08-02,21500.0,21000.0,21050.0,21200.0,4900.0,21200.0
2000-08-03,21500.0,21000.0,21500.0,21000.0,3620.0,21000.0
2000-08-04,21150.0,20500.0,21150.0,20850.0,3480.0,20850.0
2000-08-07,20850.0,20300.0,20850.0,20300.0,2580.0,20300.0
2000-08-08,20750.0,20000.0,20000.0,20350.0,2380.0,20350.0
2000-08-09,21250.0,20500.0,20500.0,20975.0,4960.0,20975.0
2000-08-10,21250.0,20500.0,20500.0,21250.0,3820.0,21250.0
2000-08-11,22150.0,20625.0,21250.0,22000.0,5380.0,22000.0
2000-08-14,24500.0,22500.0,24500.0,22600.0,12920.0,22600.0
2000-08-15,22600.0,22600.0,22600.0,22600.0,0.0,22600.0
2000-08-16,23400.0,22250.0,23000.0,22400.0,5420.0,22400.0
2000-08-17,21725.0,20150.0,21700.0,20700.0,14220.0,20700.0
2000-08-18,21150.0,20300.0,20350.0,20850.0,6980.0,20850.0
2000-08-21,21000.0,20300.0,20500.0,20350.0,6980.0,20350.0
2000-08-22,21000.0,20275.0,20575.0,20550.0,5820.0,20550.0
2000-08-23,20975.0,20100.0,20625.0,20250.0,6080.0,20250.0
2000-08-24,20450.0,19850.0,20450.0,20150.0,3660.0,20150.0
2000-08-25,20500.0,20100.0,20250.0,20475.0,4540.0,20475.0
2000-08-28,21000.0,20250.0,21000.0,20500.0,5740.0,20500.0
2000-08-29,20975.0,20350.0,20975.0,20525.0,3960.0,20525.0
2000-08-30,20525.0,20250.0,20350.0,20300.0,5940.0,20300.0
2000-08-31,21050.0,20000.0,21000.0,20000.0,15220.0,20000.0
2000-09-01,20250.0,19500.0,20000.0,19675.0,7940.0,19675.0
2000-09-04,20000.0,19700.0,19700.0,19750.0,4680.0,19750.0
2000-09-05,20000.0,19175.0,20000.0,19300.0,8020.0,19300.0
2000-09-06,20000.0,19300.0,19500.0,19700.0,7860.0,19700.0
2000-09-07,19950.0,19200.0,19950.0,19200.0,7620.0,19200.0
2000-09-08,19500.0,19100.0,19200.0,19250.0,4660.0,19250.0
2000-09-11,19250.0,19250.0,19250.0,19250.0,0.0,19250.0
2000-09-12,19250.0,19250.0,19250.0,19250.0,0.0,19250.0
2000-09-13,19250.0,19250.0,19250.0,19250.0,0.0,19250.0
2000-09-14,19500.0,16525.0,19025.0,16525.0,9020.0,16525.0
2000-09-15,19000.0,19000.0,19000.0,19000.0,5740.0,19000.0
2000-09-18,20400.0,17075.0,19750.0,18500.0,36520.0,18500.0
2000-09-19,19000.0,17750.0,18375.0,18550.0,14960.0,18550.0
2000-09-20,19000.0,18450.0,18600.0,18725.0,15460.0,18725.0
2000-09-21,18975.0,17500.0,18475.0,18125.0,7460.0,18125.0
2000-09-22,18600.0,17000.0,17500.0,17200.0,8960.0,17200.0
2000-09-25,18000.0,17025.0,17200.0,18000.0,4240.0,18000.0
2000-09-26,18750.0,17750.0,18000.0,18200.0,8880.0,18200.0
2000-09-27,20925.0,18850.0,20925.0,19350.0,31560.0,19350.0
2000-09-28,19750.0,18750.0,19500.0,19175.0,13540.0,19175.0
2000-09-29,19950.0,19250.0,19500.0,19850.0,8300.0,19850.0
2000-10-02,20900.0,19900.0,20800.0,20850.0,30080.0,20850.0
2000-10-03,20850.0,20850.0,20850.0,20850.0,0.0,20850.0
2000-10-04,22000.0,21000.0,21850.0,21800.0,29880.0,21800.0
2000-10-05,21675.0,21200.0,21250.0,21500.0,8200.0,21500.0
2000-10-06,21175.0,20400.0,21125.0,20675.0,15220.0,20675.0
2000-10-09,20650.0,19950.0,20425.0,19950.0,13320.0,19950.0
2000-10-10,20000.0,19550.0,20000.0,19850.0,4140.0,19850.0
2000-10-11,20650.0,18650.0,20250.0,19100.0,9940.0,19100.0
2000-10-12,19725.0,18850.0,19500.0,19250.0,13100.0,19250.0
2000-10-13,19450.0,17775.0,19450.0,19100.0,11900.0,19100.0
2000-10-16,19100.0,19100.0,19100.0,19100.0,0.0,19100.0
2000-10-17,20000.0,19000.0,19550.0,19025.0,17400.0,19025.0
2000-10-18,19250.0,17900.0,19250.0,18775.0,17220.0,18775.0
2000-10-19,19250.0,19000.0,19000.0,19025.0,8940.0,19025.0
2000-10-20,19700.0,19275.0,19275.0,19700.0,3620.0,19700.0
2000-10-23,20250.0,19550.0,20000.0,19700.0,14540.0,19700.0
2000-10-24,19700.0,19000.0,19500.0,19500.0,1720.0,19500.0
2000-10-25,20000.0,19275.0,19750.0,19500.0,11020.0,19500.0
2000-10-26,19850.0,19525.0,19750.0,19525.0,10340.0,19525.0
2000-10-27,19525.0,19525.0,19525.0,19525.0,0.0,19525.0
2000-10-30,20225.0,18000.0,19750.0,18750.0,11760.0,18750.0
2000-10-31,19300.0,18250.0,19000.0,19250.0,11060.0,19250.0
2000-11-01,19750.0,18250.0,18500.0,19500.0,3620.0,19500.0
2000-11-02,21500.0,18950.0,19050.0,19750.0,9120.0,19750.0
2000-11-03,20500.0,20000.0,20500.0,20000.0,7960.0,20000.0
2000-11-06,20900.0,19150.0,19475.0,20300.0,5640.0,20300.0
2000-11-07,20900.0,19600.0,20500.0,19975.0,11400.0,19975.0
2000-11-08,20000.0,18500.0,18500.0,19075.0,2360.0,19075.0
2000-11-09,19500.0,18525.0,18525.0,19500.0,3240.0,19500.0
2000-11-10,19450.0,18825.0,18825.0,19400.0,2600.0,19400.0
2000-11-13,19975.0,19750.0,19750.0,19750.0,13360.0,19750.0
2000-11-14,20250.0,19750.0,19850.0,20000.0,2220.0,20000.0
2000-11-15,20250.0,19500.0,20250.0,19700.0,3460.0,19700.0
2000-11-16,19650.0,19025.0,19500.0,19500.0,2120.0,19500.0
2000-11-17,19475.0,18900.0,18900.0,19375.0,1600.0,19375.0
2000-11-20,20525.0,19000.0,19075.0,19300.0,4120.0,19300.0
2000-11-21,19500.0,18950.0,19475.0,18950.0,2800.0,18950.0
2000-11-22,19500.0,18600.0,19225.0,18900.0,1720.0,18900.0
2000-11-23,19000.0,18600.0,19000.0,18600.0,1060.0,18600.0
2000-11-24,19000.0,18175.0,18500.0,18950.0,1680.0,18950.0
2000-11-27,19300.0,18650.0,19100.0,18950.0,2000.0,18950.0
2000-11-28,19000.0,18600.0,18800.0,18600.0,1280.0,18600.0
2000-11-29,18600.0,18025.0,18600.0,18100.0,780.0,18100.0
2000-11-30,18650.0,17650.0,18650.0,17650.0,1720.0,17650.0
2000-12-01,17650.0,16550.0,17650.0,17500.0,720.0,17500.0
2000-12-04,17550.0,17050.0,17525.0,17050.0,740.0,17050.0
2000-12-05,17450.0,17075.0,17250.0,17125.0,440.0,17125.0
2000-12-06,17700.0,17025.0,17400.0,17025.0,2380.0,17025.0
2000-12-07,17200.0,16700.0,17075.0,16900.0,1220.0,16900.0
2000-12-08,17200.0,16925.0,17200.0,17000.0,660.0,17000.0
2000-12-11,17350.0,17000.0,17000.0,17275.0,940.0,17275.0
2000-12-12,17500.0,17000.0,17050.0,17450.0,1960.0,17450.0
2000-12-13,17750.0,17125.0,17125.0,17500.0,3000.0,17500.0
2000-12-14,18500.0,17975.0,18000.0,18500.0,5000.0,18500.0
2000-12-15,18800.0,17850.0,18600.0,18450.0,880.0,18450.0
2000-12-18,18475.0,18000.0,18475.0,18250.0,3360.0,18250.0
2000-12-19,18000.0,16500.0,18000.0,17400.0,8840.0,17400.0
2000-12-20,17675.0,17150.0,17500.0,17450.0,3080.0,17450.0
2000-12-21,18200.0,17000.0,17000.0,18000.0,5740.0,18000.0
2000-12-22,18000.0,17350.0,17500.0,18000.0,6460.0,18000.0
2000-12-26,19500.0,17500.0,17500.0,18900.0,7180.0,18900.0
2001-01-02,20000.0,17000.0,18900.0,18800.0,5080.0,18800.0
2001-01-03,18750.0,17550.0,18750.0,17750.0,5880.0,17750.0
2001-01-04,20150.0,18150.0,18850.0,19800.0,22480.0,19800.0
2001-01-05,21250.0,19000.0,20500.0,19500.0,21920.0,19500.0
2001-01-08,20450.0,18500.0,19750.0,18500.0,36460.0,18500.0
2001-01-09,19150.0,18300.0,19000.0,18900.0,18220.0,18900.0
2001-01-10,19050.0,17750.0,19050.0,18000.0,16040.0,18000.0
2001-01-11,18350.0,17550.0,18350.0,17850.0,7500.0,17850.0
2001-01-12,18650.0,17900.0,18100.0,18250.0,12880.0,18250.0
2001-01-15,18550.0,17825.0,18000.0,18150.0,9440.0,18150.0
2001-01-16,18175.0,17800.0,18025.0,17975.0,5300.0,17975.0
2001-01-17,18050.0,17500.0,18000.0,17600.0,8300.0,17600.0
2001-01-18,17950.0,17500.0,17500.0,17575.0,3980.0,17575.0
2001-01-19,18200.0,17650.0,17925.0,17975.0,3340.0,17975.0
2001-01-22,19900.0,17675.0,17700.0,19200.0,16200.0,19200.0
2001-01-26,20000.0,18600.0,19700.0,18625.0,11340.0,18625.0
2001-01-29,19050.0,18125.0,18125.0,18875.0,6160.0,18875.0
2001-01-30,19500.0,18750.0,19250.0,18775.0,8340.0,18775.0
2001-01-31,19200.0,18550.0,18775.0,18750.0,10200.0,18750.0
2001-02-01,18925.0,18350.0,18500.0,18725.0,3800.0,18725.0
2001-02-02,18700.0,18400.0,18700.0,18500.0,1740.0,18500.0
2001-02-05,18250.0,17300.0,18250.0,17450.0,29520.0,17450.0
2001-02-06,17550.0,17250.0,17500.0,17500.0,8940.0,17500.0
2001-02-07,17875.0,17300.0,17500.0,17350.0,3280.0,17350.0
2001-02-08,17750.0,17125.0,17125.0,17350.0,3460.0,17350.0
2001-02-09,17600.0,17100.0,17600.0,17500.0,1660.0,17500.0
2001-02-12,17650.0,17250.0,17250.0,17600.0,10120.0,17600.0
2001-02-13,17750.0,17325.0,17650.0,17525.0,10720.0,17525.0
2001-02-14,17800.0,17525.0,17550.0,17800.0,8640.0,17800.0
2001-02-15,17950.0,17350.0,17525.0,17500.0,10560.0,17500.0
2001-02-16,17625.0,17100.0,17500.0,17250.0,7540.0,17250.0
2001-02-19,17350.0,17100.0,17250.0,17100.0,6240.0,17100.0
2001-02-20,17400.0,17125.0,17250.0,17250.0,4480.0,17250.0
2001-02-21,17375.0,17225.0,17250.0,17275.0,7400.0,17275.0
2001-02-22,17400.0,17000.0,17250.0,17050.0,6700.0,17050.0
2001-02-23,17475.0,17050.0,17250.0,17325.0,10280.0,17325.0
2001-02-26,17950.0,17350.0,17375.0,17725.0,7220.0,17725.0
2001-02-27,17850.0,17400.0,17700.0,17400.0,8520.0,17400.0
2001-02-28,17475.0,17150.0,17300.0,17300.0,3260.0,17300.0
2001-03-02,17250.0,16625.0,17200.0,16750.0,5260.0,16750.0
2001-03-05,16500.0,15750.0,16500.0,16000.0,5600.0,16000.0
2001-03-06,16400.0,16150.0,16375.0,16350.0,3620.0,16350.0
2001-03-07,16600.0,16200.0,16475.0,16425.0,5360.0,16425.0
2001-03-08,16750.0,16300.0,16450.0,16375.0,4140.0,16375.0
2001-03-09,16600.0,16250.0,16350.0,16375.0,2760.0,16375.0
2001-03-12,16375.0,15825.0,16375.0,15950.0,4080.0,15950.0
2001-03-13,15400.0,15000.0,15250.0,15000.0,5980.0,15000.0
2001-03-15,15200.0,14500.0,14500.0,14950.0,3420.0,14950.0
2001-03-16,15700.0,15075.0,15150.0,15700.0,3100.0,15700.0
2001-03-19,16450.0,15750.0,16150.0,16075.0,6200.0,16075.0
2001-03-20,16125.0,15750.0,16100.0,15750.0,2940.0,15750.0
2001-03-21,16000.0,15575.0,16000.0,15900.0,2880.0,15900.0
2001-03-22,16250.0,15800.0,16250.0,15900.0,3680.0,15900.0
2001-03-23,16100.0,15875.0,15950.0,15875.0,1240.0,15875.0
2001-03-26,16500.0,15900.0,16000.0,16100.0,6520.0,16100.0
2001-03-27,16250.0,15750.0,16100.0,16000.0,2340.0,16000.0
2001-03-28,15975.0,15275.0,15975.0,15300.0,6920.0,15300.0
2001-03-29,15700.0,15150.0,15150.0,15500.0,2720.0,15500.0
2001-03-30,15550.0,14950.0,15000.0,15000.0,3120.0,15000.0
2001-04-02,15375.0,14950.0,15025.0,15050.0,1940.0,15050.0
2001-04-03,15050.0,14700.0,14950.0,14950.0,5540.0,14950.0
2001-04-04,15000.0,14625.0,14700.0,14775.0,1420.0,14775.0
2001-04-06,15000.0,14750.0,14950.0,14750.0,3000.0,14750.0
2001-04-09,14975.0,14750.0,14750.0,14900.0,1480.0,14900.0
2001-04-10,15400.0,14950.0,15000.0,15400.0,5860.0,15400.0
2001-04-11,16050.0,15500.0,15600.0,16000.0,7500.0,16000.0
2001-04-12,16300.0,15600.0,15600.0,16250.0,3700.0,16250.0
2001-04-13,16575.0,15850.0,16400.0,16200.0,1800.0,16200.0
2001-04-16,16725.0,16050.0,16200.0,16400.0,4660.0,16400.0
2001-04-17,16625.0,16250.0,16525.0,16400.0,3140.0,16400.0
2001-04-18,16900.0,16475.0,16475.0,16800.0,5340.0,16800.0
2001-04-19,18100.0,17000.0,17050.0,17975.0,20460.0,17975.0
2001-04-20,17975.0,17150.0,17975.0,17475.0,6740.0,17475.0
2001-04-23,17975.0,17100.0,17500.0,17475.0,3760.0,17475.0
2001-04-24,17250.0,16750.0,17250.0,16825.0,3480.0,16825.0
2001-04-25,16975.0,16525.0,16825.0,16750.0,2220.0,16750.0
2001-04-26,16975.0,16525.0,16825.0,16750.0,2220.0,16750.0
2001-04-27,17250.0,16800.0,17250.0,16800.0,1600.0,16800.0
2001-04-30,17150.0,16600.0,16600.0,17075.0,1480.0,17075.0
2001-05-02,17250.0,16800.0,16800.0,17000.0,5140.0,17000.0
2001-05-03,17500.0,16825.0,17000.0,17500.0,4260.0,17500.0
2001-05-04,18150.0,17050.0,17550.0,17700.0,3500.0,17700.0
2001-05-07,18100.0,17650.0,17850.0,18000.0,2340.0,18000.0
2001-05-08,18000.0,17650.0,18000.0,17700.0,3020.0,17700.0
2001-05-09,18050.0,17600.0,17625.0,17650.0,2180.0,17650.0
2001-05-10,17950.0,17625.0,17650.0,17800.0,1400.0,17800.0
2001-05-11,17950.0,17550.0,17550.0,17875.0,540.0,17875.0
2001-05-14,18150.0,17800.0,17875.0,18000.0,4920.0,18000.0
2001-05-15,18050.0,17675.0,17750.0,17950.0,2020.0,17950.0
2001-05-16,18225.0,17575.0,17575.0,17950.0,2680.0,17950.0
2001-05-17,18500.0,18000.0,18000.0,18050.0,3200.0,18050.0
2001-05-18,18150.0,17825.0,18050.0,18050.0,2740.0,18050.0
2001-05-21,19500.0,18200.0,18250.0,18975.0,8520.0,18975.0
2001-05-22,19250.0,18425.0,18950.0,18650.0,4360.0,18650.0
2001-05-23,20500.0,18750.0,19200.0,20500.0,10660.0,20500.0
2001-05-24,21250.0,19500.0,20000.0,20550.0,16740.0,20550.0
2001-05-25,21000.0,20400.0,20800.0,21000.0,11640.0,21000.0
2001-05-28,20850.0,20300.0,20575.0,20400.0,2460.0,20400.0
2001-05-29,20775.0,20050.0,20050.0,20750.0,4100.0,20750.0
2001-05-30,20850.0,20250.0,20800.0,20500.0,3800.0,20500.0
2001-05-31,20500.0,19800.0,20250.0,20000.0,5820.0,20000.0
2001-06-01,20750.0,19300.0,19300.0,20450.0,3900.0,20450.0
2001-06-04,21100.0,20075.0,20075.0,21000.0,6600.0,21000.0
2001-06-05,21750.0,21000.0,21000.0,21750.0,8920.0,21750.0
2001-06-07,21975.0,21000.0,21975.0,21250.0,3560.0,21250.0
2001-06-08,21600.0,21050.0,21600.0,21350.0,3220.0,21350.0
2001-06-11,22850.0,21250.0,21700.0,22500.0,7000.0,22500.0
2001-06-12,23000.0,21600.0,21600.0,22750.0,3480.0,22750.0
2001-06-13,23100.0,22275.0,23100.0,22700.0,3300.0,22700.0
2001-06-14,23450.0,22150.0,22700.0,23450.0,3640.0,23450.0
2001-06-15,24600.0,22500.0,23000.0,24500.0,22500.0,24500.0
2001-06-18,24700.0,24000.0,24450.0,24625.0,3840.0,24625.0
2001-06-19,24750.0,24150.0,24600.0,24600.0,3920.0,24600.0
2001-06-20,24600.0,23550.0,24600.0,23900.0,3200.0,23900.0
2001-06-21,24100.0,22150.0,22150.0,23475.0,2600.0,23475.0
2001-06-22,24100.0,23000.0,23400.0,23600.0,7200.0,23600.0
2001-06-25,23500.0,23125.0,23250.0,23125.0,2600.0,23125.0
2001-06-26,23150.0,21850.0,23125.0,21900.0,3920.0,21900.0
2001-06-27,22350.0,21000.0,21400.0,21100.0,5100.0,21100.0
2001-06-28,21950.0,21025.0,21500.0,21025.0,1540.0,21025.0
2001-06-29,21850.0,20300.0,20300.0,21800.0,2380.0,21800.0
2001-07-02,22225.0,21625.0,21800.0,21625.0,1540.0,21625.0
2001-07-03,21900.0,21300.0,21850.0,21375.0,1780.0,21375.0
2001-07-04,21675.0,21025.0,21025.0,21475.0,1440.0,21475.0
2001-07-05,21750.0,21050.0,21050.0,21600.0,660.0,21600.0
2001-07-06,21950.0,21050.0,21050.0,21500.0,2860.0,21500.0
2001-07-09,21750.0,21000.0,21500.0,21500.0,6520.0,21500.0
2001-07-10,21975.0,21050.0,21750.0,21275.0,1240.0,21275.0
2001-07-11,21450.0,20600.0,21300.0,21450.0,2360.0,21450.0
2001-07-12,21750.0,21400.0,21650.0,21750.0,1700.0,21750.0
2001-07-13,22400.0,21750.0,21750.0,22025.0,4340.0,22025.0
2001-07-16,22900.0,21500.0,22050.0,21500.0,3100.0,21500.0
2001-07-18,22100.0,21500.0,21500.0,22050.0,2880.0,22050.0
2001-07-19,22450.0,21650.0,22450.0,22350.0,1700.0,22350.0
2001-07-20,22550.0,22050.0,22050.0,22200.0,4380.0,22200.0
2001-07-23,24500.0,22250.0,23500.0,23500.0,10560.0,23500.0
2001-07-24,23500.0,22450.0,23500.0,23050.0,2420.0,23050.0
2001-07-25,23050.0,21750.0,22750.0,23050.0,3320.0,23050.0
2001-07-26,23650.0,23050.0,23050.0,23500.0,4980.0,23500.0
2001-07-27,25900.0,23900.0,24000.0,25100.0,10480.0,25100.0
2001-07-30,28850.0,25250.0,25250.0,28850.0,31580.0,28850.0
2001-07-31,30850.0,27250.0,29350.0,28450.0,33460.0,28450.0
2001-08-01,29400.0,28250.0,29000.0,29200.0,7500.0,29200.0
2001-08-02,29450.0,26050.0,29450.0,26500.0,12560.0,26500.0
2001-08-03,26800.0,25650.0,26800.0,26150.0,5880.0,26150.0
2001-08-06,27050.0,25800.0,26150.0,26700.0,5440.0,26700.0
2001-08-07,26850.0,25250.0,26850.0,26350.0,4040.0,26350.0
2001-08-08,29700.0,26050.0,26050.0,29700.0,4560.0,29700.0
2001-08-09,28850.0,27350.0,28000.0,28000.0,6100.0,28000.0
2001-08-10,28750.0,28000.0,28450.0,28000.0,3580.0,28000.0
2001-08-13,29500.0,27550.0,27550.0,28500.0,3180.0,28500.0
2001-08-14,30850.0,28650.0,28850.0,30500.0,10860.0,30500.0
2001-08-16,32800.0,30500.0,31500.0,32000.0,14160.0,32000.0
2001-08-17,36000.0,33000.0,34050.0,34000.0,24120.0,34000.0
2001-08-20,36300.0,31550.0,33500.0,34550.0,12320.0,34550.0
2001-08-21,35750.0,33750.0,35000.0,34500.0,9920.0,34500.0
2001-08-22,35000.0,33000.0,33000.0,33900.0,11260.0,33900.0
2001-08-23,34400.0,33100.0,33500.0,33250.0,6300.0,33250.0
2001-08-24,33250.0,31000.0,33250.0,32000.0,6240.0,32000.0
2001-08-27,33850.0,32100.0,32100.0,32400.0,5400.0,32400.0
2001-08-28,33500.0,32250.0,32250.0,33000.0,3880.0,33000.0
2001-08-29,33500.0,32100.0,33000.0,32150.0,7200.0,32150.0
2001-08-30,34500.0,30750.0,32100.0,33250.0,7140.0,33250.0
2001-08-31,33500.0,31000.0,33050.0,31500.0,4720.0,31500.0
2001-09-03,31950.0,30550.0,31950.0,31650.0,4000.0,31650.0
2001-09-04,33000.0,31650.0,31650.0,32400.0,7120.0,32400.0
2001-09-05,32850.0,31750.0,32500.0,31850.0,5520.0,31850.0
2001-09-06,32500.0,31500.0,32500.0,32000.0,5080.0,32000.0
2001-09-07,31950.0,31000.0,31550.0,31250.0,6000.0,31250.0
2001-09-10,31700.0,30750.0,30750.0,30800.0,5680.0,30800.0
2001-09-11,32200.0,30850.0,31350.0,31250.0,5260.0,31250.0
2001-09-12,28500.0,26600.0,26600.0,26600.0,8740.0,26600.0
2001-09-13,30000.0,26600.0,26600.0,28500.0,6220.0,28500.0
2001-09-14,28650.0,27000.0,28300.0,27050.0,4240.0,27050.0
2001-09-17,26950.0,25450.0,26100.0,25750.0,9840.0,25750.0
2001-09-18,28800.0,26500.0,26550.0,28500.0,7460.0,28500.0
2001-09-19,29950.0,27950.0,27950.0,28600.0,2500.0,28600.0
2001-09-20,29500.0,27600.0,29050.0,29200.0,2340.0,29200.0
2001-09-21,31600.0,27500.0,29000.0,30000.0,6040.0,30000.0
2001-09-25,30650.0,28750.0,30100.0,28750.0,4400.0,28750.0
2001-09-26,29500.0,28500.0,29000.0,29000.0,2300.0,29000.0
2001-09-27,29600.0,28100.0,28950.0,28850.0,1340.0,28850.0
2001-10-04,33500.0,30650.0,30650.0,33500.0,18760.0,33500.0
2001-10-05,33500.0,32250.0,33500.0,32300.0,7100.0,32300.0
2001-10-08,32750.0,31550.0,32050.0,32500.0,8480.0,32500.0
2001-10-09,32900.0,32000.0,32500.0,32700.0,4440.0,32700.0
2001-10-10,37550.0,33750.0,33750.0,34900.0,32400.0,34900.0
2001-10-11,36950.0,34900.0,36950.0,35200.0,8220.0,35200.0
2001-10-12,35500.0,34350.0,35000.0,35500.0,8800.0,35500.0
2001-10-15,36500.0,35500.0,35550.0,35850.0,10180.0,35850.0
2001-10-16,36250.0,35300.0,35550.0,36000.0,11680.0,36000.0
2001-10-17,36300.0,35700.0,36100.0,36000.0,7620.0,36000.0
2001-10-18,36250.0,35350.0,35500.0,35600.0,9700.0,35600.0
2001-10-19,37000.0,35650.0,35650.0,36100.0,6340.0,36100.0
2001-10-22,36600.0,35800.0,36050.0,36200.0,5160.0,36200.0
2001-10-23,37600.0,36250.0,36450.0,36550.0,7960.0,36550.0
2001-10-24,37050.0,35900.0,37050.0,36150.0,4820.0,36150.0
2001-10-25,36500.0,35900.0,36100.0,36250.0,5020.0,36250.0
2001-10-26,36450.0,35800.0,36450.0,35900.0,8920.0,35900.0
2001-10-29,36500.0,35900.0,35900.0,36300.0,11300.0,36300.0
2001-10-30,36100.0,35700.0,35950.0,35800.0,8880.0,35800.0
2001-10-31,36200.0,35600.0,35800.0,36150.0,3300.0,36150.0
2001-11-01,36500.0,36100.0,36500.0,36500.0,1680.0,36500.0
2001-11-02,36500.0,35850.0,36450.0,36050.0,3900.0,36050.0
2001-11-05,36950.0,36100.0,36100.0,36100.0,4120.0,36100.0
2001-11-06,36750.0,36250.0,36500.0,36500.0,4160.0,36500.0
2001-11-07,36750.0,36100.0,36250.0,36350.0,3460.0,36350.0
2001-11-08,39500.0,36350.0,36650.0,38000.0,7340.0,38000.0
2001-11-12,38950.0,38050.0,38950.0,38150.0,2560.0,38150.0
2001-11-13,38750.0,37800.0,38000.0,38750.0,3040.0,38750.0
2001-11-14,42000.0,38500.0,38500.0,41250.0,8860.0,41250.0
2001-11-15,42000.0,40100.0,41150.0,41000.0,6060.0,41000.0
2001-11-16,42750.0,41250.0,42000.0,42500.0,4820.0,42500.0
2001-11-19,48800.0,43000.0,43000.0,47000.0,10940.0,47000.0
2001-11-20,49000.0,47300.0,48750.0,48000.0,9840.0,48000.0
2001-11-21,48450.0,47000.0,47300.0,48250.0,3820.0,48250.0
2001-11-22,52500.0,47550.0,48250.0,52500.0,7820.0,52500.0
2001-11-23,54500.0,50500.0,53250.0,52500.0,7680.0,52500.0
2001-11-26,56750.0,51000.0,51500.0,53250.0,16240.0,53250.0
2001-11-27,55000.0,51250.0,53250.0,52250.0,16440.0,52250.0
2001-11-28,52000.0,49000.0,52000.0,51000.0,15120.0,51000.0
2001-11-29,52750.0,49100.0,49100.0,52250.0,9580.0,52250.0
2001-11-30,55000.0,52250.0,53500.0,55000.0,8100.0,55000.0
2001-12-03,56000.0,53000.0,53750.0,55000.0,3560.0,55000.0
2001-12-04,51500.0,46750.0,47850.0,46750.0,74220.0,46750.0
2001-12-05,46750.0,41750.0,46100.0,44200.0,71620.0,44200.0
2001-12-06,47000.0,45000.0,47000.0,46000.0,18860.0,46000.0
2001-12-07,46150.0,44500.0,44500.0,45650.0,8580.0,45650.0
2001-12-10,48500.0,46000.0,46000.0,46050.0,18400.0,46050.0
2001-12-11,48500.0,46050.0,46050.0,48050.0,9180.0,48050.0
2001-12-12,48950.0,47500.0,48600.0,48950.0,7880.0,48950.0
2001-12-13,49750.0,48050.0,48050.0,49750.0,5300.0,49750.0
2001-12-14,49500.0,47250.0,49500.0,47500.0,5400.0,47500.0
2001-12-17,48000.0,46500.0,46500.0,48000.0,7940.0,48000.0
2001-12-18,49000.0,47250.0,48000.0,48750.0,10740.0,48750.0
2001-12-19,49100.0,47000.0,47000.0,49100.0,11340.0,49100.0
2001-12-20,49500.0,47800.0,48050.0,48500.0,3820.0,48500.0
2001-12-21,49950.0,47750.0,47750.0,48450.0,2540.0,48450.0
2001-12-24,49000.0,48250.0,48550.0,48250.0,11420.0,48250.0
2001-12-26,52500.0,48350.0,49000.0,52500.0,14340.0,52500.0
2001-12-27,50250.0,47300.0,47300.0,48550.0,1180.0,48550.0
2001-12-28,53250.0,48500.0,48500.0,52500.0,10860.0,52500.0
2002-01-02,51500.0,47050.0,47050.0,49600.0,3580.0,49600.0
2002-01-04,50500.0,48500.0,48500.0,49750.0,1940.0,49750.0
2002-01-07,49700.0,48050.0,49100.0,49000.0,2180.0,49000.0
2002-01-08,49000.0,48050.0,49000.0,48200.0,3840.0,48200.0
2002-01-09,48850.0,46050.0,48200.0,46500.0,5240.0,46500.0
2002-01-10,46500.0,44000.0,46050.0,44000.0,8960.0,44000.0
2002-01-11,48250.0,44500.0,44500.0,46500.0,13560.0,46500.0
2002-01-14,47500.0,45500.0,46500.0,46050.0,1280.0,46050.0
2002-01-15,47500.0,45050.0,47500.0,45300.0,1120.0,45300.0
2002-01-16,45650.0,44100.0,44100.0,45500.0,1140.0,45500.0
2002-01-17,50000.0,43500.0,45450.0,47250.0,7120.0,47250.0
2002-01-18,47800.0,45000.0,47800.0,45950.0,4500.0,45950.0
2002-01-21,47500.0,46000.0,47500.0,46500.0,2140.0,46500.0
2002-01-22,46650.0,45650.0,46000.0,46050.0,3480.0,46050.0
2002-01-23,52750.0,45650.0,46450.0,52750.0,25100.0,52750.0
2002-01-24,59500.0,53000.0,55000.0,55000.0,31920.0,55000.0
2002-01-25,58500.0,50500.0,53250.0,53500.0,15060.0,53500.0
2002-01-28,56500.0,52000.0,56500.0,53000.0,9660.0,53000.0
2002-01-29,56000.0,50750.0,52000.0,52500.0,20400.0,52500.0
2002-01-30,52500.0,50000.0,51000.0,50000.0,9040.0,50000.0
2002-02-01,51000.0,49150.0,49750.0,49150.0,3200.0,49150.0
2002-02-04,51500.0,42500.0,49250.0,45150.0,35560.0,45150.0
2002-02-05,46750.0,42000.0,42000.0,46500.0,2100.0,46500.0
2002-02-06,49500.0,45050.0,46250.0,47950.0,6140.0,47950.0
2002-02-07,49500.0,47350.0,47950.0,47350.0,4260.0,47350.0
2002-02-08,48000.0,46000.0,46000.0,47050.0,2160.0,47050.0
2002-02-14,48800.0,47350.0,47500.0,47950.0,2620.0,47950.0
2002-02-15,51250.0,48500.0,48500.0,50500.0,5720.0,50500.0
2002-02-18,52250.0,49500.0,51750.0,50500.0,6740.0,50500.0
2002-02-19,54750.0,50750.0,54750.0,52250.0,7220.0,52250.0
2002-02-20,53500.0,51000.0,51250.0,51250.0,4660.0,51250.0
2002-02-21,54500.0,51000.0,51000.0,54500.0,7680.0,54500.0
2002-02-22,54000.0,52250.0,54000.0,54000.0,5080.0,54000.0
2002-02-25,56500.0,54000.0,54000.0,56250.0,8200.0,56250.0
2002-02-26,57500.0,52750.0,56250.0,55000.0,10620.0,55000.0
2002-02-27,56500.0,55000.0,56500.0,55500.0,5540.0,55500.0
2002-02-28,57500.0,55250.0,57500.0,56250.0,6600.0,56250.0
2002-03-04,57500.0,52500.0,56500.0,55500.0,9140.0,55500.0
2002-03-05,56000.0,53500.0,55500.0,53500.0,6940.0,53500.0
2002-03-06,54250.0,52500.0,53500.0,53500.0,5300.0,53500.0
2002-03-07,54000.0,52500.0,52750.0,52500.0,3000.0,52500.0
2002-03-08,52500.0,50500.0,52500.0,51000.0,3400.0,51000.0
2002-03-11,51500.0,50250.0,50500.0,51500.0,4760.0,51500.0
2002-03-12,52500.0,51500.0,51500.0,52250.0,2900.0,52250.0
2002-03-13,53500.0,50000.0,50000.0,52000.0,3720.0,52000.0
2002-03-14,53000.0,51000.0,53000.0,52250.0,3780.0,52250.0
2002-03-15,56500.0,52250.0,52500.0,55000.0,12040.0,55000.0
2002-03-18,58750.0,56250.0,56500.0,58750.0,15040.0,58750.0
2002-03-19,63000.0,58750.0,59500.0,62750.0,25260.0,62750.0
2002-03-20,67500.0,61250.0,62750.0,64750.0,13580.0,64750.0
2002-03-21,72250.0,62500.0,64750.0,70500.0,21760.0,70500.0
2002-03-22,73750.0,68000.0,71000.0,69000.0,13600.0,69000.0
2002-03-25,72500.0,67500.0,70500.0,67500.0,11580.0,67500.0
2002-03-26,70500.0,64500.0,67500.0,64500.0,9860.0,64500.0
2002-03-27,67500.0,63500.0,67500.0,64250.0,6160.0,64250.0
2002-03-28,67250.0,65000.0,66000.0,65500.0,9040.0,65500.0
2002-03-29,66500.0,64500.0,65000.0,65500.0,3540.0,65500.0
2002-04-01,66500.0,63500.0,65750.0,63750.0,3640.0,63750.0
2002-04-02,67250.0,63750.0,63750.0,67000.0,4280.0,67000.0
2002-04-03,69000.0,65250.0,69000.0,67000.0,6100.0,67000.0
2002-04-04,68250.0,66250.0,66250.0,68000.0,4980.0,68000.0
2002-04-08,71000.0,67250.0,69000.0,68000.0,7180.0,68000.0
2002-04-09,69750.0,66000.0,68000.0,68500.0,3300.0,68500.0
2002-04-10,68000.0,63500.0,68000.0,65250.0,5720.0,65250.0
2002-04-11,68500.0,65250.0,65500.0,65750.0,7140.0,65750.0
2002-04-12,68250.0,65000.0,65500.0,68000.0,3800.0,68000.0
2002-04-15,77500.0,68500.0,68500.0,76500.0,26180.0,76500.0
2002-04-16,84000.0,74250.0,78000.0,80000.0,28320.0,80000.0
2002-04-17,82500.0,77500.0,81000.0,78500.0,15620.0,78500.0
2002-04-18,80500.0,76500.0,78500.0,79250.0,5340.0,79250.0
2002-04-19,80500.0,75000.0,80250.0,76000.0,6220.0,76000.0
2002-04-22,77500.0,71000.0,74250.0,73250.0,6880.0,73250.0
2002-04-23,73000.0,70750.0,73000.0,71250.0,3740.0,71250.0
2002-04-24,73500.0,70000.0,71250.0,72250.0,6980.0,72250.0
2002-04-25,72250.0,67500.0,72250.0,70000.0,8940.0,70000.0
2002-04-26,72000.0,67500.0,67500.0,71000.0,2260.0,71000.0
2002-04-29,69000.0,66750.0,68750.0,66750.0,5000.0,66750.0
2002-04-30,68000.0,66250.0,67500.0,67250.0,2700.0,67250.0
2002-05-02,70000.0,66250.0,66250.0,69500.0,2560.0,69500.0
2002-05-03,70250.0,68000.0,69500.0,69750.0,2280.0,69750.0
2002-05-06,70250.0,66000.0,68500.0,66000.0,3720.0,66000.0
2002-05-07,66750.0,64500.0,65000.0,65750.0,1800.0,65750.0
2002-05-08,68000.0,65250.0,65250.0,66500.0,3120.0,66500.0
2002-05-09,69000.0,65500.0,69000.0,65500.0,3860.0,65500.0
2002-05-10,67500.0,65500.0,66500.0,66250.0,2500.0,66250.0
2002-05-13,67750.0,65000.0,67750.0,66750.0,2580.0,66750.0
2002-05-14,67500.0,65500.0,65500.0,66750.0,1880.0,66750.0
2002-05-15,67500.0,65000.0,66750.0,66000.0,3460.0,66000.0
2002-05-16,67000.0,65000.0,65000.0,66000.0,2860.0,66000.0
2002-05-17,67500.0,65500.0,65500.0,66750.0,2300.0,66750.0
2002-05-20,67500.0,65500.0,65500.0,66000.0,3640.0,66000.0
2002-05-21,66000.0,63500.0,65000.0,64000.0,3260.0,64000.0
2002-05-22,65000.0,62500.0,62500.0,64500.0,2820.0,64500.0
2002-05-23,64000.0,60250.0,60250.0,64000.0,3820.0,64000.0
2002-05-24,64750.0,63250.0,64000.0,64500.0,1420.0,64500.0
2002-05-27,65500.0,61000.0,64000.0,61750.0,1960.0,61750.0
2002-05-28,62750.0,60000.0,61750.0,60500.0,1800.0,60500.0
2002-05-29,60500.0,56000.0,59250.0,57500.0,2840.0,57500.0
2002-05-30,60000.0,56000.0,56000.0,58750.0,1960.0,58750.0
2002-05-31,59250.0,55000.0,58750.0,55500.0,1300.0,55500.0
2002-06-03,57500.0,52000.0,57500.0,55000.0,1820.0,55000.0
2002-06-04,55000.0,52000.0,54000.0,53500.0,1720.0,53500.0
2002-06-05,60750.0,53500.0,53500.0,56500.0,3040.0,56500.0
2002-06-07,56000.0,54000.0,54750.0,54500.0,1040.0,54500.0
2002-06-10,56500.0,54500.0,55000.0,55250.0,700.0,55250.0
2002-06-11,57500.0,55250.0,57500.0,55250.0,940.0,55250.0
2002-06-12,58250.0,55000.0,57250.0,56500.0,2400.0,56500.0
2002-06-14,59750.0,57500.0,57500.0,59250.0,2600.0,59250.0
2002-06-17,63500.0,60000.0,60750.0,62500.0,3520.0,62500.0
2002-06-18,63000.0,60500.0,61500.0,62500.0,2780.0,62500.0
2002-06-19,62750.0,55500.0,61500.0,62500.0,3300.0,62500.0
2002-06-20,65000.0,60500.0,62500.0,64500.0,5260.0,64500.0
2002-06-21,67250.0,63000.0,63000.0,66000.0,3860.0,66000.0
2002-06-24,69750.0,66000.0,66750.0,67500.0,5140.0,67500.0
2002-06-25,69500.0,67500.0,69500.0,68750.0,5960.0,68750.0
2002-06-26,66250.0,61250.0,66250.0,61500.0,5260.0,61500.0
2002-06-27,64500.0,63000.0,64500.0,64000.0,3880.0,64000.0
2002-06-28,65000.0,62500.0,62500.0,64250.0,3180.0,64250.0
2002-07-02,66000.0,64000.0,64250.0,64250.0,9960.0,64250.0
2002-07-03,67000.0,64500.0,64500.0,66500.0,5400.0,66500.0
2002-07-04,67500.0,65000.0,66750.0,66500.0,6720.0,66500.0
2002-07-05,67750.0,66500.0,66750.0,66750.0,10460.0,66750.0
2002-07-08,68250.0,67250.0,67250.0,67750.0,13680.0,67750.0
2002-07-09,70500.0,68000.0,68000.0,70000.0,5640.0,70000.0
2002-07-10,71500.0,70250.0,70500.0,70750.0,3380.0,70750.0
2002-07-11,69500.0,67250.0,67500.0,68250.0,2200.0,68250.0
2002-07-12,71500.0,68250.0,68500.0,71250.0,6900.0,71250.0
2002-07-15,72500.0,68750.0,71750.0,68750.0,10040.0,68750.0
2002-07-16,71250.0,68000.0,70750.0,68000.0,11580.0,68000.0
2002-07-18,70750.0,68750.0,68750.0,70250.0,10760.0,70250.0
2002-07-19,70500.0,62750.0,70250.0,67500.0,15120.0,67500.0
2002-07-22,67500.0,62500.0,67500.0,66000.0,23880.0,66000.0
2002-07-23,68000.0,64500.0,66000.0,67000.0,18020.0,67000.0
2002-07-24,68000.0,64500.0,67000.0,66000.0,13680.0,66000.0
2002-07-25,72500.0,67250.0,67250.0,70250.0,11780.0,70250.0
2002-07-26,73000.0,68000.0,70500.0,68250.0,9140.0,68250.0
2002-07-29,72000.0,69500.0,71000.0,72000.0,7280.0,72000.0
2002-07-30,75250.0,73500.0,74750.0,74750.0,9300.0,74750.0
2002-07-31,79750.0,74750.0,76500.0,74750.0,8280.0,74750.0
2002-08-01,75500.0,70000.0,74750.0,73500.0,8580.0,73500.0
2002-08-02,77000.0,73500.0,73500.0,74000.0,14060.0,74000.0
2002-08-05,72250.0,66000.0,72250.0,70000.0,3280.0,70000.0
2002-08-06,71500.0,65500.0,65500.0,68500.0,2900.0,68500.0
2002-08-07,71500.0,69000.0,69000.0,69250.0,1420.0,69250.0
2002-08-08,70000.0,67000.0,69750.0,67500.0,3960.0,67500.0
2002-08-09,69750.0,68000.0,69750.0,69750.0,1320.0,69750.0
2002-08-12,71250.0,69750.0,70000.0,69750.0,1280.0,69750.0
2002-08-13,72250.0,70000.0,71000.0,71000.0,4160.0,71000.0
2002-08-14,73500.0,69750.0,70250.0,70000.0,2200.0,70000.0
2002-08-16,72500.0,66000.0,70500.0,67000.0,4820.0,67000.0
2002-08-19,69000.0,66250.0,67500.0,66750.0,1860.0,66750.0
2002-08-20,68250.0,65500.0,65500.0,67500.0,1840.0,67500.0
2002-08-21,67750.0,66000.0,66000.0,66750.0,1220.0,66750.0
2002-08-22,67750.0,63750.0,67250.0,63750.0,6260.0,63750.0
2002-08-26,66250.0,64000.0,65500.0,66000.0,1580.0,66000.0
2002-08-27,66500.0,64750.0,66500.0,64750.0,1360.0,64750.0
2002-08-28,65500.0,64000.0,64000.0,64500.0,2760.0,64500.0
2002-08-29,65000.0,63500.0,63500.0,64000.0,1200.0,64000.0
2002-08-30,66000.0,63500.0,64500.0,66000.0,1820.0,66000.0
2002-09-02,72500.0,68000.0,68000.0,72500.0,10680.0,72500.0
2002-09-03,74500.0,69750.0,74000.0,70250.0,4180.0,70250.0
2002-09-04,80500.0,71500.0,72500.0,78750.0,51180.0,78750.0
2002-09-05,85000.0,79500.0,80250.0,80000.0,28940.0,80000.0
2002-09-06,81500.0,77000.0,78500.0,77000.0,20100.0,77000.0
2002-09-09,78500.0,70000.0,77500.0,72000.0,14860.0,72000.0
2002-09-10,73500.0,68500.0,70750.0,73500.0,13820.0,73500.0
2002-09-11,75000.0,71250.0,75000.0,72000.0,6880.0,72000.0
2002-09-12,73000.0,71500.0,72500.0,73000.0,9900.0,73000.0
2002-09-13,75500.0,73000.0,73000.0,73250.0,9940.0,73250.0
2002-09-16,76750.0,73500.0,76750.0,74250.0,8200.0,74250.0
2002-09-17,76000.0,74250.0,75500.0,75000.0,8800.0,75000.0
2002-09-18,75500.0,73000.0,75000.0,74750.0,9500.0,74750.0
2002-09-19,76000.0,74000.0,74750.0,75500.0,7940.0,75500.0
2002-09-23,74500.0,72500.0,73000.0,73750.0,3720.0,73750.0
2002-09-24,73750.0,72000.0,73750.0,73000.0,6800.0,73000.0
2002-09-25,73000.0,69000.0,73000.0,71250.0,7880.0,71250.0
2002-09-26,72500.0,70000.0,72500.0,71500.0,6100.0,71500.0
2002-09-27,73000.0,71750.0,72500.0,72750.0,6040.0,72750.0
2002-09-30,73000.0,69000.0,72750.0,69750.0,6800.0,69750.0
2002-10-01,71500.0,69750.0,69750.0,71500.0,3180.0,71500.0
2002-10-02,73500.0,71750.0,73000.0,71750.0,3160.0,71750.0
2002-10-04,73000.0,70750.0,71750.0,72000.0,6520.0,72000.0
2002-10-07,72000.0,69750.0,72000.0,71250.0,7180.0,71250.0
2002-10-08,71500.0,70000.0,71250.0,71250.0,8080.0,71250.0
2002-10-09,71500.0,69000.0,71250.0,70750.0,4700.0,70750.0
2002-10-10,70000.0,61500.0,68000.0,61500.0,2220.0,61500.0
2002-10-11,66500.0,62750.0,65000.0,63000.0,2040.0,63000.0
2002-10-14,67000.0,64250.0,67000.0,65750.0,380.0,65750.0
2002-10-15,68000.0,64000.0,68000.0,66000.0,820.0,66000.0
2002-10-16,68500.0,65250.0,67000.0,65250.0,1340.0,65250.0
2002-10-17,66750.0,64250.0,65500.0,66500.0,2240.0,66500.0
2002-10-18,68750.0,66500.0,67000.0,67500.0,1800.0,67500.0
2002-10-21,67500.0,65000.0,66500.0,67250.0,440.0,67250.0
2002-10-22,67500.0,66000.0,67500.0,66000.0,920.0,66000.0
2002-10-23,68500.0,64500.0,67250.0,67500.0,1200.0,67500.0
2002-10-24,69000.0,66000.0,67500.0,67250.0,1040.0,67250.0
2002-10-25,69000.0,66500.0,68250.0,67250.0,560.0,67250.0
2002-10-28,68250.0,66000.0,67500.0,68000.0,660.0,68000.0
2002-10-29,69500.0,66750.0,68000.0,68250.0,840.0,68250.0
2002-10-30,70000.0,67000.0,69500.0,68000.0,1100.0,68000.0
2002-10-31,69750.0,67000.0,67000.0,67250.0,980.0,67250.0
2002-11-01,68500.0,66000.0,66500.0,67750.0,680.0,67750.0
2002-11-04,71500.0,68750.0,68750.0,71000.0,1660.0,71000.0
2002-11-05,70000.0,68000.0,70000.0,68500.0,1060.0,68500.0
2002-11-06,71500.0,68500.0,68500.0,69500.0,1880.0,69500.0
2002-11-07,70750.0,68000.0,69500.0,69250.0,880.0,69250.0
2002-11-08,70500.0,68000.0,70500.0,68000.0,860.0,68000.0
2002-11-11,69500.0,66500.0,69500.0,66500.0,760.0,66500.0
2002-11-12,68500.0,65250.0,67500.0,66250.0,1220.0,66250.0
2002-11-13,67250.0,65500.0,67000.0,67000.0,1860.0,67000.0
2002-11-14,68500.0,66000.0,67000.0,68500.0,1360.0,68500.0
2002-11-15,69500.0,67500.0,68000.0,67500.0,1100.0,67500.0
2002-11-18,69500.0,66750.0,69250.0,67500.0,880.0,67500.0
2002-11-19,69000.0,66250.0,69000.0,67250.0,620.0,67250.0
2002-11-20,70000.0,66500.0,66750.0,69000.0,1500.0,69000.0
2002-11-21,70750.0,68500.0,69750.0,69000.0,1880.0,69000.0
2002-11-22,71250.0,68250.0,68250.0,68750.0,1140.0,68750.0
2002-11-25,71000.0,69500.0,69500.0,70000.0,1440.0,70000.0
2002-11-26,69000.0,68000.0,68250.0,68250.0,1220.0,68250.0
2002-11-27,69000.0,67250.0,68250.0,67750.0,820.0,67750.0
2002-11-28,70000.0,68000.0,68250.0,68500.0,3520.0,68500.0
2002-11-29,69500.0,66250.0,68500.0,68500.0,2540.0,68500.0
2002-12-03,71000.0,68500.0,69000.0,71000.0,2560.0,71000.0
2002-12-04,71000.0,68750.0,71000.0,70000.0,1600.0,70000.0
2002-12-05,75000.0,69500.0,69500.0,71000.0,2540.0,71000.0
2002-12-06,71000.0,69000.0,69500.0,69250.0,1080.0,69250.0
2002-12-09,71000.0,68750.0,70750.0,68750.0,1120.0,68750.0
2002-12-10,70250.0,67500.0,68750.0,69000.0,320.0,69000.0
2002-12-11,69250.0,67500.0,68500.0,67750.0,1060.0,67750.0
2002-12-12,70000.0,67500.0,69000.0,68000.0,2620.0,68000.0
2002-12-13,69000.0,67500.0,68000.0,67500.0,1740.0,67500.0
2002-12-16,69000.0,66500.0,67000.0,67500.0,1860.0,67500.0
2002-12-17,68750.0,67500.0,68000.0,68750.0,400.0,68750.0
2002-12-18,69000.0,67500.0,69000.0,68000.0,520.0,68000.0
2002-12-20,69500.0,67000.0,67000.0,69000.0,880.0,69000.0
2002-12-23,70000.0,68000.0,70000.0,69000.0,1620.0,69000.0
2002-12-24,69750.0,67500.0,69250.0,69000.0,1040.0,69000.0
2002-12-26,69250.0,67500.0,69000.0,69000.0,2320.0,69000.0
2002-12-27,67500.0,63500.0,67500.0,64500.0,860.0,64500.0
2002-12-30,64750.0,57750.0,64500.0,61000.0,1040.0,61000.0
2003-01-02,62250.0,58500.0,61000.0,59500.0,860.0,59500.0
2003-01-03,61000.0,59000.0,59500.0,59000.0,1720.0,59000.0
2003-01-06,60500.0,59000.0,59000.0,60500.0,640.0,60500.0
2003-01-07,61750.0,59500.0,60000.0,59500.0,1080.0,59500.0
2003-01-08,61750.0,58000.0,58000.0,60250.0,660.0,60250.0
2003-01-09,65000.0,62750.0,63000.0,62750.0,3660.0,62750.0
2003-01-10,65000.0,63250.0,65000.0,64250.0,1380.0,64250.0
2003-01-13,67250.0,64500.0,64750.0,67250.0,2020.0,67250.0
2003-01-14,67750.0,65250.0,67750.0,67500.0,760.0,67500.0
2003-01-15,69500.0,67500.0,68750.0,67500.0,880.0,67500.0
2003-01-16,68500.0,67250.0,67500.0,68000.0,3300.0,68000.0
2003-01-17,68000.0,66500.0,68000.0,67000.0,4280.0,67000.0
2003-01-20,67500.0,67000.0,67000.0,67000.0,3220.0,67000.0
2003-01-21,69000.0,66000.0,69000.0,67000.0,4660.0,67000.0
2003-01-22,67500.0,65500.0,67000.0,66500.0,4280.0,66500.0
2003-01-23,67250.0,65000.0,66500.0,67000.0,5100.0,67000.0
2003-01-24,67000.0,65250.0,67000.0,66000.0,4780.0,66000.0
2003-01-27,67000.0,64000.0,66000.0,65500.0,5640.0,65500.0
2003-01-28,65750.0,64000.0,65500.0,64000.0,4580.0,64000.0
2003-01-29,64750.0,64000.0,64000.0,64500.0,1100.0,64500.0
2003-01-30,65000.0,64500.0,64500.0,65000.0,900.0,65000.0
2003-02-03,65000.0,63500.0,63500.0,64000.0,160.0,64000.0
2003-02-04,65000.0,64000.0,64000.0,65000.0,1040.0,65000.0
2003-02-05,66000.0,62250.0,65000.0,62250.0,2620.0,62250.0
2003-02-06,65750.0,63000.0,63000.0,64500.0,1340.0,64500.0
2003-02-07,66000.0,64500.0,65750.0,64500.0,1000.0,64500.0
2003-02-10,69250.0,64500.0,69250.0,64500.0,360.0,64500.0
2003-02-11,67000.0,64500.0,64750.0,64500.0,300.0,64500.0
2003-02-12,66500.0,63500.0,66500.0,64250.0,1180.0,64250.0
2003-02-13,72000.0,64250.0,66000.0,72000.0,1720.0,72000.0
2003-02-14,69500.0,63500.0,69500.0,65500.0,720.0,65500.0
2003-02-17,67500.0,65500.0,66250.0,65750.0,1060.0,65750.0
2003-02-18,68000.0,65750.0,67250.0,66250.0,1320.0,66250.0
2003-02-19,68500.0,66500.0,66500.0,68000.0,560.0,68000.0
2003-02-20,68000.0,65750.0,68000.0,65750.0,640.0,65750.0
2003-02-21,67250.0,65000.0,65500.0,66500.0,220.0,66500.0
2003-02-24,68000.0,65000.0,67000.0,66500.0,1180.0,66500.0
2003-02-25,67500.0,64500.0,67500.0,66500.0,540.0,66500.0
2003-02-26,66000.0,64250.0,64250.0,66000.0,420.0,66000.0
2003-02-27,66500.0,56750.0,66000.0,64750.0,1840.0,64750.0
2003-02-28,66000.0,63500.0,64000.0,63500.0,500.0,63500.0
2003-03-03,65000.0,63250.0,64750.0,64250.0,680.0,64250.0
2003-03-04,63750.0,61000.0,63500.0,63750.0,320.0,63750.0
2003-03-05,64500.0,61000.0,64500.0,62500.0,320.0,62500.0
2003-03-06,62000.0,59750.0,61500.0,61500.0,660.0,61500.0
2003-03-07,62000.0,57250.0,62000.0,58750.0,640.0,58750.0
2003-03-10,58750.0,55750.0,57000.0,57750.0,780.0,57750.0
2003-03-11,59000.0,55750.0,56000.0,59000.0,560.0,59000.0
2003-03-12,63250.0,58750.0,63250.0,60000.0,720.0,60000.0
2003-03-13,66000.0,58000.0,59000.0,66000.0,2240.0,66000.0
2003-03-14,65750.0,62000.0,65750.0,64500.0,640.0,64500.0
2003-03-17,65000.0,61500.0,65000.0,61500.0,580.0,61500.0
2003-03-18,65000.0,61750.0,63500.0,62250.0,680.0,62250.0
2003-03-19,64000.0,61000.0,61000.0,62250.0,1040.0,62250.0
2003-03-20,63750.0,61500.0,63500.0,63500.0,1360.0,63500.0
2003-03-21,64000.0,62500.0,62500.0,63000.0,740.0,63000.0
2003-03-24,64250.0,62500.0,62750.0,63000.0,1880.0,63000.0
2003-03-25,64000.0,61750.0,63000.0,64000.0,1120.0,64000.0
2003-03-26,66750.0,63000.0,63000.0,64750.0,3420.0,64750.0
2003-03-27,66000.0,63500.0,65000.0,64500.0,1560.0,64500.0
2003-03-28,66500.0,64000.0,66000.0,66500.0,2540.0,66500.0
2003-03-31,67500.0,65000.0,67500.0,65250.0,1460.0,65250.0
2003-04-01,67250.0,62750.0,67250.0,65000.0,3260.0,65000.0
2003-04-02,69250.0,64000.0,64000.0,69000.0,8900.0,69000.0
2003-04-03,73000.0,70000.0,70000.0,72500.0,11440.0,72500.0
2003-04-04,83250.0,72500.0,74000.0,79000.0,22020.0,79000.0
2003-04-07,82500.0,79000.0,82500.0,81000.0,5460.0,81000.0
2003-04-08,82000.0,78500.0,81500.0,82000.0,4900.0,82000.0
2003-04-09,94000.0,80000.0,81000.0,89000.0,8660.0,89000.0
2003-04-10,90250.0,86000.0,90250.0,86000.0,3580.0,86000.0
2003-04-11,87500.0,82500.0,85000.0,83250.0,3900.0,83250.0
2003-04-14,85500.0,83000.0,84250.0,85000.0,3180.0,85000.0
2003-04-15,87500.0,84000.0,87500.0,84000.0,2520.0,84000.0
2003-04-16,86250.0,83500.0,84250.0,85500.0,3220.0,85500.0
2003-04-17,86500.0,84000.0,85750.0,85000.0,2360.0,85000.0
2003-04-18,86500.0,85250.0,85500.0,86500.0,2620.0,86500.0
2003-04-21,87500.0,85500.0,87500.0,87500.0,2420.0,87500.0
2003-04-22,87750.0,86000.0,87750.0,86500.0,1640.0,86500.0
2003-04-23,92500.0,85500.0,87500.0,90000.0,7240.0,90000.0
2003-04-24,91000.0,87750.0,89000.0,89000.0,3420.0,89000.0
2003-04-25,90000.0,85000.0,90000.0,89000.0,2940.0,89000.0
2003-04-28,90000.0,86750.0,88250.0,90000.0,2720.0,90000.0
2003-04-29,92000.0,90000.0,90000.0,91750.0,2760.0,91750.0
2003-04-30,96000.0,91500.0,92250.0,95500.0,9620.0,95500.0
2003-05-02,99500.0,93500.0,97500.0,97250.0,4680.0,97250.0
2003-05-06,97250.0,93000.0,95500.0,97250.0,1660.0,97250.0
2003-05-07,105000.0,95250.0,95250.0,97250.0,6140.0,97250.0
2003-05-09,98750.0,97000.0,98000.0,97000.0,3760.0,97000.0
2003-05-12,99500.0,97000.0,97500.0,99000.0,2860.0,99000.0
2003-05-13,99500.0,95500.0,97000.0,97000.0,3320.0,97000.0
2003-05-14,97500.0,93000.0,95000.0,97000.0,1980.0,97000.0
2003-05-15,104500.0,94250.0,94250.0,104000.0,9540.0,104000.0
2003-05-16,106500.0,100500.0,101250.0,106500.0,5220.0,106500.0
2003-05-19,107250.0,103000.0,104000.0,105000.0,2700.0,105000.0
2003-05-20,109250.0,101250.0,101250.0,108000.0,5300.0,108000.0
2003-05-21,109500.0,105500.0,109500.0,109000.0,2900.0,109000.0
2003-05-22,111500.0,106500.0,106750.0,109500.0,3300.0,109500.0
2003-05-23,114500.0,109500.0,112500.0,112500.0,3020.0,112500.0
2003-05-26,115000.0,110000.0,114750.0,112250.0,1660.0,112250.0
2003-05-27,113250.0,109000.0,110750.0,112000.0,1620.0,112000.0
2003-05-28,115000.0,110000.0,111750.0,112500.0,2460.0,112500.0
2003-05-29,113500.0,107500.0,111250.0,110000.0,2460.0,110000.0
2003-05-30,115000.0,107500.0,108250.0,115000.0,7340.0,115000.0
2003-06-02,120000.0,115500.0,117500.0,115500.0,3880.0,115500.0
2003-06-03,117500.0,112500.0,116000.0,112500.0,3520.0,112500.0
2003-06-04,115000.0,112500.0,114750.0,115000.0,800.0,115000.0
2003-06-05,117000.0,112500.0,115000.0,115000.0,2500.0,115000.0
2003-06-09,115000.0,113000.0,113000.0,113500.0,1240.0,113500.0
2003-06-10,116000.0,113000.0,113500.0,116000.0,1060.0,116000.0
2003-06-11,121000.0,115000.0,115250.0,121000.0,5400.0,121000.0
2003-06-12,127500.0,122000.0,122000.0,125000.0,15620.0,125000.0
2003-06-13,127500.0,125250.0,126250.0,125250.0,2400.0,125250.0
2003-06-16,128000.0,125000.0,127500.0,125000.0,1340.0,125000.0
2003-06-17,134500.0,125000.0,128000.0,134500.0,2620.0,134500.0
2003-06-18,135500.0,130750.0,132500.0,132500.0,1040.0,132500.0
2003-06-19,135000.0,129250.0,129750.0,132500.0,1340.0,132500.0
2003-06-20,133000.0,127500.0,130000.0,130000.0,1700.0,130000.0
2003-06-23,131750.0,127500.0,129000.0,129000.0,23260.0,129000.0
2003-06-24,132000.0,129000.0,131500.0,130500.0,3060.0,130500.0
2003-06-25,134000.0,130000.0,130500.0,131500.0,820.0,131500.0
2003-06-26,137500.0,130000.0,133250.0,136500.0,5340.0,136500.0
2003-06-27,144500.0,135500.0,144500.0,135750.0,2140.0,135750.0
2003-06-30,137500.0,133000.0,137250.0,137500.0,1560.0,137500.0
2003-07-01,136250.0,135000.0,135000.0,135500.0,1040.0,135500.0
2003-07-02,139000.0,135000.0,137500.0,136750.0,4440.0,136750.0
2003-07-03,137500.0,134000.0,137500.0,135000.0,5120.0,135000.0
2003-07-04,136000.0,132500.0,134000.0,133500.0,1120.0,133500.0
2003-07-07,135000.0,132500.0,134500.0,132500.0,1300.0,132500.0
2003-07-08,133000.0,127500.0,133000.0,129750.0,4000.0,129750.0
2003-07-09,131000.0,122000.0,131000.0,124250.0,3440.0,124250.0
2003-07-10,126500.0,122500.0,123250.0,124500.0,4240.0,124500.0
2003-07-11,127000.0,123500.0,127000.0,125000.0,1580.0,125000.0
2003-07-14,127000.0,122500.0,127000.0,125000.0,2320.0,125000.0
2003-07-15,126250.0,121500.0,123500.0,122750.0,2540.0,122750.0
2003-07-16,123500.0,120000.0,122750.0,120000.0,1880.0,120000.0
2003-07-18,118750.0,115000.0,118750.0,116500.0,1840.0,116500.0
2003-07-21,116250.0,110750.0,113250.0,112000.0,7440.0,112000.0
2003-07-22,115750.0,109750.0,109750.0,112500.0,1120.0,112500.0
2003-07-23,119750.0,112000.0,112000.0,118500.0,1720.0,118500.0
2003-07-24,120000.0,117500.0,118500.0,119000.0,860.0,119000.0
2003-07-25,120000.0,117500.0,117500.0,117750.0,1240.0,117750.0
2003-07-28,121500.0,117500.0,121250.0,119500.0,1260.0,119500.0
2003-07-29,122250.0,118500.0,121000.0,121500.0,2000.0,121500.0
2003-07-30,124500.0,120250.0,121500.0,124500.0,2640.0,124500.0
2003-07-31,129500.0,126000.0,126750.0,129250.0,4100.0,129250.0
2003-08-01,132250.0,127500.0,132250.0,129250.0,1400.0,129250.0
2003-08-04,129000.0,126500.0,127250.0,129000.0,4420.0,129000.0
2003-08-05,130500.0,129000.0,130000.0,129000.0,980.0,129000.0
2003-08-06,130500.0,129000.0,129000.0,130250.0,740.0,130250.0
2003-08-07,130750.0,129000.0,129750.0,129750.0,1020.0,129750.0
2003-08-08,128500.0,127000.0,128000.0,127750.0,720.0,127750.0
2003-08-11,132500.0,127500.0,127500.0,128250.0,2520.0,128250.0
2003-08-12,132500.0,126000.0,132500.0,126750.0,3040.0,126750.0
2003-08-13,129000.0,126000.0,129000.0,127250.0,1240.0,127250.0
2003-08-14,130000.0,125750.0,129000.0,130000.0,3340.0,130000.0
2003-08-18,132000.0,126750.0,130000.0,130000.0,2640.0,130000.0
2003-08-19,135000.0,127000.0,130500.0,132750.0,6700.0,132750.0
2003-08-20,135000.0,128750.0,134750.0,131500.0,4300.0,131500.0
2003-08-21,149500.0,131500.0,131500.0,143000.0,18680.0,143000.0
2003-08-22,143000.0,138500.0,140250.0,138500.0,3400.0,138500.0
2003-08-25,141500.0,135250.0,140500.0,137250.0,6940.0,137250.0
2003-08-26,139500.0,134500.0,135500.0,135000.0,2700.0,135000.0
2003-08-27,137500.0,135000.0,136000.0,136500.0,1280.0,136500.0
2003-08-28,139500.0,132500.0,138000.0,134500.0,2360.0,134500.0
2003-08-29,135000.0,132500.0,132500.0,134250.0,1340.0,134250.0
2003-09-01,134750.0,129500.0,134750.0,131000.0,2380.0,131000.0
2003-09-02,136750.0,129000.0,129000.0,136000.0,1540.0,136000.0
2003-09-03,136750.0,129500.0,132750.0,129500.0,3000.0,129500.0
2003-09-04,131000.0,126500.0,128000.0,128250.0,1260.0,128250.0
2003-09-05,131500.0,127500.0,127750.0,130000.0,1240.0,130000.0
2003-09-08,132500.0,128500.0,130500.0,128500.0,740.0,128500.0
2003-09-09,129250.0,124000.0,126000.0,124000.0,5060.0,124000.0
2003-09-15,137000.0,129250.0,137000.0,130500.0,4660.0,130500.0
2003-09-16,131500.0,127500.0,131500.0,130000.0,1320.0,130000.0
2003-09-17,130000.0,127500.0,128000.0,127750.0,900.0,127750.0
2003-09-18,131500.0,125500.0,125500.0,131500.0,1320.0,131500.0
2003-09-19,132000.0,130000.0,132000.0,130000.0,1160.0,130000.0
2003-09-22,132500.0,126250.0,127250.0,126500.0,1720.0,126500.0
2003-09-23,129000.0,126500.0,126500.0,128000.0,1420.0,128000.0
2003-09-24,130000.0,122500.0,130000.0,123250.0,1360.0,123250.0
2003-09-25,125000.0,120000.0,122500.0,122750.0,1480.0,122750.0
2003-09-26,124250.0,120250.0,122500.0,122500.0,1600.0,122500.0
2003-09-29,129500.0,120500.0,123750.0,129500.0,1280.0,129500.0
2003-09-30,130000.0,124500.0,127750.0,125000.0,2300.0,125000.0
2003-10-01,128500.0,124000.0,128500.0,125000.0,440.0,125000.0
2003-10-02,128750.0,122250.0,128750.0,122250.0,1800.0,122250.0
2003-10-06,122750.0,118500.0,122750.0,120500.0,1500.0,120500.0
2003-10-07,122000.0,120000.0,120750.0,120250.0,1300.0,120250.0
2003-10-08,121500.0,120000.0,121500.0,120000.0,220.0,120000.0
2003-10-09,123000.0,120000.0,120000.0,122000.0,2280.0,122000.0
2003-10-10,124250.0,120000.0,121000.0,124250.0,1300.0,124250.0
2003-10-13,128000.0,120750.0,122500.0,122750.0,920.0,122750.0
2003-10-14,126000.0,122500.0,122500.0,126000.0,880.0,126000.0
2003-10-15,127500.0,123750.0,127500.0,124750.0,2120.0,124750.0
2003-10-16,127500.0,122500.0,123500.0,127500.0,1720.0,127500.0
2003-10-17,131000.0,125750.0,126000.0,127250.0,1640.0,127250.0
2003-10-20,129250.0,126250.0,129000.0,129000.0,700.0,129000.0
2003-10-21,130500.0,126000.0,128750.0,130500.0,1660.0,130500.0
2003-10-22,131000.0,127000.0,127750.0,128750.0,1040.0,128750.0
2003-10-23,129000.0,124250.0,125750.0,125000.0,3000.0,125000.0
2003-10-24,132000.0,123000.0,132000.0,126750.0,720.0,126750.0
2003-10-27,132000.0,126750.0,130000.0,127500.0,1620.0,127500.0
2003-10-28,130000.0,122750.0,127250.0,130000.0,1780.0,130000.0
2003-10-29,131500.0,127500.0,127500.0,130000.0,1900.0,130000.0
2003-10-30,130500.0,128500.0,128500.0,130500.0,580.0,130500.0
2003-10-31,129500.0,127000.0,127250.0,127250.0,800.0,127250.0
2003-11-03,131500.0,125750.0,127500.0,131500.0,1700.0,131500.0
2003-11-04,130250.0,126500.0,130250.0,127250.0,1560.0,127250.0
2003-11-05,129500.0,125250.0,127500.0,127000.0,1400.0,127000.0
2003-11-06,128750.0,126000.0,126750.0,126000.0,840.0,126000.0
2003-11-07,129000.0,125500.0,127500.0,129000.0,1380.0,129000.0
2003-11-10,127000.0,125000.0,126750.0,125250.0,1640.0,125250.0
2003-11-11,128500.0,125250.0,125250.0,125500.0,800.0,125500.0
2003-11-12,129500.0,126000.0,126000.0,126500.0,540.0,126500.0
2003-11-13,128250.0,125500.0,125500.0,127250.0,1480.0,127250.0
2003-11-14,128750.0,126500.0,127250.0,127250.0,960.0,127250.0
2003-11-17,131500.0,127250.0,130000.0,130000.0,3800.0,130000.0
2003-11-18,131500.0,130000.0,130000.0,130000.0,2280.0,130000.0
2003-11-19,132000.0,126250.0,131250.0,129250.0,4460.0,129250.0
2003-11-20,131500.0,129500.0,130000.0,131500.0,2660.0,131500.0
2003-11-21,136000.0,131500.0,131500.0,131500.0,3120.0,131500.0
2003-11-24,133500.0,129000.0,131500.0,129500.0,4720.0,129500.0
2003-11-25,133000.0,128000.0,129500.0,128000.0,5060.0,128000.0
2003-11-26,129750.0,128000.0,128000.0,129500.0,4820.0,129500.0
2003-11-27,130000.0,128500.0,129500.0,130000.0,5540.0,130000.0
2003-11-28,136000.0,130000.0,130000.0,136000.0,6900.0,136000.0
2003-12-01,137500.0,135000.0,137500.0,136000.0,980.0,136000.0
2003-12-02,139500.0,136000.0,136500.0,139000.0,1380.0,139000.0
2003-12-03,147500.0,139000.0,140000.0,140000.0,2640.0,140000.0
2003-12-04,147500.0,137500.0,137500.0,147500.0,5460.0,147500.0
2003-12-05,150000.0,147500.0,148000.0,149000.0,2200.0,149000.0
2003-12-08,152000.0,142500.0,149000.0,152000.0,5800.0,152000.0
2003-12-09,152000.0,149250.0,152000.0,151750.0,280.0,151750.0
2003-12-10,151750.0,145000.0,151750.0,148000.0,6160.0,148000.0
2003-12-11,150000.0,139000.0,148000.0,139000.0,6460.0,139000.0
2003-12-12,147500.0,141500.0,141500.0,147500.0,3480.0,147500.0
2003-12-15,155000.0,147500.0,155000.0,153000.0,7140.0,153000.0
2003-12-16,152500.0,146500.0,146500.0,152500.0,1220.0,152500.0
2003-12-17,151250.0,146750.0,150000.0,149000.0,1400.0,149000.0
2003-12-18,154000.0,147000.0,151000.0,147000.0,480.0,147000.0
2003-12-19,152000.0,145500.0,149750.0,151500.0,2080.0,151500.0
2003-12-22,152000.0,148000.0,148000.0,149250.0,220.0,149250.0
2003-12-23,150500.0,146250.0,146250.0,146250.0,700.0,146250.0
2003-12-24,149250.0,143000.0,149000.0,143000.0,800.0,143000.0
2003-12-26,144500.0,139000.0,144250.0,143000.0,860.0,143000.0
2003-12-29,144500.0,135750.0,142000.0,141500.0,840.0,141500.0
2003-12-30,145000.0,139000.0,145000.0,141500.0,220.0,141500.0
2004-01-02,145000.0,139250.0,139750.0,139250.0,520.0,139250.0
2004-01-05,140750.0,136500.0,138250.0,137500.0,1100.0,137500.0
2004-01-06,142500.0,137500.0,137500.0,141500.0,1520.0,141500.0
2004-01-07,144000.0,138500.0,141500.0,142500.0,940.0,142500.0
2004-01-08,145000.0,140750.0,144000.0,142000.0,1140.0,142000.0
2004-01-09,146500.0,141000.0,142000.0,141000.0,860.0,141000.0
2004-01-12,140500.0,137750.0,138000.0,139750.0,1080.0,139750.0
2004-01-13,142250.0,137000.0,138000.0,138500.0,1180.0,138500.0
2004-01-14,142500.0,138750.0,142250.0,142500.0,820.0,142500.0
2004-01-15,140750.0,137750.0,138250.0,140000.0,940.0,140000.0
2004-01-16,144500.0,138750.0,144250.0,140500.0,520.0,140500.0
2004-01-19,144000.0,138750.0,138750.0,144000.0,1600.0,144000.0
2004-01-20,142500.0,138500.0,140000.0,139500.0,820.0,139500.0
2004-01-26,140000.0,137000.0,138000.0,138000.0,2480.0,138000.0
2004-01-27,140500.0,137750.0,138500.0,140500.0,1060.0,140500.0
2004-01-28,140500.0,138000.0,138000.0,140000.0,1720.0,140000.0
2004-01-29,142500.0,138000.0,138000.0,142500.0,440.0,142500.0
2004-01-30,142500.0,139250.0,142500.0,139250.0,480.0,139250.0
2004-02-02,145000.0,138250.0,145000.0,141750.0,400.0,141750.0
2004-02-03,145500.0,143000.0,143500.0,143000.0,800.0,143000.0
2004-02-04,146000.0,140750.0,143000.0,145000.0,900.0,145000.0
2004-02-05,149000.0,143250.0,147500.0,149000.0,840.0,149000.0
2004-02-06,147500.0,141000.0,145500.0,145500.0,1740.0,145500.0
2004-02-09,149000.0,142500.0,144000.0,142500.0,800.0,142500.0
2004-02-10,142500.0,140000.0,142500.0,142000.0,740.0,142000.0
2004-02-11,143250.0,139500.0,139500.0,140000.0,540.0,140000.0
2004-02-12,144500.0,138250.0,138250.0,144000.0,1080.0,144000.0
2004-02-13,147250.0,142000.0,147250.0,143250.0,640.0,143250.0
2004-02-16,147500.0,140250.0,141000.0,147500.0,420.0,147500.0
2004-02-17,148500.0,145000.0,148500.0,145000.0,680.0,145000.0
2004-02-18,146000.0,145000.0,145000.0,146000.0,2520.0,146000.0
2004-02-19,151000.0,145000.0,147750.0,148000.0,2760.0,148000.0
2004-02-20,147500.0,145000.0,145500.0,147500.0,1100.0,147500.0
2004-02-23,149500.0,145500.0,149500.0,147250.0,500.0,147250.0
2004-02-24,149000.0,145000.0,149000.0,145500.0,660.0,145500.0
2004-02-25,152500.0,145000.0,150000.0,146250.0,2020.0,146250.0
2004-02-26,147500.0,144500.0,145250.0,147000.0,2260.0,147000.0
2004-02-27,148000.0,145000.0,148000.0,147000.0,1380.0,147000.0
2004-03-02,147500.0,143250.0,145500.0,143250.0,700.0,143250.0
2004-03-03,144500.0,139500.0,141000.0,139500.0,640.0,139500.0
2004-03-04,144500.0,138500.0,138500.0,141000.0,1660.0,141000.0
2004-03-05,141250.0,138500.0,139000.0,141000.0,1680.0,141000.0
2004-03-08,146250.0,141000.0,141000.0,141250.0,680.0,141250.0
2004-03-09,145500.0,140250.0,140250.0,141500.0,620.0,141500.0
2004-03-10,146500.0,140000.0,146500.0,140000.0,1620.0,140000.0
2004-03-11,142500.0,137500.0,140500.0,138000.0,3600.0,138000.0
2004-03-12,144000.0,137500.0,141750.0,137750.0,1900.0,137750.0
2004-03-15,143500.0,137750.0,137750.0,142500.0,1380.0,142500.0
2004-03-16,146500.0,142750.0,145000.0,143000.0,3840.0,143000.0
2004-03-17,146000.0,143000.0,143000.0,145500.0,1040.0,145500.0
2004-03-18,144500.0,142250.0,143500.0,143250.0,1180.0,143250.0
2004-03-19,146000.0,142750.0,145000.0,145000.0,1440.0,145000.0
2004-03-22,146000.0,141500.0,141500.0,145500.0,1200.0,145500.0
2004-03-23,146000.0,140250.0,144500.0,145000.0,1600.0,145000.0
2004-03-24,144000.0,140000.0,141750.0,144000.0,1160.0,144000.0
2004-03-25,146000.0,140750.0,144000.0,144750.0,1400.0,144750.0
2004-03-26,149000.0,143000.0,143000.0,145000.0,1600.0,145000.0
2004-03-29,146000.0,143750.0,146000.0,144750.0,860.0,144750.0
2004-03-30,143250.0,141250.0,143000.0,142000.0,1020.0,142000.0
2004-03-31,142000.0,140250.0,142000.0,140750.0,1220.0,140750.0
2004-04-01,142500.0,139750.0,139750.0,142500.0,1040.0,142500.0
2004-04-02,145250.0,140250.0,140250.0,145000.0,520.0,145000.0
2004-04-06,145750.0,141750.0,145000.0,143750.0,2300.0,143750.0
2004-04-07,146000.0,142500.0,142750.0,145000.0,1800.0,145000.0
2004-04-08,149500.0,144000.0,144250.0,149500.0,2240.0,149500.0
2004-04-09,148500.0,145000.0,148500.0,145500.0,1780.0,145500.0
2004-04-12,149750.0,143000.0,143000.0,148000.0,2380.0,148000.0
2004-04-13,149000.0,146000.0,147500.0,148000.0,760.0,148000.0
2004-04-14,153000.0,143750.0,148000.0,150000.0,1540.0,150000.0
2004-04-16,147000.0,141500.0,147000.0,144500.0,2780.0,144500.0
2004-04-19,143750.0,141250.0,142250.0,143500.0,1920.0,143500.0
2004-04-20,148500.0,143250.0,143500.0,147500.0,580.0,147500.0
2004-04-21,151750.0,143750.0,151750.0,147500.0,820.0,147500.0
2004-04-22,150000.0,145000.0,146000.0,147500.0,2480.0,147500.0
2004-04-23,150000.0,145000.0,146000.0,146000.0,1400.0,146000.0
2004-04-26,146000.0,143500.0,145250.0,145000.0,45740.0,145000.0
2004-04-27,146000.0,143500.0,143500.0,145250.0,980.0,145250.0
2004-04-28,145500.0,141500.0,145500.0,143000.0,2600.0,143000.0
2004-04-29,149500.0,144000.0,144000.0,147250.0,2120.0,147250.0
2004-04-30,149000.0,144000.0,148500.0,145250.0,1680.0,145250.0
2004-05-03,147250.0,139000.0,143250.0,139000.0,1120.0,139000.0
2004-05-04,142500.0,140250.0,140500.0,140250.0,620.0,140250.0
2004-05-06,141500.0,135500.0,140000.0,140750.0,1780.0,140750.0
2004-05-07,146750.0,138500.0,146500.0,138500.0,1080.0,138500.0
2004-05-10,142000.0,126750.0,142000.0,128000.0,1120.0,128000.0
2004-05-11,135000.0,128000.0,134500.0,130500.0,1080.0,130500.0
2004-05-12,142000.0,128500.0,128500.0,131750.0,1140.0,131750.0
2004-05-13,141000.0,125500.0,141000.0,128500.0,3080.0,128500.0
2004-05-14,132000.0,126000.0,129000.0,127500.0,1960.0,127500.0
2004-05-17,137500.0,126250.0,137500.0,132500.0,1220.0,132500.0
2004-05-18,135000.0,127000.0,132500.0,130500.0,2440.0,130500.0
2004-05-19,132500.0,126750.0,132500.0,130250.0,2680.0,130250.0
2004-05-20,130750.0,127250.0,128000.0,129000.0,1400.0,129000.0
2004-05-21,132500.0,128750.0,132500.0,129500.0,740.0,129500.0
2004-05-24,131500.0,128250.0,128250.0,129250.0,920.0,129250.0
2004-05-25,128250.0,125250.0,127000.0,127000.0,900.0,127000.0
2004-05-27,132500.0,126750.0,130500.0,132500.0,1320.0,132500.0
2004-05-28,132500.0,128500.0,129500.0,132250.0,540.0,132250.0
2004-05-31,131000.0,125000.0,128750.0,128750.0,1220.0,128750.0
2004-06-01,130000.0,128000.0,129500.0,129250.0,740.0,129250.0
2004-06-02,129000.0,125500.0,126750.0,126250.0,1040.0,126250.0
2004-06-03,130000.0,123000.0,130000.0,125000.0,1200.0,125000.0
2004-06-04,126000.0,123000.0,123500.0,123000.0,820.0,123000.0
2004-06-07,125250.0,121500.0,121500.0,125250.0,1160.0,125250.0
2004-06-08,128500.0,120750.0,125250.0,120750.0,800.0,120750.0
2004-06-09,126000.0,120750.0,121500.0,120750.0,1380.0,120750.0
2004-06-10,125000.0,116750.0,123500.0,116750.0,4300.0,116750.0
2004-06-11,118500.0,111500.0,118250.0,112000.0,2920.0,112000.0
2004-06-14,113000.0,110500.0,113000.0,112250.0,580.0,112250.0
2004-06-15,119750.0,110000.0,112500.0,115500.0,680.0,115500.0
2004-06-16,123500.0,117500.0,119250.0,117500.0,440.0,117500.0
2004-06-17,122250.0,115500.0,115500.0,120000.0,460.0,120000.0
2004-06-18,117500.0,114000.0,117500.0,114500.0,800.0,114500.0
2004-06-21,119000.0,112000.0,112000.0,117500.0,680.0,117500.0
2004-06-22,120000.0,114000.0,115000.0,119750.0,480.0,119750.0
2004-06-23,125000.0,113000.0,125000.0,116750.0,1000.0,116750.0
2004-06-24,122000.0,116750.0,119500.0,121000.0,320.0,121000.0
2004-06-25,124000.0,117750.0,117750.0,123750.0,240.0,123750.0
2004-06-28,125000.0,118750.0,125000.0,122500.0,180.0,122500.0
2004-06-29,125000.0,120500.0,125000.0,123750.0,380.0,123750.0
2004-06-30,124750.0,121000.0,121000.0,123500.0,100.0,123500.0
2004-07-01,125000.0,120500.0,120500.0,124500.0,320.0,124500.0
2004-07-02,124750.0,119250.0,119500.0,124750.0,540.0,124750.0
2004-07-05,123000.0,122500.0,122750.0,122500.0,280.0,122500.0
2004-07-06,126000.0,122500.0,124000.0,122500.0,200.0,122500.0
2004-07-07,127500.0,122500.0,122500.0,127500.0,2040.0,127500.0
2004-07-08,125000.0,120750.0,123000.0,125000.0,1020.0,125000.0
2004-07-09,126500.0,123000.0,123000.0,124000.0,480.0,124000.0
2004-07-12,128500.0,121500.0,128500.0,123250.0,640.0,123250.0
2004-07-13,130000.0,120000.0,129500.0,121500.0,1800.0,121500.0
2004-07-14,122750.0,116000.0,118000.0,121250.0,1400.0,121250.0
2004-07-15,121250.0,118250.0,121250.0,119500.0,380.0,119500.0
2004-07-16,119500.0,115500.0,117500.0,118000.0,520.0,118000.0
2004-07-19,120000.0,115500.0,116000.0,120000.0,120.0,120000.0
2004-07-20,120000.0,116750.0,120000.0,119000.0,280.0,119000.0
2004-07-21,123750.0,120000.0,123750.0,120000.0,840.0,120000.0
2004-07-22,120000.0,117000.0,117000.0,120000.0,500.0,120000.0
2004-07-23,120250.0,118500.0,118500.0,120000.0,480.0,120000.0
2004-07-26,120250.0,117500.0,120250.0,120000.0,620.0,120000.0
2004-07-27,124500.0,117750.0,121500.0,124500.0,600.0,124500.0
2004-07-28,129000.0,121000.0,129000.0,121000.0,580.0,121000.0
2004-07-29,130250.0,122000.0,130250.0,124250.0,180.0,124250.0
2004-07-30,127250.0,124500.0,126500.0,124500.0,1020.0,124500.0
2004-08-02,124750.0,118250.0,119500.0,124750.0,900.0,124750.0
2004-08-03,129250.0,122250.0,128250.0,126000.0,80.0,126000.0
2004-08-04,123750.0,120250.0,121750.0,122750.0,3600.0,122750.0
2004-08-05,125500.0,123000.0,123000.0,125500.0,440.0,125500.0
2004-08-06,127500.0,122500.0,127500.0,122500.0,140.0,122500.0
2004-08-09,127500.0,120000.0,120000.0,127000.0,520.0,127000.0
2004-08-10,125000.0,121500.0,124000.0,122500.0,460.0,122500.0
2004-08-11,124500.0,121500.0,122750.0,123000.0,640.0,123000.0
2004-08-12,126750.0,124000.0,126500.0,124000.0,840.0,124000.0
2004-08-13,127500.0,123250.0,123250.0,127000.0,1440.0,127000.0
2004-08-16,144500.0,126500.0,144500.0,129000.0,380.0,129000.0
2004-08-17,134250.0,129000.0,134250.0,130500.0,160.0,130500.0
2004-08-18,132000.0,130000.0,130500.0,131000.0,420.0,131000.0
2004-08-19,132500.0,131000.0,131000.0,131250.0,420.0,131250.0
2004-08-20,132000.0,130500.0,130500.0,132000.0,40.0,132000.0
2004-08-23,130500.0,128250.0,129000.0,130500.0,420.0,130500.0
2004-08-24,135000.0,128000.0,135000.0,131500.0,300.0,131500.0
2004-08-25,132250.0,129000.0,129000.0,132250.0,140.0,132250.0
2004-08-26,133750.0,129250.0,133750.0,130500.0,120.0,130500.0
2004-08-27,132750.0,130000.0,132750.0,132000.0,680.0,132000.0
2004-08-30,130000.0,128750.0,130000.0,129750.0,200.0,129750.0
2004-08-31,132000.0,131000.0,131000.0,132000.0,560.0,132000.0
2004-09-01,132500.0,129000.0,129000.0,132000.0,480.0,132000.0
2004-09-02,134500.0,129750.0,131250.0,134500.0,1520.0,134500.0
2004-09-03,134500.0,132500.0,134500.0,133500.0,180.0,133500.0
2004-09-06,135000.0,132000.0,133500.0,133500.0,300.0,133500.0
2004-09-07,133500.0,130500.0,133500.0,133250.0,80.0,133250.0
2004-09-08,137500.0,132000.0,137500.0,133250.0,440.0,133250.0
2004-09-09,134500.0,130500.0,133250.0,134500.0,1120.0,134500.0
2004-09-10,135500.0,130500.0,131250.0,134500.0,320.0,134500.0
2004-09-13,135000.0,132000.0,132000.0,133000.0,200.0,133000.0
2004-09-14,133000.0,130750.0,132500.0,130750.0,260.0,130750.0
2004-09-15,132500.0,130250.0,132500.0,132250.0,60.0,132250.0
2004-09-16,135000.0,130500.0,130500.0,135000.0,1040.0,135000.0
2004-09-17,134000.0,130000.0,131000.0,132750.0,900.0,132750.0
2004-09-20,134500.0,131500.0,132500.0,131500.0,560.0,131500.0
2004-09-21,135000.0,133000.0,134000.0,135000.0,7980.0,135000.0
2004-09-22,134250.0,133000.0,134000.0,133500.0,2180.0,133500.0
2004-09-23,134500.0,130500.0,133500.0,132250.0,1340.0,132250.0
2004-09-24,134500.0,129250.0,130000.0,134500.0,520.0,134500.0
2004-09-30,135000.0,132000.0,134250.0,132000.0,480.0,132000.0
2004-10-01,135000.0,130500.0,130500.0,135000.0,1040.0,135000.0
2004-10-04,138500.0,134750.0,135000.0,138250.0,4920.0,138250.0
2004-10-05,140000.0,135000.0,138250.0,138500.0,11620.0,138500.0
2004-10-06,141000.0,136000.0,141000.0,139500.0,400.0,139500.0
2004-10-07,139500.0,137500.0,139500.0,139250.0,560.0,139250.0
2004-10-08,140000.0,135000.0,139750.0,135000.0,24340.0,135000.0
2004-10-11,137500.0,134000.0,136500.0,137000.0,1820.0,137000.0
2004-10-12,137750.0,132500.0,135000.0,137500.0,4360.0,137500.0
2004-10-13,139500.0,134750.0,138000.0,135000.0,1120.0,135000.0
2004-10-14,137250.0,134500.0,135000.0,137250.0,1900.0,137250.0
2004-10-15,137500.0,131500.0,137500.0,135250.0,940.0,135250.0
2004-10-18,140000.0,135250.0,135250.0,139000.0,4180.0,139000.0
2004-10-19,144750.0,138500.0,140000.0,144500.0,6700.0,144500.0
2004-10-20,151500.0,141500.0,147500.0,141500.0,12240.0,141500.0
2004-10-21,145000.0,135750.0,145000.0,141000.0,4000.0,141000.0
2004-10-22,141500.0,136500.0,140000.0,137000.0,1740.0,137000.0
2004-10-25,138250.0,133000.0,133750.0,135000.0,2780.0,135000.0
2004-10-26,140000.0,134250.0,139000.0,140000.0,3460.0,140000.0
2004-10-27,143500.0,139500.0,143500.0,143000.0,1360.0,143000.0
2004-10-28,150000.0,141250.0,145500.0,149500.0,2940.0,149500.0
2004-10-29,149500.0,146500.0,146500.0,148000.0,5240.0,148000.0
2004-11-01,149500.0,145000.0,145250.0,146500.0,1300.0,146500.0
2004-11-02,149000.0,143000.0,146500.0,146000.0,6040.0,146000.0
2004-11-03,147500.0,143500.0,146000.0,143500.0,1660.0,143500.0
2004-11-04,143500.0,141250.0,141500.0,143250.0,540.0,143250.0
2004-11-05,146500.0,142500.0,145500.0,142500.0,740.0,142500.0
2004-11-08,145500.0,140750.0,145250.0,143000.0,1340.0,143000.0
2004-11-09,145500.0,143000.0,144000.0,143250.0,1120.0,143250.0
2004-11-10,147000.0,145000.0,146000.0,145000.0,2060.0,145000.0
2004-11-11,148500.0,138250.0,143500.0,138250.0,2840.0,138250.0
2004-11-12,147000.0,141500.0,141500.0,147000.0,2280.0,147000.0
2004-11-15,148500.0,142500.0,143000.0,148000.0,680.0,148000.0
2004-11-16,146500.0,144500.0,145250.0,144500.0,980.0,144500.0
2004-11-17,146250.0,143250.0,143250.0,145750.0,780.0,145750.0
2004-11-18,143750.0,138500.0,143500.0,142500.0,900.0,142500.0
2004-11-19,145000.0,140000.0,144000.0,141000.0,940.0,141000.0
2004-11-22,143000.0,135750.0,139500.0,138000.0,1120.0,138000.0
2004-11-23,141500.0,136000.0,139500.0,141500.0,800.0,141500.0
2004-11-24,145000.0,138000.0,141500.0,142000.0,1080.0,142000.0
2004-11-25,145500.0,141500.0,145000.0,143750.0,600.0,143750.0
2004-11-26,145500.0,140250.0,144000.0,141000.0,1580.0,141000.0
2004-11-29,144500.0,138500.0,141000.0,141000.0,800.0,141000.0
2004-11-30,144500.0,139250.0,142000.0,140750.0,1060.0,140750.0
2004-12-01,144000.0,141000.0,142500.0,141500.0,500.0,141500.0
2004-12-02,145750.0,143500.0,143500.0,144500.0,3920.0,144500.0
2004-12-03,146250.0,141250.0,144750.0,144500.0,920.0,144500.0
2004-12-06,143750.0,139000.0,142000.0,141000.0,680.0,141000.0
2004-12-07,143500.0,138500.0,140000.0,138500.0,480.0,138500.0
2004-12-08,143250.0,138750.0,141500.0,140250.0,900.0,140250.0
2004-12-09,141750.0,137250.0,141750.0,137500.0,1880.0,137500.0
2004-12-10,141250.0,137000.0,141250.0,140000.0,28720.0,140000.0
2004-12-13,143500.0,142000.0,143000.0,143000.0,540.0,143000.0
2004-12-14,144250.0,139500.0,143000.0,139500.0,1000.0,139500.0
2004-12-15,141500.0,139250.0,139500.0,139500.0,1220.0,139500.0
2004-12-16,143500.0,138000.0,139500.0,141500.0,740.0,141500.0
2004-12-17,143000.0,140250.0,143000.0,142500.0,1040.0,142500.0
2004-12-20,143000.0,141000.0,142500.0,141500.0,840.0,141500.0
2004-12-21,144500.0,135000.0,135000.0,143250.0,600.0,143250.0
2004-12-22,144500.0,142000.0,143000.0,143000.0,460.0,143000.0
2004-12-23,144000.0,140000.0,143250.0,141500.0,1120.0,141500.0
2004-12-24,143000.0,139250.0,139250.0,142750.0,540.0,142750.0
2004-12-27,143500.0,140500.0,143500.0,143000.0,1800.0,143000.0
2004-12-28,145000.0,141250.0,145000.0,143500.0,700.0,143500.0
2004-12-29,142500.0,138000.0,139250.0,142500.0,3220.0,142500.0
2004-12-30,142500.0,139000.0,142500.0,142250.0,20180.0,142250.0
2005-01-04,139500.0,136750.0,138500.0,138000.0,1380.0,138000.0
2005-01-05,138000.0,136000.0,136500.0,136500.0,340.0,136500.0
2005-01-06,139750.0,135750.0,137000.0,138500.0,1120.0,138500.0
2005-01-07,139500.0,135750.0,137000.0,139500.0,800.0,139500.0
2005-01-10,139500.0,137500.0,138000.0,139500.0,460.0,139500.0
2005-01-11,139750.0,137500.0,138250.0,138000.0,50740.0,138000.0
2005-01-12,139500.0,137500.0,139500.0,137500.0,360.0,137500.0
2005-01-13,139500.0,137750.0,138000.0,139500.0,1240.0,139500.0
2005-01-14,141000.0,137500.0,141000.0,138500.0,1540.0,138500.0
2005-01-17,140250.0,137750.0,138250.0,140000.0,1160.0,140000.0
2005-01-18,140500.0,139000.0,139750.0,140000.0,860.0,140000.0
2005-01-19,142250.0,139000.0,140000.0,141000.0,1800.0,141000.0
2005-01-20,142000.0,140000.0,141750.0,142000.0,660.0,142000.0
2005-01-21,148500.0,141250.0,142250.0,145000.0,760.0,145000.0
2005-01-24,148500.0,141000.0,148500.0,142500.0,1300.0,142500.0
2005-01-25,144000.0,141000.0,142000.0,144000.0,560.0,144000.0
2005-01-26,145750.0,141500.0,141500.0,145000.0,900.0,145000.0
2005-01-27,147500.0,143500.0,143500.0,146000.0,440.0,146000.0
2005-01-28,146000.0,142750.0,146000.0,142750.0,580.0,142750.0
2005-01-31,146750.0,141750.0,141750.0,144000.0,2260.0,144000.0
2005-02-01,143500.0,141250.0,143500.0,142000.0,660.0,142000.0
2005-02-02,148250.0,141250.0,148250.0,141250.0,500.0,141250.0
2005-02-03,146000.0,140500.0,146000.0,141250.0,1440.0,141250.0
2005-02-04,142000.0,141000.0,142000.0,141250.0,900.0,141250.0
2005-02-07,144500.0,141250.0,144500.0,142000.0,1740.0,142000.0
2005-02-11,143750.0,141250.0,143000.0,141250.0,820.0,141250.0
2005-02-14,143500.0,141250.0,141500.0,141500.0,600.0,141500.0
2005-02-15,142750.0,140000.0,141750.0,141750.0,1880.0,141750.0
2005-02-16,143750.0,141500.0,141500.0,142750.0,580.0,142750.0
2005-02-17,143750.0,141500.0,142500.0,143000.0,800.0,143000.0
2005-02-18,143750.0,141250.0,141250.0,143500.0,660.0,143500.0
2005-02-21,143750.0,142500.0,143500.0,142500.0,1860.0,142500.0
2005-02-22,143250.0,140750.0,142500.0,140750.0,540.0,140750.0
2005-02-23,142000.0,140500.0,140750.0,140750.0,400.0,140750.0
2005-02-24,142750.0,141000.0,141000.0,141250.0,660.0,141250.0
2005-02-25,142250.0,141000.0,141250.0,141000.0,640.0,141000.0
2005-02-28,142500.0,139750.0,140750.0,140500.0,6100.0,140500.0
2005-03-02,141500.0,138750.0,141000.0,141000.0,2820.0,141000.0
2005-03-03,143000.0,141500.0,141500.0,142500.0,2160.0,142500.0
2005-03-04,148000.0,142500.0,143500.0,145000.0,28900.0,145000.0
2005-03-07,151750.0,146750.0,148000.0,149500.0,28640.0,149500.0
2005-03-08,150750.0,145500.0,148750.0,146500.0,4560.0,146500.0
2005-03-09,147500.0,145000.0,146500.0,145000.0,7660.0,145000.0
2005-03-10,145500.0,142000.0,144250.0,142000.0,6200.0,142000.0
2005-03-11,147000.0,143500.0,143750.0,143500.0,7120.0,143500.0
2005-03-14,147250.0,143000.0,147250.0,143500.0,2620.0,143500.0
2005-03-15,143500.0,140000.0,142500.0,141000.0,2060.0,141000.0
2005-03-16,142000.0,139250.0,141000.0,139250.0,1480.0,139250.0
2005-03-17,140750.0,137750.0,139000.0,140500.0,3140.0,140500.0
2005-03-18,143250.0,138750.0,138750.0,142500.0,2440.0,142500.0
2005-03-21,142500.0,139500.0,142000.0,139500.0,1900.0,139500.0
2005-03-22,141000.0,137750.0,140000.0,140000.0,2240.0,140000.0
2005-03-23,140000.0,137500.0,140000.0,138750.0,1400.0,138750.0
2005-03-24,138750.0,136500.0,138750.0,136500.0,640.0,136500.0
2005-03-25,136500.0,135500.0,136500.0,135500.0,420.0,135500.0
2005-03-28,138250.0,136500.0,137000.0,138250.0,1600.0,138250.0
2005-03-29,137750.0,135750.0,136250.0,135750.0,920.0,135750.0
2005-03-30,137500.0,135500.0,135750.0,135500.0,480.0,135500.0
2005-03-31,138000.0,135500.0,135500.0,137500.0,1020.0,137500.0
2005-04-01,138000.0,135750.0,136250.0,136000.0,340.0,136000.0
2005-04-04,137250.0,135500.0,135500.0,137250.0,100.0,137250.0
2005-04-06,137750.0,135000.0,137500.0,137750.0,920.0,137750.0
2005-04-07,140000.0,137500.0,139500.0,139750.0,1740.0,139750.0
2005-04-08,141500.0,138500.0,138500.0,139000.0,4680.0,139000.0
2005-04-11,140000.0,136000.0,138000.0,136750.0,300.0,136750.0
2005-04-12,137750.0,135500.0,135500.0,136750.0,1040.0,136750.0
2005-04-13,140500.0,136750.0,140500.0,138500.0,340.0,138500.0
2005-04-14,139750.0,134750.0,135500.0,134750.0,14240.0,134750.0
2005-04-15,137000.0,133750.0,136000.0,134500.0,480.0,134500.0
2005-04-18,133500.0,130250.0,133500.0,131500.0,560.0,131500.0
2005-04-19,135000.0,130000.0,130000.0,132750.0,1060.0,132750.0
2005-04-20,135000.0,131750.0,134250.0,135000.0,720.0,135000.0
2005-04-21,135000.0,131000.0,131000.0,135000.0,4780.0,135000.0
2005-04-22,136000.0,131000.0,136000.0,134500.0,480.0,134500.0
2005-04-25,136500.0,133000.0,136500.0,134500.0,300.0,134500.0
2005-04-26,135000.0,132500.0,135000.0,133750.0,1480.0,133750.0
2005-04-27,133250.0,131500.0,131750.0,133000.0,960.0,133000.0
2005-04-28,135000.0,131250.0,135000.0,133500.0,940.0,133500.0
2005-04-29,137500.0,131250.0,134250.0,137000.0,440.0,137000.0
2005-05-02,137750.0,132000.0,134250.0,136750.0,300.0,136750.0
2005-05-03,136750.0,134000.0,134250.0,136000.0,260.0,136000.0
2005-05-04,137000.0,136750.0,136750.0,137000.0,80.0,137000.0
2005-05-06,137000.0,136000.0,137000.0,136500.0,40.0,136500.0
2005-05-09,136500.0,133500.0,133500.0,133500.0,960.0,133500.0
2005-05-10,135750.0,132250.0,133500.0,132250.0,160.0,132250.0
2005-05-11,134000.0,129500.0,130250.0,134000.0,320.0,134000.0
2005-05-12,137000.0,134000.0,134000.0,134000.0,520.0,134000.0
2005-05-13,134500.0,131500.0,131500.0,134000.0,300.0,134000.0
2005-05-16,135000.0,131500.0,131750.0,134000.0,600.0,134000.0
2005-05-17,137000.0,134000.0,135000.0,136000.0,1100.0,136000.0
2005-05-18,140000.0,134000.0,138500.0,135000.0,1960.0,135000.0
2005-05-19,137500.0,135500.0,137000.0,136000.0,400.0,136000.0
2005-05-20,136750.0,135000.0,136750.0,135000.0,1100.0,135000.0
2005-05-23,137500.0,136000.0,137000.0,136750.0,400.0,136750.0
2005-05-24,137250.0,135000.0,136500.0,135250.0,1100.0,135250.0
2005-05-25,137250.0,134000.0,135000.0,137250.0,560.0,137250.0
2005-05-26,140000.0,134250.0,134250.0,140000.0,1660.0,140000.0
2005-05-27,141000.0,137500.0,141000.0,140000.0,1600.0,140000.0
2005-05-30,140000.0,138750.0,140000.0,138750.0,220.0,138750.0
2005-05-31,140000.0,137000.0,138750.0,140000.0,580.0,140000.0
2005-06-01,140000.0,137750.0,138000.0,139750.0,600.0,139750.0
2005-06-02,139500.0,138000.0,138000.0,139500.0,500.0,139500.0
2005-06-03,138250.0,136000.0,137500.0,138000.0,360.0,138000.0
2005-06-07,141500.0,135750.0,141500.0,138500.0,640.0,138500.0
2005-06-08,141250.0,138500.0,139750.0,141250.0,1300.0,141250.0
2005-06-09,140000.0,135250.0,138500.0,135250.0,2040.0,135250.0
2005-06-10,136500.0,135250.0,135750.0,135500.0,600.0,135500.0
2005-06-13,137750.0,135500.0,135500.0,137750.0,820.0,137750.0
2005-06-14,138000.0,137000.0,137000.0,138000.0,1220.0,138000.0
2005-06-15,139000.0,137500.0,139000.0,137500.0,760.0,137500.0
2005-06-16,140000.0,137250.0,139000.0,138500.0,1840.0,138500.0
2005-06-17,140000.0,137750.0,138000.0,138250.0,680.0,138250.0
2005-06-20,139500.0,137500.0,137750.0,137500.0,700.0,137500.0
2005-06-21,140000.0,137750.0,138000.0,140000.0,2340.0,140000.0
2005-06-22,142250.0,137750.0,140000.0,142250.0,1320.0,142250.0
2005-06-23,142000.0,139500.0,141000.0,139500.0,460.0,139500.0
2005-06-24,142750.0,138750.0,138750.0,142750.0,980.0,142750.0
2005-06-27,142750.0,139250.0,139250.0,140750.0,1060.0,140750.0
2005-06-28,141750.0,139000.0,140500.0,141250.0,420.0,141250.0
2005-06-29,143000.0,139750.0,139750.0,143000.0,540.0,143000.0
2005-06-30,144500.0,143000.0,143000.0,144500.0,500.0,144500.0
2005-07-01,143000.0,141500.0,141750.0,143000.0,380.0,143000.0
2005-07-04,144250.0,140250.0,143000.0,144000.0,820.0,144000.0
2005-07-05,143500.0,140250.0,142000.0,142250.0,500.0,142250.0
2005-07-06,142500.0,140750.0,141250.0,142500.0,580.0,142500.0
2005-07-07,144750.0,141000.0,144000.0,144750.0,540.0,144750.0
2005-07-08,145500.0,145000.0,145000.0,145500.0,720.0,145500.0
2005-07-11,146750.0,145000.0,145500.0,146750.0,520.0,146750.0
2005-07-12,145750.0,143000.0,145750.0,143000.0,700.0,143000.0
2005-07-13,144500.0,141500.0,142500.0,141500.0,280.0,141500.0
2005-07-14,146000.0,142000.0,142000.0,146000.0,820.0,146000.0
2005-07-15,145000.0,142250.0,143750.0,142250.0,240.0,142250.0
2005-07-18,146750.0,140750.0,143250.0,140750.0,1180.0,140750.0
2005-07-19,144500.0,140500.0,144000.0,144250.0,340.0,144250.0
2005-07-20,145500.0,142000.0,142250.0,142000.0,460.0,142000.0
2005-07-21,145000.0,141000.0,141250.0,141000.0,600.0,141000.0
2005-07-22,146000.0,143250.0,144500.0,145000.0,720.0,145000.0
2005-07-25,148750.0,143750.0,146500.0,146000.0,1100.0,146000.0
2005-07-26,146000.0,143250.0,146000.0,143500.0,480.0,143500.0
2005-07-27,144750.0,140000.0,143000.0,140000.0,1440.0,140000.0
2005-07-28,144750.0,139500.0,139500.0,144750.0,940.0,144750.0
2005-07-29,144750.0,141500.0,141500.0,141500.0,280.0,141500.0
2005-08-01,143500.0,140500.0,141000.0,143000.0,500.0,143000.0
2005-08-02,142500.0,139000.0,141000.0,139250.0,1800.0,139250.0
2005-08-03,142250.0,135750.0,140000.0,135750.0,13540.0,135750.0
2005-08-04,139750.0,137250.0,137250.0,139000.0,740.0,139000.0
2005-08-05,142750.0,137000.0,137000.0,137500.0,1120.0,137500.0
2005-08-08,141000.0,137500.0,139750.0,139500.0,180.0,139500.0
2005-08-09,139500.0,136750.0,137500.0,139500.0,320.0,139500.0
2005-08-10,139500.0,136750.0,137500.0,136750.0,720.0,136750.0
2005-08-11,139000.0,136500.0,136500.0,137500.0,860.0,137500.0
2005-08-12,137500.0,135750.0,136750.0,136500.0,2060.0,136500.0
2005-08-16,138250.0,135000.0,138250.0,136250.0,1160.0,136250.0
2005-08-17,139500.0,135000.0,136500.0,137000.0,940.0,137000.0
2005-08-18,136750.0,134500.0,135750.0,134500.0,1000.0,134500.0
2005-08-19,140000.0,134500.0,134500.0,136750.0,1180.0,136750.0
2005-08-22,139750.0,137500.0,139750.0,139500.0,380.0,139500.0
2005-08-23,139750.0,136250.0,139750.0,138500.0,400.0,138500.0
2005-08-24,138500.0,135250.0,138500.0,135500.0,440.0,135500.0
2005-08-25,139750.0,134500.0,135000.0,134750.0,680.0,134750.0
2005-08-26,137500.0,135000.0,135000.0,137000.0,1100.0,137000.0
2005-08-29,136500.0,134500.0,134750.0,134750.0,320.0,134750.0
2005-08-30,136000.0,133500.0,135000.0,134500.0,560.0,134500.0
2005-08-31,137750.0,134500.0,134500.0,136250.0,500.0,136250.0
2005-09-01,137000.0,135000.0,136500.0,136000.0,360.0,136000.0
2005-09-02,139500.0,135250.0,137000.0,139500.0,480.0,139500.0
2005-09-05,140250.0,136250.0,139500.0,140000.0,760.0,140000.0
2005-09-06,144000.0,138000.0,141500.0,138500.0,2300.0,138500.0
2005-09-07,143000.0,138750.0,142000.0,142500.0,1340.0,142500.0
2005-09-08,144000.0,137500.0,143500.0,137500.0,3200.0,137500.0
2005-09-09,140750.0,138000.0,139000.0,140250.0,340.0,140250.0
2005-09-12,142250.0,138500.0,140250.0,138750.0,780.0,138750.0
2005-09-13,140000.0,137750.0,137750.0,138250.0,300.0,138250.0
2005-09-14,142000.0,138500.0,139250.0,142000.0,400.0,142000.0
2005-09-15,140750.0,138000.0,140750.0,138000.0,620.0,138000.0
2005-09-16,142500.0,138500.0,139500.0,142000.0,1000.0,142000.0
2005-09-20,146500.0,139750.0,143000.0,146500.0,1740.0,146500.0
2005-09-21,151000.0,143000.0,150500.0,144500.0,1200.0,144500.0
2005-09-22,149000.0,144500.0,144500.0,149000.0,780.0,149000.0
2005-09-23,147000.0,141500.0,147000.0,141500.0,360.0,141500.0
2005-09-26,143750.0,141500.0,141500.0,141500.0,980.0,141500.0
2005-09-27,143250.0,140750.0,143000.0,141750.0,1600.0,141750.0
2005-09-28,143250.0,140500.0,143250.0,140500.0,2060.0,140500.0
2005-09-29,141000.0,139000.0,140000.0,139000.0,1969.0,139000.0
2005-09-30,148000.0,139250.0,139250.0,144250.0,2405.0,144250.0
2005-10-04,149000.0,144250.0,144250.0,149000.0,1708.0,149000.0
2005-10-05,150000.0,145750.0,146000.0,148250.0,1634.0,148250.0
2005-10-06,150000.0,143750.0,149250.0,150000.0,2640.0,150000.0
2005-10-07,151000.0,146500.0,150000.0,146500.0,806.0,146500.0
2005-10-10,151750.0,149000.0,149000.0,151750.0,730.0,151750.0
2005-10-11,152000.0,148250.0,151750.0,151000.0,642.0,151000.0
2005-10-12,153750.0,148500.0,151000.0,151000.0,1718.0,151000.0
2005-10-13,154000.0,147750.0,150000.0,148500.0,1340.0,148500.0
2005-10-14,154000.0,147500.0,148500.0,153250.0,800.0,153250.0
2005-10-17,154500.0,150500.0,153750.0,150750.0,780.0,150750.0
2005-10-18,154250.0,150500.0,151750.0,154000.0,568.0,154000.0
2005-10-19,154250.0,149000.0,149000.0,149250.0,848.0,149250.0
2005-10-20,156000.0,149500.0,153250.0,156000.0,1298.0,156000.0
2005-10-21,160250.0,152000.0,156250.0,158000.0,1788.0,158000.0
2005-10-24,180000.0,152250.0,160000.0,180000.0,1418.0,180000.0
2005-10-25,170250.0,161250.0,168500.0,162500.0,2207.0,162500.0
2005-10-26,170000.0,163750.0,163750.0,165500.0,980.0,165500.0
2005-10-27,167500.0,154750.0,165000.0,154750.0,2491.0,154750.0
2005-10-28,154750.0,147000.0,154750.0,147000.0,2226.0,147000.0
2005-10-31,151750.0,147500.0,147500.0,149500.0,1380.0,149500.0
2005-11-01,150750.0,148000.0,150000.0,149500.0,772.0,149500.0
2005-11-02,154750.0,147000.0,147000.0,154250.0,1082.0,154250.0
2005-11-03,152750.0,149250.0,152750.0,151500.0,964.0,151500.0
2005-11-04,154500.0,149000.0,151500.0,150000.0,1364.0,150000.0
2005-11-07,151250.0,147750.0,149250.0,150750.0,474.0,150750.0
2005-11-08,159500.0,150000.0,159500.0,151250.0,988.0,151250.0
2005-11-09,162000.0,153500.0,156000.0,156750.0,4566.0,156750.0
2005-11-10,161250.0,155750.0,156750.0,157500.0,2644.0,157500.0
2005-11-11,164250.0,160500.0,161500.0,164000.0,1416.0,164000.0
2005-11-14,164000.0,160750.0,162500.0,161500.0,460.0,161500.0
2005-11-15,162500.0,157250.0,158500.0,157500.0,2484.0,157500.0
2005-11-16,156750.0,152500.0,152500.0,153000.0,2364.0,153000.0
2005-11-17,154250.0,150750.0,151750.0,151500.0,2522.0,151500.0
2005-11-18,152750.0,149500.0,151500.0,149500.0,582.0,149500.0
2005-11-21,151750.0,148000.0,150000.0,148000.0,806.0,148000.0
2005-11-22,149500.0,146500.0,148500.0,147000.0,908.0,147000.0
2005-11-23,153000.0,146000.0,146500.0,152750.0,894.0,152750.0
2005-11-24,156000.0,150000.0,150000.0,152750.0,1258.0,152750.0
2005-11-25,157500.0,152750.0,155000.0,157500.0,604.0,157500.0
2005-11-28,159000.0,154250.0,154250.0,159000.0,610.0,159000.0
2005-11-29,158750.0,153250.0,156000.0,154500.0,1416.0,154500.0
2005-11-30,159500.0,152500.0,159500.0,152500.0,3326.0,152500.0
2005-12-01,157250.0,150750.0,152750.0,154500.0,1168.0,154500.0
2005-12-02,158500.0,153000.0,154000.0,154250.0,1458.0,154250.0
2005-12-05,157500.0,150000.0,152500.0,157000.0,658.0,157000.0
2005-12-06,160000.0,155250.0,160000.0,156000.0,806.0,156000.0
2005-12-07,156000.0,151000.0,156000.0,152250.0,1070.0,152250.0
2005-12-08,154000.0,148750.0,151500.0,148750.0,3244.0,148750.0
2005-12-09,153500.0,146750.0,146750.0,152250.0,1466.0,152250.0
2005-12-12,155500.0,150250.0,152250.0,155000.0,1642.0,155000.0
2005-12-13,157500.0,152000.0,153250.0,152000.0,1184.0,152000.0
2005-12-14,154750.0,152500.0,154500.0,154000.0,1730.0,154000.0
2005-12-15,157250.0,152750.0,155250.0,153500.0,2352.0,153500.0
2005-12-16,158750.0,150750.0,158750.0,157000.0,1450.0,157000.0
2005-12-19,159500.0,153750.0,157000.0,159500.0,870.0,159500.0
2005-12-20,160750.0,158500.0,159250.0,158500.0,1456.0,158500.0
2005-12-21,160500.0,154000.0,154000.0,157500.0,488.0,157500.0
2005-12-22,156500.0,152500.0,156500.0,155500.0,1280.0,155500.0
2005-12-23,158250.0,152000.0,153000.0,153000.0,2642.0,153000.0
2005-12-26,156000.0,152750.0,155000.0,155000.0,840.0,155000.0
2005-12-27,159000.0,153500.0,159000.0,158500.0,1496.0,158500.0
2005-12-28,159250.0,153000.0,159250.0,157000.0,520.0,157000.0
2005-12-29,159000.0,155250.0,157000.0,158500.0,356.0,158500.0
2006-01-02,156500.0,155000.0,156000.0,155000.0,812.0,155000.0
2006-01-03,155500.0,153250.0,155000.0,155000.0,8478.0,155000.0
2006-01-04,159500.0,152750.0,159500.0,158250.0,1926.0,158250.0
2006-01-05,159250.0,155500.0,155500.0,159250.0,914.0,159250.0
2006-01-06,161750.0,157500.0,158000.0,160000.0,1550.0,160000.0
2006-01-09,161500.0,156500.0,160750.0,160000.0,1853.0,160000.0
2006-01-10,162500.0,157500.0,157500.0,159500.0,6154.0,159500.0
2006-01-11,164750.0,160000.0,160000.0,163500.0,2902.0,163500.0
2006-01-12,164750.0,160250.0,164750.0,161500.0,2710.0,161500.0
2006-01-13,167000.0,160250.0,163750.0,166500.0,1494.0,166500.0
2006-01-16,167000.0,161000.0,167000.0,163250.0,1596.0,163250.0
2006-01-17,165000.0,160250.0,160250.0,162500.0,1374.0,162500.0
2006-01-18,167000.0,161500.0,162500.0,165500.0,2886.0,165500.0
2006-01-19,169750.0,162250.0,165500.0,168500.0,3558.0,168500.0
2006-01-20,170000.0,165000.0,169750.0,165000.0,1898.0,165000.0
2006-01-23,167500.0,165000.0,166500.0,165000.0,3120.0,165000.0
2006-01-24,167000.0,156000.0,167000.0,165000.0,5292.0,165000.0
2006-01-25,167500.0,161000.0,161000.0,166500.0,2386.0,166500.0
2006-01-26,170000.0,163000.0,166500.0,169750.0,2204.0,169750.0
2006-01-27,170000.0,167750.0,167750.0,169500.0,1166.0,169500.0
2006-01-31,169750.0,166000.0,166500.0,168500.0,1288.0,168500.0
2006-02-01,171500.0,167250.0,168500.0,170000.0,1450.0,170000.0
2006-02-02,172000.0,167000.0,169000.0,171000.0,1236.0,171000.0
2006-02-03,171000.0,165500.0,171000.0,166500.0,906.0,166500.0
2006-02-06,169500.0,162500.0,169500.0,166500.0,1434.0,166500.0
2006-02-07,165750.0,157750.0,157750.0,162500.0,978.0,162500.0
2006-02-08,173250.0,162500.0,164500.0,162500.0,1102.0,162500.0
2006-02-09,169500.0,160250.0,160500.0,166000.0,2088.0,166000.0
2006-02-10,172500.0,164500.0,171750.0,167500.0,866.0,167500.0
2006-02-13,169750.0,165000.0,169750.0,166000.0,1348.0,166000.0
2006-02-14,167500.0,165000.0,167250.0,165000.0,840.0,165000.0
2006-02-15,167250.0,163250.0,163250.0,165000.0,1054.0,165000.0
2006-02-16,171500.0,165000.0,169750.0,165000.0,736.0,165000.0
2006-02-17,168500.0,161750.0,168500.0,168000.0,784.0,168000.0
2006-02-20,172500.0,165750.0,171500.0,172500.0,1230.0,172500.0
2006-02-21,172500.0,168500.0,172500.0,171500.0,414.0,171500.0
2006-02-22,172500.0,163750.0,172500.0,163750.0,1072.0,163750.0
2006-02-23,169500.0,165000.0,165000.0,167000.0,1806.0,167000.0
2006-02-24,171750.0,165500.0,169250.0,171750.0,556.0,171750.0
2006-02-27,171750.0,167250.0,167250.0,168500.0,1416.0,168500.0
2006-02-28,170500.0,168500.0,168500.0,170000.0,1054.0,170000.0
2006-03-02,171500.0,167500.0,170000.0,171500.0,630.0,171500.0
2006-03-03,172250.0,166250.0,172250.0,167500.0,1108.0,167500.0
2006-03-06,172500.0,163750.0,163750.0,169750.0,634.0,169750.0
2006-03-07,172000.0,165500.0,166250.0,165750.0,1026.0,165750.0
2006-03-08,172500.0,163000.0,172000.0,165750.0,2032.0,165750.0
2006-03-09,169750.0,165000.0,167250.0,165000.0,1412.0,165000.0
2006-03-10,167500.0,160250.0,167500.0,165000.0,2070.0,165000.0
2006-03-13,167500.0,165000.0,165000.0,167250.0,806.0,167250.0
2006-03-14,167250.0,163500.0,166500.0,164000.0,2026.0,164000.0
2006-03-15,167500.0,162500.0,162500.0,165500.0,1004.0,165500.0
2006-03-16,167500.0,165000.0,165500.0,165500.0,266.0,165500.0
2006-03-17,169500.0,163000.0,169500.0,169000.0,550.0,169000.0
2006-03-20,172500.0,166000.0,170500.0,168500.0,456.0,168500.0
2006-03-21,170500.0,162500.0,170500.0,164000.0,1245.0,164000.0
2006-03-22,169750.0,162500.0,164250.0,164000.0,3096.0,164000.0
2006-03-23,167500.0,162500.0,166000.0,167250.0,5226.0,167250.0
2006-03-24,169250.0,165250.0,169250.0,167500.0,1076.0,167500.0
2006-03-27,168250.0,164500.0,168000.0,168000.0,1242.0,168000.0
2006-03-28,170000.0,165000.0,170000.0,168000.0,1304.0,168000.0
2006-03-29,169750.0,165000.0,169750.0,167500.0,1150.0,167500.0
2006-03-30,172250.0,164500.0,164500.0,167250.0,364.0,167250.0
2006-03-31,170750.0,166500.0,167250.0,169500.0,2144.0,169500.0
2006-04-03,175000.0,168000.0,169500.0,171000.0,2242.0,171000.0
2006-04-04,171000.0,167750.0,167750.0,168500.0,1188.0,168500.0
2006-04-05,171000.0,167750.0,167750.0,168500.0,1188.0,168500.0
2006-04-06,173500.0,166750.0,167000.0,173500.0,1216.0,173500.0
2006-04-07,175000.0,170000.0,175000.0,170750.0,2094.0,170750.0
2006-04-10,175250.0,169750.0,174500.0,175000.0,1182.0,175000.0
2006-04-11,184750.0,170000.0,184750.0,172500.0,1983.0,172500.0
2006-04-12,172500.0,170500.0,172500.0,170500.0,846.0,170500.0
2006-04-13,173000.0,168500.0,170500.0,173000.0,1462.0,173000.0
2006-04-14,184250.0,171000.0,179750.0,177500.0,2714.0,177500.0
2006-04-17,177500.0,172250.0,177500.0,172250.0,367.0,172250.0
2006-04-18,176750.0,171000.0,174750.0,173000.0,1458.0,173000.0
2006-04-19,174750.0,170250.0,170500.0,171750.0,3688.0,171750.0
2006-04-20,172500.0,170250.0,171750.0,172500.0,15226.0,172500.0
2006-04-21,175500.0,171500.0,172000.0,174750.0,16566.0,174750.0
2006-04-24,176500.0,171000.0,175000.0,172000.0,1448.0,172000.0
2006-04-25,183500.0,171250.0,172000.0,172500.0,1288.0,172500.0
2006-04-26,175000.0,171250.0,172500.0,175000.0,1508.0,175000.0
2006-04-27,175000.0,170000.0,173500.0,171000.0,902.0,171000.0
2006-04-28,171250.0,168250.0,168500.0,170000.0,1238.0,170000.0
2006-05-02,172000.0,166500.0,166500.0,168250.0,414.0,168250.0
2006-05-03,171250.0,164000.0,164000.0,166500.0,1456.0,166500.0
2006-05-04,169750.0,163000.0,169750.0,167500.0,2462.0,167500.0
2006-05-08,171250.0,166000.0,166000.0,171250.0,7176.0,171250.0
2006-05-09,170250.0,165500.0,168000.0,166000.0,11488.0,166000.0
2006-05-10,169750.0,166000.0,166000.0,166250.0,774.0,166250.0
2006-05-11,172500.0,164750.0,164750.0,172500.0,892.0,172500.0
2006-05-12,169750.0,165000.0,167250.0,169750.0,1014.0,169750.0
2006-05-15,173250.0,164000.0,165000.0,166500.0,1440.0,166500.0
2006-05-16,170250.0,166500.0,168500.0,166500.0,518.0,166500.0
2006-05-17,169000.0,165000.0,165000.0,166500.0,688.0,166500.0
2006-05-18,168750.0,164750.0,166500.0,166500.0,1220.0,166500.0
2006-05-19,171250.0,165000.0,168500.0,167500.0,1680.0,167500.0
2006-05-22,171250.0,165000.0,168500.0,167500.0,1692.0,167500.0
2006-05-23,171500.0,164750.0,169500.0,171000.0,1480.0,171000.0
2006-05-24,168000.0,160500.0,167000.0,165000.0,4024.0,165000.0
2006-05-25,163000.0,157000.0,161500.0,157500.0,3384.0,157500.0
2006-05-26,159250.0,154000.0,154000.0,159000.0,1652.0,159000.0
2006-05-29,164250.0,153500.0,159000.0,158750.0,880.0,158750.0
2006-05-30,158500.0,152750.0,155500.0,156750.0,458.0,156750.0
2006-05-31,164250.0,153500.0,159000.0,158750.0,896.0,158750.0
2006-06-01,158750.0,153750.0,153750.0,156750.0,358.0,156750.0
2006-06-02,160500.0,155000.0,156750.0,160000.0,430.0,160000.0
2006-06-05,164000.0,154000.0,164000.0,160000.0,1170.0,160000.0
2006-06-07,162500.0,151750.0,162000.0,152000.0,1324.0,152000.0
2006-06-08,159500.0,135750.0,159500.0,135750.0,3739.0,135750.0
2006-06-09,140000.0,136000.0,136000.0,138000.0,872.0,138000.0
2006-06-12,141000.0,134000.0,134000.0,139500.0,704.0,139500.0
2006-06-13,145500.0,135500.0,145500.0,137500.0,808.0,137500.0
2006-06-14,142250.0,134000.0,142250.0,137500.0,818.0,137500.0
2006-06-15,138000.0,132000.0,137500.0,136000.0,956.0,136000.0
2006-06-16,145000.0,137500.0,138000.0,145000.0,654.0,145000.0
2006-06-19,144250.0,138000.0,140500.0,140000.0,456.0,140000.0
2006-06-20,147000.0,134000.0,147000.0,143500.0,362.0,143500.0
2006-06-21,143000.0,138000.0,139500.0,141500.0,134.0,141500.0
2006-06-22,145250.0,141000.0,141250.0,144000.0,860.0,144000.0
2006-06-23,149000.0,138500.0,139500.0,149000.0,378.0,149000.0
2006-06-26,154750.0,141250.0,148500.0,148000.0,476.0,148000.0
2006-06-27,147750.0,140250.0,147750.0,143750.0,510.0,143750.0
2006-06-28,143250.0,135750.0,143250.0,138500.0,850.0,138500.0
2006-06-29,143500.0,136500.0,137000.0,143500.0,974.0,143500.0
2006-06-30,143500.0,139000.0,140500.0,143500.0,549.0,143500.0
2006-07-03,142000.0,138500.0,140500.0,140500.0,716.0,140500.0
2006-07-04,141500.0,138500.0,138750.0,139750.0,360.0,139750.0
2006-07-05,141750.0,136250.0,136250.0,141500.0,340.0,141500.0
2006-07-06,141500.0,135500.0,141500.0,140750.0,660.0,140750.0
2006-07-07,139500.0,137250.0,137750.0,137750.0,560.0,137750.0
2006-07-10,140000.0,136500.0,140000.0,139500.0,680.0,139500.0
2006-07-11,140000.0,135750.0,140000.0,140000.0,520.0,140000.0
2006-07-12,140000.0,136750.0,140000.0,140000.0,800.0,140000.0
2006-07-13,140000.0,134000.0,140000.0,135000.0,900.0,135000.0
2006-07-14,134250.0,130500.0,132500.0,132250.0,880.0,132250.0
2006-07-18,140500.0,130750.0,135750.0,130750.0,2620.0,130750.0
2006-07-19,134250.0,128250.0,133000.0,129750.0,820.0,129750.0
2006-07-20,135000.0,130000.0,132500.0,135000.0,500.0,135000.0
2006-07-21,137500.0,131250.0,134250.0,135000.0,300.0,135000.0
2006-07-24,136500.0,128500.0,136500.0,132500.0,752.0,132500.0
2006-07-25,137500.0,134000.0,134000.0,137000.0,706.0,137000.0
2006-07-26,138000.0,133000.0,138000.0,134250.0,320.0,134250.0
2006-07-27,140000.0,133250.0,134250.0,139750.0,700.0,139750.0
2006-07-28,140000.0,137250.0,140000.0,140000.0,236.0,140000.0
2006-07-31,140000.0,136250.0,140000.0,136250.0,338.0,136250.0
2006-08-01,140000.0,136000.0,136000.0,136250.0,474.0,136250.0
2006-08-02,139750.0,134000.0,136250.0,137500.0,574.0,137500.0
2006-08-03,138500.0,135750.0,136000.0,136000.0,302.0,136000.0
2006-08-04,136000.0,135000.0,136000.0,136000.0,546.0,136000.0
2006-08-07,136000.0,125500.0,136000.0,125500.0,468.0,125500.0
2006-08-08,138750.0,131250.0,132250.0,138500.0,714.0,138500.0
2006-08-09,139500.0,133500.0,136000.0,136000.0,442.0,136000.0
2006-08-10,135000.0,132000.0,135000.0,132500.0,768.0,132500.0
2006-08-11,137250.0,132250.0,136000.0,132500.0,280.0,132500.0
2006-08-14,139500.0,132500.0,139500.0,132750.0,138.0,132750.0
2006-08-16,137500.0,133000.0,137250.0,133000.0,442.0,133000.0
2006-08-17,134000.0,131500.0,133000.0,131500.0,646.0,131500.0
2006-08-18,132500.0,130000.0,131500.0,130000.0,490.0,130000.0
2006-08-21,131500.0,125500.0,131500.0,125500.0,380.0,125500.0
2006-08-22,130500.0,126000.0,128500.0,126500.0,720.0,126500.0
2006-08-23,129500.0,125000.0,126500.0,126500.0,748.0,126500.0
2006-08-24,129500.0,125000.0,129500.0,126500.0,382.0,126500.0
2006-08-25,130000.0,127000.0,127000.0,129250.0,452.0,129250.0
2006-08-28,131000.0,127750.0,131000.0,129250.0,288.0,129250.0
2006-08-29,132000.0,128000.0,132000.0,132000.0,600.0,132000.0
2006-08-30,132500.0,128500.0,128750.0,130000.0,568.0,130000.0
2006-08-31,137500.0,132250.0,132250.0,134000.0,1254.0,134000.0
2006-09-01,137000.0,132750.0,134000.0,133500.0,144.0,133500.0
2006-09-04,137250.0,134000.0,134000.0,134500.0,594.0,134500.0
2006-09-05,137500.0,134500.0,134500.0,134750.0,398.0,134750.0
2006-09-06,134500.0,132500.0,134500.0,133750.0,334.0,133750.0
2006-09-07,136500.0,132500.0,136500.0,135500.0,202.0,135500.0
2006-09-08,138500.0,135500.0,135500.0,137000.0,446.0,137000.0
2006-09-11,135250.0,132750.0,135250.0,132750.0,404.0,132750.0
2006-09-12,135750.0,130000.0,132500.0,130000.0,392.0,130000.0
2006-09-13,133500.0,130500.0,130500.0,130750.0,70.0,130750.0
2006-09-14,137500.0,128500.0,130500.0,132500.0,2096.0,132500.0
2006-09-15,135000.0,132500.0,132500.0,135000.0,216.0,135000.0
2006-09-18,140000.0,132750.0,133500.0,138500.0,550.0,138500.0
2006-09-19,138500.0,136250.0,138500.0,138500.0,223.0,138500.0
2006-09-20,140000.0,136750.0,136750.0,140000.0,372.0,140000.0
2006-09-21,141750.0,137750.0,137750.0,138000.0,394.0,138000.0
2006-09-22,139000.0,134500.0,139000.0,134500.0,346.0,134500.0
2006-09-25,136750.0,134250.0,136500.0,134500.0,442.0,134500.0
2006-09-26,137500.0,132500.0,137500.0,132500.0,688.0,132500.0
2006-09-27,137250.0,132500.0,135000.0,136500.0,22070.0,136500.0
2006-09-28,140250.0,135000.0,135000.0,139750.0,388.0,139750.0
2006-09-29,141750.0,139500.0,139750.0,139500.0,300.0,139500.0
2006-10-02,144500.0,141500.0,144500.0,141500.0,1326.0,141500.0
2006-10-04,141250.0,132000.0,141250.0,132000.0,1028.0,132000.0
2006-10-09,139000.0,127000.0,135250.0,132000.0,646.0,132000.0
2006-10-10,134500.0,131500.0,131500.0,133500.0,586.0,133500.0
2006-10-11,136750.0,131500.0,136500.0,133500.0,236.0,133500.0
2006-10-12,136250.0,132250.0,136250.0,133500.0,294.0,133500.0
2006-10-13,137250.0,134000.0,137250.0,135500.0,242.0,135500.0
2006-10-16,137500.0,133500.0,133500.0,137500.0,102.0,137500.0
2006-10-17,140500.0,133500.0,140500.0,133750.0,220.0,133750.0
2006-10-18,139750.0,133750.0,133750.0,136500.0,506.0,136500.0
2006-10-19,140500.0,132000.0,135000.0,138750.0,342.0,138750.0
2006-10-20,141500.0,138000.0,140000.0,138000.0,506.0,138000.0
2006-10-23,142000.0,138000.0,138250.0,142000.0,200.0,142000.0
2006-10-24,141000.0,139000.0,140000.0,139000.0,240.0,139000.0
2006-10-25,141500.0,137750.0,139000.0,137750.0,6156.0,137750.0
2006-10-26,147000.0,136750.0,136750.0,144500.0,1012.0,144500.0
2006-10-27,160250.0,144500.0,145000.0,151500.0,4878.0,151500.0
2006-10-30,154500.0,149000.0,154500.0,150000.0,408.0,150000.0
2006-10-31,156500.0,151000.0,156500.0,155000.0,616.0,155000.0
2006-11-01,157750.0,151500.0,152500.0,157750.0,768.0,157750.0
2006-11-02,167250.0,155000.0,158000.0,165000.0,4292.0,165000.0
2006-11-03,172000.0,156750.0,156750.0,169250.0,952.0,169250.0
2006-11-06,170000.0,164250.0,169250.0,170000.0,1088.0,170000.0
2006-11-07,171500.0,168500.0,171500.0,168500.0,656.0,168500.0
2006-11-08,165250.0,160000.0,165000.0,163250.0,596.0,163250.0
2006-11-09,169250.0,160000.0,162500.0,165750.0,780.0,165750.0
2006-11-10,167500.0,161750.0,165750.0,165250.0,550.0,165250.0
2006-11-13,171500.0,160750.0,161750.0,165000.0,212.0,165000.0
2006-11-14,165500.0,161750.0,165000.0,163750.0,658.0,163750.0
2006-11-15,167000.0,163250.0,166000.0,164500.0,654.0,164500.0
2006-11-16,167500.0,155750.0,158500.0,167500.0,284.0,167500.0
2006-11-17,172500.0,166250.0,172500.0,167500.0,464.0,167500.0
2006-11-20,169500.0,163500.0,167500.0,163500.0,318.0,163500.0
2006-11-21,169000.0,166000.0,167750.0,167000.0,536.0,167000.0
2006-11-22,168500.0,163500.0,163500.0,166750.0,804.0,166750.0
2006-11-23,167500.0,165000.0,167000.0,166750.0,7200.0,166750.0
2006-11-24,167500.0,164500.0,165000.0,166750.0,15054.0,166750.0
2006-11-27,170000.0,165000.0,166750.0,165250.0,352.0,165250.0
2006-11-28,167500.0,163000.0,165000.0,167000.0,608.0,167000.0
2006-11-29,172500.0,165000.0,172500.0,167000.0,786.0,167000.0
2006-11-30,167500.0,165000.0,165250.0,167000.0,822.0,167000.0
2006-12-01,167000.0,165500.0,166000.0,165500.0,930.0,165500.0
2006-12-04,168250.0,166000.0,167250.0,168250.0,158.0,168250.0
2006-12-05,169000.0,166500.0,169000.0,167250.0,1126.0,167250.0
2006-12-06,169000.0,165000.0,167250.0,167250.0,548.0,167250.0
2006-12-07,167500.0,165500.0,167500.0,166500.0,502.0,166500.0
2006-12-08,167500.0,162500.0,162500.0,162500.0,956.0,162500.0
2006-12-11,166500.0,160500.0,160500.0,164000.0,2630.0,164000.0
2006-12-12,162500.0,159500.0,160000.0,162500.0,360.0,162500.0
2006-12-13,165000.0,161000.0,162500.0,161000.0,987.0,161000.0
2006-12-14,162500.0,158000.0,158500.0,158000.0,3432.0,158000.0
2006-12-15,160000.0,155250.0,158000.0,158000.0,2894.0,158000.0
2006-12-18,168750.0,155500.0,155750.0,166500.0,1099.0,166500.0
2006-12-19,170000.0,165000.0,170000.0,168000.0,348.0,168000.0
2006-12-20,170000.0,165250.0,170000.0,167500.0,696.0,167500.0
2006-12-21,170000.0,165000.0,170000.0,168000.0,1086.0,168000.0
2006-12-22,172500.0,163750.0,168500.0,172500.0,3054.0,172500.0
2006-12-26,170000.0,160500.0,165000.0,162500.0,1336.0,162500.0
2006-12-27,180000.0,160000.0,163000.0,170000.0,3822.0,170000.0
2006-12-28,167500.0,163000.0,165000.0,165000.0,1516.0,165000.0
2007-01-02,167500.0,161500.0,162500.0,164750.0,602.0,164750.0
2007-01-03,171250.0,161750.0,161750.0,167500.0,308.0,167500.0
2007-01-04,167250.0,163000.0,165000.0,165000.0,364.0,165000.0
2007-01-05,166500.0,162500.0,162500.0,162500.0,314.0,162500.0
2007-01-08,167000.0,160500.0,160500.0,162000.0,270.0,162000.0
2007-01-09,167500.0,161750.0,167500.0,166250.0,512.0,166250.0
2007-01-10,167500.0,162500.0,167500.0,162500.0,346.0,162500.0
2007-01-11,165000.0,161500.0,162500.0,165000.0,548.0,165000.0
2007-01-12,167250.0,165000.0,165000.0,167000.0,298.0,167000.0
2007-01-15,167000.0,162750.0,162750.0,167000.0,252.0,167000.0
2007-01-16,167250.0,164000.0,167250.0,164500.0,472.0,164500.0
2007-01-17,167500.0,157500.0,160500.0,164500.0,768.0,164500.0
2007-01-18,167250.0,157250.0,157500.0,167250.0,138.0,167250.0
2007-01-19,167500.0,160750.0,167500.0,167250.0,364.0,167250.0
2007-01-22,167500.0,165000.0,167250.0,167000.0,366.0,167000.0
2007-01-23,167500.0,161750.0,167500.0,165000.0,204.0,165000.0
2007-01-24,167000.0,166500.0,167000.0,166500.0,400.0,166500.0
2007-01-25,166500.0,160250.0,166500.0,166500.0,438.0,166500.0
2007-01-26,167500.0,156000.0,167500.0,166000.0,524.0,166000.0
2007-01-29,166250.0,162750.0,162750.0,166250.0,380.0,166250.0
2007-01-30,166500.0,166000.0,166500.0,166250.0,274.0,166250.0
2007-01-31,166500.0,161000.0,166500.0,162500.0,582.0,162500.0
2007-02-01,165000.0,155500.0,165000.0,164000.0,962.0,164000.0
2007-02-02,165000.0,159750.0,159750.0,165000.0,336.0,165000.0
2007-02-05,165000.0,158500.0,158500.0,165000.0,1252.0,165000.0
2007-02-06,167000.0,161750.0,167000.0,165000.0,1936.0,165000.0
2007-02-07,165000.0,162000.0,165000.0,164500.0,434.0,164500.0
2007-02-08,165000.0,162250.0,162250.0,165000.0,572.0,165000.0
2007-02-09,165000.0,162750.0,165000.0,165000.0,328.0,165000.0
2007-02-12,164500.0,158500.0,158500.0,164250.0,90.0,164250.0
2007-02-13,165000.0,162500.0,164250.0,165000.0,440.0,165000.0
2007-02-14,166000.0,161250.0,161250.0,166000.0,950.0,166000.0
2007-02-15,165500.0,162500.0,164250.0,165000.0,742.0,165000.0
2007-02-16,167000.0,162250.0,162500.0,162500.0,586.0,162500.0
2007-02-20,167500.0,159750.0,162500.0,167500.0,516.0,167500.0
2007-02-21,167500.0,160500.0,163500.0,167250.0,900.0,167250.0
2007-02-22,167500.0,163750.0,167500.0,167500.0,360.0,167500.0
2007-02-23,167250.0,162500.0,164250.0,167000.0,538.0,167000.0
2007-02-26,166250.0,163250.0,163750.0,165000.0,328.0,165000.0
2007-02-27,165000.0,161250.0,162500.0,163750.0,516.0,163750.0
2007-02-28,167500.0,156250.0,167500.0,157750.0,1160.0,157750.0
2007-03-05,160000.0,151250.0,155500.0,151250.0,816.0,151250.0
2007-03-06,160000.0,152500.0,152500.0,156750.0,480.0,156750.0
2007-03-07,157500.0,153750.0,157000.0,157000.0,488.0,157000.0
2007-03-08,157500.0,154500.0,154500.0,157500.0,916.0,157500.0
2007-03-09,157500.0,153250.0,157500.0,156500.0,412.0,156500.0
2007-03-12,157000.0,153250.0,156500.0,153500.0,544.0,153500.0
2007-03-13,153000.0,145500.0,153000.0,150000.0,2265.0,150000.0
2007-03-14,150000.0,145250.0,150000.0,149750.0,392.0,149750.0
2007-03-15,152250.0,145750.0,152250.0,150500.0,328.0,150500.0
2007-03-16,155000.0,147500.0,155000.0,152500.0,674.0,152500.0
2007-03-19,161750.0,154750.0,154750.0,160000.0,400.0,160000.0
2007-03-20,162250.0,157250.0,159500.0,160000.0,370.0,160000.0
2007-03-21,159750.0,158250.0,159500.0,159750.0,234.0,159750.0
2007-03-22,167000.0,159500.0,162500.0,166500.0,478.0,166500.0
2007-03-23,168000.0,165000.0,165000.0,167500.0,2000.0,167500.0
2007-03-26,172500.0,167500.0,167500.0,172500.0,3980.0,172500.0
2007-03-27,177500.0,170000.0,170000.0,175000.0,5860.0,175000.0
2007-03-28,176250.0,172250.0,173750.0,174250.0,3158.0,174250.0
2007-03-29,179500.0,171000.0,171750.0,175000.0,1878.0,175000.0
2007-03-30,177750.0,175000.0,177500.0,176500.0,8532.0,176500.0
2007-04-02,176500.0,172500.0,176500.0,175500.0,2354.0,175500.0
2007-04-03,177750.0,174750.0,175500.0,177500.0,5136.0,177500.0
2007-04-04,181250.0,174250.0,174250.0,176000.0,694.0,176000.0
2007-04-05,176000.0,172000.0,176000.0,173750.0,278.0,173750.0
2007-04-06,174250.0,172500.0,173750.0,172500.0,780.0,172500.0
2007-04-09,175500.0,172500.0,172500.0,175250.0,224.0,175250.0
2007-04-10,178500.0,175250.0,175250.0,178500.0,884.0,178500.0
2007-04-11,180000.0,175500.0,178500.0,179750.0,848.0,179750.0
2007-04-12,179750.0,176000.0,179750.0,178000.0,678.0,178000.0
2007-04-13,180000.0,175000.0,177000.0,176500.0,762.0,176500.0
2007-04-16,179250.0,173500.0,177000.0,179250.0,636.0,179250.0
2007-04-17,181500.0,175500.0,177500.0,180000.0,660.0,180000.0
2007-04-18,184000.0,178250.0,184000.0,180250.0,180.0,180250.0
2007-04-19,183750.0,176750.0,178250.0,176750.0,1240.0,176750.0
2007-04-20,184500.0,177500.0,184500.0,180250.0,1458.0,180250.0
2007-04-23,182250.0,177500.0,177750.0,179000.0,744.0,179000.0
2007-04-24,182000.0,177500.0,177750.0,180750.0,980.0,180750.0
2007-04-25,180750.0,177500.0,179000.0,180000.0,468.0,180000.0
2007-04-26,182250.0,177500.0,177750.0,182250.0,650.0,182250.0
2007-04-27,194250.0,177500.0,177750.0,191500.0,2664.0,191500.0
2007-04-30,197250.0,191750.0,192000.0,197250.0,3902.0,197250.0
2007-05-02,209000.0,194250.0,194250.0,205000.0,1172.0,205000.0
2007-05-03,215000.0,197250.0,215000.0,209000.0,2056.0,209000.0
2007-05-04,212500.0,200000.0,203750.0,212500.0,2594.0,212500.0
2007-05-07,219000.0,206000.0,206000.0,215500.0,680.0,215500.0
2007-05-08,224000.0,210750.0,215000.0,217500.0,3736.0,217500.0
2007-05-09,223500.0,215250.0,215250.0,220000.0,790.0,220000.0
2007-05-10,251000.0,213500.0,213500.0,229750.0,1956.0,229750.0
2007-05-11,250000.0,220000.0,250000.0,220000.0,1692.0,220000.0
2007-05-14,220000.0,207000.0,217500.0,218750.0,1428.0,218750.0
2007-05-15,218250.0,209750.0,209750.0,217250.0,814.0,217250.0
2007-05-16,221500.0,213000.0,213000.0,220250.0,582.0,220250.0
2007-05-17,220000.0,214000.0,214000.0,216500.0,378.0,216500.0
2007-05-18,237500.0,213250.0,237500.0,221500.0,856.0,221500.0
2007-05-21,235000.0,222000.0,234500.0,229000.0,1586.0,229000.0
2007-05-22,233250.0,219250.0,225000.0,226000.0,2574.0,226000.0
2007-05-23,247750.0,223500.0,223500.0,232500.0,1152.0,232500.0
2007-05-25,247500.0,229000.0,247500.0,231250.0,666.0,231250.0
2007-05-28,235000.0,229250.0,229250.0,235000.0,1140.0,235000.0
2007-05-29,235750.0,230500.0,233250.0,232500.0,1010.0,232500.0
2007-05-30,237500.0,226250.0,229500.0,235000.0,3014.0,235000.0
2007-05-31,245000.0,230250.0,235500.0,245000.0,1840.0,245000.0
2007-06-01,259500.0,238500.0,245000.0,259500.0,2140.0,259500.0
2007-06-04,267500.0,251500.0,259500.0,259000.0,1853.0,259000.0
2007-06-05,264500.0,253500.0,255000.0,256000.0,2703.0,256000.0
2007-06-07,275000.0,251000.0,253500.0,265000.0,2665.0,265000.0
2007-06-08,274000.0,254000.0,259000.0,260000.0,2935.0,260000.0
2007-06-11,265500.0,245500.0,252500.0,260000.0,1859.0,260000.0
2007-06-12,267000.0,251000.0,251000.0,261500.0,415.0,261500.0
2007-06-13,266500.0,255000.0,255000.0,262500.0,1270.0,262500.0
2007-06-14,272500.0,259000.0,259000.0,266000.0,1924.0,266000.0
2007-06-15,267000.0,254000.0,266500.0,254000.0,642.0,254000.0
2007-06-18,264000.0,251500.0,254000.0,263500.0,1639.0,263500.0
2007-06-19,267000.0,255500.0,256000.0,266500.0,1361.0,266500.0
2007-06-20,270000.0,263000.0,263000.0,266000.0,1180.0,266000.0
2007-06-21,266500.0,257000.0,257000.0,266500.0,1529.0,266500.0
2007-06-22,274500.0,262500.0,262500.0,268500.0,1338.0,268500.0
2007-06-25,274500.0,231750.0,260000.0,267500.0,2526.0,267500.0
2007-06-26,274500.0,262500.0,274500.0,266500.0,1823.0,266500.0
2007-06-27,270000.0,255000.0,255500.0,265000.0,2313.0,265000.0
2007-06-28,267500.0,258000.0,260500.0,267500.0,1844.0,267500.0
2007-06-29,290000.0,259000.0,290000.0,259000.0,1060.0,259000.0
2007-07-02,273000.0,245500.0,256500.0,258000.0,1925.0,258000.0
2007-07-03,261000.0,252500.0,254500.0,258000.0,2082.0,258000.0
2007-07-04,270000.0,253500.0,258000.0,269000.0,2235.0,269000.0
2007-07-05,269500.0,263000.0,266500.0,269000.0,1346.0,269000.0
2007-07-06,284500.0,267000.0,284500.0,276500.0,831.0,276500.0
2007-07-09,279500.0,268000.0,273000.0,275000.0,702.0,275000.0
2007-07-10,280000.0,264500.0,269500.0,272500.0,881.0,272500.0
2007-07-11,282500.0,264500.0,279500.0,264500.0,748.0,264500.0
2007-07-12,274000.0,261000.0,261500.0,266500.0,1336.0,266500.0
2007-07-13,281500.0,265000.0,266500.0,278000.0,1457.0,278000.0
2007-07-16,286000.0,275500.0,277500.0,283500.0,986.0,283500.0
2007-07-18,288500.0,278000.0,278000.0,280000.0,908.0,280000.0
2007-07-19,289500.0,277000.0,286000.0,288000.0,948.0,288000.0
2007-07-20,290000.0,280000.0,284000.0,280000.0,686.0,280000.0
2007-07-23,288000.0,275000.0,288000.0,285500.0,624.0,285500.0
2007-07-24,287000.0,276500.0,285500.0,276500.0,1379.0,276500.0
2007-07-25,282500.0,275000.0,276500.0,281500.0,1159.0,281500.0
2007-07-26,287000.0,275500.0,281500.0,281500.0,1081.0,281500.0
2007-07-27,319500.0,267500.0,287000.0,275000.0,1946.0,275000.0
2007-07-30,279500.0,269000.0,279500.0,276000.0,797.0,276000.0
2007-07-31,278000.0,267500.0,268500.0,276500.0,1423.0,276500.0
2007-08-01,279500.0,269500.0,279500.0,270000.0,1152.0,270000.0
2007-08-02,277000.0,265500.0,270500.0,274000.0,974.0,274000.0
2007-08-03,279500.0,272000.0,274000.0,274000.0,846.0,274000.0
2007-08-06,275000.0,265000.0,265000.0,270000.0,858.0,270000.0
2007-08-07,280000.0,269500.0,276000.0,279500.0,524.0,279500.0
2007-08-08,321000.0,276500.0,280000.0,280000.0,6782.0,280000.0
2007-08-09,282500.0,277500.0,277500.0,279000.0,1279.0,279000.0
2007-08-10,280000.0,261000.0,268500.0,278500.0,2068.0,278500.0
2007-08-13,282500.0,273000.0,279000.0,280000.0,1359.0,280000.0
2007-08-14,280500.0,266500.0,271500.0,275000.0,1267.0,275000.0
2007-08-16,280000.0,259000.0,270000.0,269500.0,2436.0,269500.0
2007-08-17,286500.0,250000.0,286500.0,252500.0,1995.0,252500.0
2007-08-20,257000.0,247500.0,255000.0,252500.0,2160.0,252500.0
2007-08-21,252500.0,243250.0,252500.0,245500.0,1901.0,245500.0
2007-08-22,255000.0,238250.0,238250.0,249750.0,1353.0,249750.0
2007-08-23,257000.0,244750.0,244750.0,256000.0,1566.0,256000.0
2007-08-24,251000.0,245250.0,250000.0,249750.0,1261.0,249750.0
2007-08-27,254500.0,248000.0,248000.0,248500.0,1816.0,248500.0
2007-08-28,253000.0,246000.0,249750.0,250500.0,1291.0,250500.0
2007-08-29,257500.0,242250.0,250000.0,248500.0,1986.0,248500.0
2007-08-30,263000.0,248750.0,248750.0,253500.0,1584.0,253500.0
2007-08-31,265500.0,252500.0,252500.0,264000.0,1959.0,264000.0
2007-09-03,266500.0,256000.0,260500.0,261000.0,1514.0,261000.0
2007-09-04,261000.0,252500.0,256000.0,260000.0,1921.0,260000.0
2007-09-05,264500.0,247500.0,256000.0,251000.0,2073.0,251000.0
2007-09-06,258500.0,245750.0,255000.0,251500.0,2163.0,251500.0
2007-09-07,256000.0,241500.0,248250.0,252500.0,1549.0,252500.0
2007-09-10,256500.0,241000.0,256500.0,244750.0,1420.0,244750.0
2007-09-11,252000.0,240500.0,252000.0,240500.0,1518.0,240500.0
2007-09-12,240750.0,233750.0,240750.0,234000.0,1473.0,234000.0
2007-09-13,236750.0,219750.0,236750.0,231000.0,3584.0,231000.0
2007-09-14,246250.0,226000.0,227750.0,238500.0,1168.0,238500.0
2007-09-17,240500.0,228500.0,228500.0,239500.0,1012.0,239500.0
2007-09-18,249750.0,230000.0,249750.0,234000.0,822.0,234000.0
2007-09-19,260000.0,234500.0,234500.0,249500.0,1606.0,249500.0
2007-09-20,259500.0,250000.0,259500.0,254500.0,1134.0,254500.0
2007-09-21,264000.0,256000.0,256000.0,263500.0,1596.0,263500.0
2007-09-27,271500.0,255000.0,270000.0,270000.0,651.0,270000.0
2007-09-28,272000.0,260500.0,261000.0,266000.0,912.0,266000.0
2007-10-01,277000.0,258500.0,266000.0,260500.0,1354.0,260500.0
2007-10-02,272000.0,257500.0,263000.0,257500.0,1549.0,257500.0
2007-10-04,289500.0,257000.0,257000.0,278500.0,1862.0,278500.0
2007-10-05,279500.0,264000.0,274500.0,272500.0,1066.0,272500.0
2007-10-08,275000.0,265000.0,274000.0,266500.0,1092.0,266500.0
2007-10-09,272500.0,256500.0,263000.0,257000.0,707.0,257000.0
2007-10-10,256500.0,252000.0,253000.0,252000.0,646.0,252000.0
2007-10-11,256500.0,237500.0,250500.0,252000.0,2514.0,252000.0
2007-10-12,253500.0,243500.0,252000.0,249750.0,1588.0,249750.0
2007-10-15,250000.0,240000.0,244000.0,249000.0,558.0,249000.0
2007-10-16,250000.0,235750.0,249000.0,241500.0,1066.0,241500.0
2007-10-17,249500.0,226750.0,242500.0,236750.0,1730.0,236750.0
2007-10-18,238000.0,220000.0,237000.0,220000.0,2257.0,220000.0
2007-10-19,221500.0,214250.0,219750.0,219000.0,1068.0,219000.0
2007-10-22,226000.0,206000.0,212500.0,215000.0,1740.0,215000.0
2007-10-23,224250.0,206500.0,224250.0,220000.0,2397.0,220000.0
2007-10-24,216750.0,205000.0,214250.0,205000.0,1506.0,205000.0
2007-10-25,208500.0,196750.0,208250.0,196750.0,1196.0,196750.0
2007-10-26,199750.0,192250.0,195000.0,195000.0,2002.0,195000.0
2007-10-29,211000.0,195000.0,195000.0,206000.0,1527.0,206000.0
2007-10-30,218500.0,197500.0,206000.0,217750.0,1184.0,217750.0
2007-10-31,229500.0,217750.0,217750.0,228000.0,1884.0,228000.0
2007-11-01,239250.0,220000.0,225250.0,228500.0,1080.0,228500.0
2007-11-02,232250.0,207750.0,229500.0,207750.0,599.0,207750.0
2007-11-05,215750.0,205250.0,205500.0,214500.0,860.0,214500.0
2007-11-06,224750.0,209500.0,216000.0,214500.0,597.0,214500.0
2007-11-07,221250.0,210500.0,210500.0,216500.0,1380.0,216500.0
2007-11-08,220000.0,208000.0,220000.0,216500.0,1480.0,216500.0
2007-11-09,226500.0,215000.0,226500.0,216500.0,668.0,216500.0
2007-11-12,216500.0,206500.0,206500.0,212500.0,380.0,212500.0
2007-11-13,225750.0,204250.0,225750.0,204250.0,344.0,204250.0
2007-11-14,224500.0,202500.0,205250.0,224500.0,672.0,224500.0
2007-11-15,225000.0,213250.0,215250.0,224500.0,1400.0,224500.0
2007-11-16,227500.0,208000.0,220250.0,222500.0,991.0,222500.0
2007-11-19,233000.0,210750.0,233000.0,210750.0,599.0,210750.0
2007-11-20,219000.0,206500.0,210250.0,206500.0,378.0,206500.0
2007-11-21,214000.0,199000.0,201750.0,206500.0,634.0,206500.0
2007-11-22,218250.0,202750.0,218250.0,203500.0,838.0,203500.0
2007-11-23,215000.0,201250.0,205750.0,202500.0,1720.0,202500.0
2007-11-26,204500.0,195750.0,202500.0,202500.0,1860.0,202500.0
2007-11-27,207250.0,195750.0,206000.0,201750.0,1076.0,201750.0
2007-11-28,209500.0,195500.0,209500.0,195500.0,748.0,195500.0
2007-11-29,203750.0,195500.0,196250.0,196250.0,1282.0,196250.0
2007-11-30,199000.0,195500.0,196250.0,199000.0,578.0,199000.0
2007-12-03,207250.0,195750.0,199500.0,198250.0,494.0,198250.0
2007-12-04,201500.0,195000.0,201500.0,195500.0,285.0,195500.0
2007-12-05,197500.0,193000.0,197500.0,197000.0,492.0,197000.0
2007-12-06,201500.0,195500.0,196250.0,197500.0,1172.0,197500.0
2007-12-07,202500.0,197250.0,202250.0,197250.0,1158.0,197250.0
2007-12-10,201500.0,191000.0,195500.0,191000.0,925.0,191000.0
2007-12-11,197250.0,185000.0,191500.0,191000.0,840.0,191000.0
2007-12-12,204500.0,186500.0,204500.0,200000.0,900.0,200000.0
2007-12-13,197500.0,189250.0,192750.0,195000.0,2685.0,195000.0
2007-12-14,205000.0,191500.0,191500.0,200000.0,794.0,200000.0
2007-12-17,200000.0,192250.0,198250.0,195250.0,632.0,195250.0
2007-12-18,198250.0,191000.0,198250.0,191500.0,320.0,191500.0
2007-12-20,197500.0,192750.0,194250.0,196000.0,376.0,196000.0
2007-12-21,196500.0,193500.0,196000.0,195000.0,164.0,195000.0
2007-12-24,210000.0,195000.0,198750.0,203000.0,262.0,203000.0
2007-12-26,212500.0,200750.0,212500.0,207500.0,500.0,207500.0
2007-12-27,211500.0,202500.0,207500.0,210000.0,875.0,210000.0
2007-12-28,210000.0,205000.0,205000.0,206000.0,280.0,206000.0
2008-01-02,210750.0,205000.0,206000.0,209500.0,1439.0,209500.0
2008-01-03,218000.0,209250.0,209500.0,211250.0,3096.0,211250.0
2008-01-04,219250.0,212000.0,214750.0,216500.0,1830.0,216500.0
2008-01-07,220000.0,211500.0,216250.0,212500.0,690.0,212500.0
2008-01-08,216750.0,208250.0,216750.0,210000.0,557.0,210000.0
2008-01-09,210000.0,206000.0,206500.0,207500.0,462.0,207500.0
2008-01-10,207500.0,199500.0,207500.0,201500.0,1006.0,201500.0
2008-01-11,206000.0,191250.0,201500.0,191250.0,1358.0,191250.0
2008-01-14,196500.0,188750.0,196500.0,191500.0,795.0,191500.0
2008-01-15,201000.0,187250.0,201000.0,187500.0,778.0,187500.0
2008-01-16,187500.0,181250.0,187500.0,183250.0,408.0,183250.0
2008-01-17,182000.0,180000.0,181500.0,181750.0,470.0,181750.0
2008-01-18,180000.0,178000.0,178500.0,180000.0,403.0,180000.0
2008-01-21,181000.0,175000.0,180000.0,180250.0,584.0,180250.0
2008-01-22,182500.0,162750.0,182500.0,171000.0,1288.0,171000.0
2008-01-23,177500.0,166500.0,175000.0,172000.0,482.0,172000.0
2008-01-24,175000.0,162500.0,172000.0,171500.0,4851.0,171500.0
2008-01-25,180000.0,166000.0,171500.0,177750.0,1125.0,177750.0
2008-01-28,179500.0,170250.0,179500.0,173000.0,1678.0,173000.0
2008-01-29,173000.0,167500.0,173000.0,168000.0,338.0,168000.0
2008-01-30,184500.0,167750.0,176250.0,172500.0,3046.0,172500.0
2008-01-31,175500.0,160250.0,168250.0,174750.0,532.0,174750.0
2008-02-01,176500.0,172500.0,174750.0,176500.0,494.0,176500.0
2008-02-04,184500.0,170000.0,176750.0,179500.0,505.0,179500.0
2008-02-05,190000.0,175000.0,175000.0,181250.0,714.0,181250.0
2008-02-11,180000.0,177500.0,177500.0,180000.0,437.0,180000.0
2008-02-12,180000.0,175500.0,177000.0,180000.0,337.0,180000.0
2008-02-13,180000.0,176750.0,180000.0,179500.0,414.0,179500.0
2008-02-14,182250.0,175750.0,182250.0,179500.0,364.0,179500.0
2008-02-15,181500.0,176000.0,176750.0,181000.0,274.0,181000.0
2008-02-18,182000.0,181000.0,181000.0,182000.0,316.0,182000.0
2008-02-19,182500.0,177750.0,182500.0,178000.0,288.0,178000.0
2008-02-20,179000.0,176750.0,178000.0,177000.0,236.0,177000.0
2008-02-21,178000.0,173500.0,177250.0,173500.0,84.0,173500.0
2008-02-22,173500.0,168500.0,170000.0,171750.0,188.0,171750.0
2008-02-25,175000.0,173000.0,175000.0,175000.0,300.0,175000.0
2008-02-26,174500.0,171000.0,174500.0,174500.0,76.0,174500.0
2008-02-27,182500.0,175000.0,175000.0,182000.0,360.0,182000.0
2008-02-28,182500.0,177250.0,182500.0,180000.0,452.0,180000.0
2008-02-29,180750.0,162750.0,180000.0,178000.0,296.0,178000.0
2008-03-03,178000.0,168750.0,178000.0,173000.0,384.0,173000.0
2008-03-04,179500.0,170250.0,170250.0,179500.0,406.0,179500.0
2008-03-05,181250.0,177500.0,179500.0,181250.0,178.0,181250.0
2008-03-06,181250.0,175250.0,180750.0,181250.0,504.0,181250.0
2008-03-07,181250.0,176250.0,181250.0,181250.0,268.0,181250.0
2008-03-10,187500.0,176250.0,181250.0,187500.0,107.0,187500.0
2008-03-11,187750.0,185000.0,185000.0,186500.0,136.0,186500.0
2008-03-12,191250.0,181750.0,181750.0,187500.0,502.0,187500.0
2008-03-13,185500.0,178500.0,185250.0,182500.0,232.0,182500.0
2008-03-14,185500.0,156000.0,181000.0,185500.0,922.0,185500.0
2008-03-17,184250.0,175500.0,175500.0,182500.0,154.0,182500.0
2008-03-18,185000.0,176000.0,180000.0,185000.0,314.0,185000.0
2008-03-19,185000.0,178250.0,185000.0,184250.0,570.0,184250.0
2008-03-20,184000.0,180250.0,180250.0,183500.0,230.0,183500.0
2008-03-21,184750.0,178500.0,178500.0,179750.0,70.0,179750.0
2008-03-24,184500.0,177250.0,177250.0,182500.0,386.0,182500.0
2008-03-25,182500.0,177500.0,182500.0,178500.0,133.0,178500.0
2008-03-26,180000.0,174500.0,180000.0,175000.0,616.0,175000.0
2008-03-27,181250.0,172000.0,175750.0,174000.0,302.0,174000.0
2008-03-28,182000.0,174000.0,174000.0,174500.0,172.0,174500.0
2008-03-31,182500.0,171750.0,171750.0,182500.0,732.0,182500.0
2008-04-01,182500.0,174000.0,174000.0,180000.0,108.0,180000.0
2008-04-02,183750.0,173000.0,177500.0,180000.0,514.0,180000.0
2008-04-03,189750.0,175250.0,175250.0,181500.0,462.0,181500.0
2008-04-04,186500.0,178000.0,181500.0,186500.0,410.0,186500.0
2008-04-07,190000.0,181500.0,190000.0,181500.0,52.0,181500.0
2008-04-08,184500.0,178000.0,178000.0,182500.0,210.0,182500.0
2008-04-10,182250.0,178750.0,182250.0,178750.0,74.0,178750.0
2008-04-11,182500.0,176250.0,176250.0,179000.0,591.0,179000.0
2008-04-14,179000.0,175250.0,179000.0,179000.0,802.0,179000.0
2008-04-15,182250.0,176500.0,176500.0,182250.0,272.0,182250.0
2008-04-16,182000.0,179250.0,182000.0,179250.0,130.0,179250.0
2008-04-17,183500.0,176000.0,182500.0,176000.0,308.0,176000.0
2008-04-18,177250.0,174000.0,175500.0,177250.0,194.0,177250.0
2008-04-21,178500.0,173500.0,177250.0,177250.0,474.0,177250.0
2008-04-22,177250.0,173500.0,177250.0,173500.0,360.0,173500.0
2008-04-23,179000.0,172500.0,172500.0,174000.0,737.0,174000.0
2008-04-24,178000.0,174000.0,174000.0,178000.0,248.0,178000.0
2008-04-25,180000.0,175500.0,177500.0,178750.0,186.0,178750.0
2008-04-28,190000.0,176500.0,190000.0,181500.0,346.0,181500.0
2008-04-29,188000.0,179250.0,188000.0,182250.0,10200.0,182250.0
2008-04-30,182500.0,182250.0,182250.0,182500.0,230.0,182500.0
2008-05-02,184000.0,181500.0,182500.0,184000.0,10382.0,184000.0
2008-05-06,187500.0,180500.0,187500.0,184500.0,362.0,184500.0
2008-05-07,185000.0,181000.0,181750.0,184500.0,366.0,184500.0
2008-05-08,188250.0,184500.0,184500.0,187750.0,140.0,187750.0
2008-05-09,194500.0,185000.0,194500.0,187750.0,146.0,187750.0
2008-05-13,190000.0,185250.0,189750.0,189000.0,68.0,189000.0
2008-05-14,194000.0,186000.0,194000.0,193750.0,94.0,193750.0
2008-05-15,198750.0,187000.0,198750.0,187500.0,274.0,187500.0
2008-05-16,187000.0,183500.0,186750.0,186500.0,148.0,186500.0
2008-05-19,186250.0,183500.0,186250.0,183500.0,264.0,183500.0
2008-05-20,182750.0,178250.0,182750.0,179000.0,317.0,179000.0
2008-05-21,180250.0,177000.0,180250.0,179750.0,56.0,179750.0
2008-05-22,183500.0,178000.0,183500.0,178000.0,174.0,178000.0
2008-05-23,181250.0,174000.0,181000.0,175000.0,80.0,175000.0
2008-05-26,179750.0,174500.0,179750.0,174500.0,92.0,174500.0
2008-05-27,179750.0,175000.0,179750.0,176500.0,61.0,176500.0
2008-05-28,177750.0,175500.0,175500.0,176750.0,80.0,176750.0
2008-05-29,179750.0,179250.0,179500.0,179250.0,366.0,179250.0
2008-05-30,194500.0,178250.0,180000.0,186250.0,160.0,186250.0
2008-06-02,191000.0,183500.0,186250.0,183500.0,94.0,183500.0
2008-06-03,184000.0,178250.0,178250.0,180500.0,198.0,180500.0
2008-06-04,182000.0,177500.0,182000.0,180500.0,244.0,180500.0
2008-06-05,180250.0,175000.0,180250.0,175000.0,128.0,175000.0
2008-06-09,189500.0,168750.0,189500.0,174500.0,160.0,174500.0
2008-06-10,187500.0,170000.0,187500.0,172500.0,324.0,172500.0
2008-06-11,173000.0,168500.0,173000.0,170000.0,242.0,170000.0
2008-06-12,171000.0,165500.0,166000.0,165500.0,1424.0,165500.0
2008-06-13,163500.0,157500.0,162000.0,163000.0,1330.0,163000.0
2008-06-16,163000.0,160000.0,163000.0,161000.0,752.0,161000.0
2008-06-17,159500.0,157500.0,157500.0,157500.0,188.0,157500.0
2008-06-18,159000.0,157500.0,157500.0,159000.0,67.0,159000.0
2008-06-19,164000.0,155500.0,155500.0,164000.0,538.0,164000.0
2008-06-20,167750.0,162500.0,164000.0,166750.0,536.0,166750.0
2008-06-23,167000.0,161000.0,166500.0,166750.0,276.0,166750.0
2008-06-24,166750.0,158750.0,162250.0,166750.0,648.0,166750.0
2008-06-25,164500.0,160750.0,161250.0,164500.0,271.0,164500.0
2008-06-26,164750.0,160750.0,164500.0,160750.0,1108.0,160750.0
2008-06-27,159250.0,154500.0,159250.0,154500.0,363.0,154500.0
2008-06-30,168250.0,154750.0,155000.0,157500.0,796.0,157500.0
2008-07-01,157500.0,156000.0,157500.0,156000.0,86.0,156000.0
2008-07-02,162000.0,146500.0,162000.0,156000.0,458.0,156000.0
2008-07-03,156000.0,146500.0,146500.0,155000.0,628.0,155000.0
2008-07-04,176750.0,144250.0,150500.0,147250.0,322.0,147250.0
2008-07-07,147250.0,142750.0,147250.0,143000.0,672.0,143000.0
2008-07-08,146750.0,138500.0,143000.0,141750.0,698.0,141750.0
2008-07-09,150500.0,138500.0,141500.0,145000.0,678.0,145000.0
2008-07-10,144500.0,139250.0,140000.0,139750.0,207.0,139750.0
2008-07-11,139750.0,136000.0,139750.0,136000.0,533.0,136000.0
2008-07-14,136250.0,130500.0,135000.0,130750.0,498.0,130750.0
2008-07-15,128500.0,124500.0,128500.0,125000.0,226.0,125000.0
2008-07-16,125500.0,121750.0,122750.0,124000.0,216.0,124000.0
2008-07-17,125500.0,122000.0,125500.0,122000.0,1132.0,122000.0
2008-07-18,122000.0,111500.0,122000.0,115000.0,714.0,115000.0
2008-07-21,118750.0,112250.0,116500.0,112250.0,2158.0,112250.0
2008-07-22,118000.0,111000.0,112750.0,112500.0,2671.0,112500.0
2008-07-23,116500.0,113250.0,114000.0,116250.0,2248.0,116250.0
2008-07-24,118000.0,114500.0,116000.0,116750.0,1579.0,116750.0
2008-07-25,116250.0,111500.0,116250.0,112250.0,2294.0,112250.0
2008-07-28,111500.0,107250.0,110500.0,107250.0,3586.0,107250.0
2008-07-29,106500.0,103000.0,106500.0,103500.0,2974.0,103500.0
2008-07-30,106750.0,100500.0,105250.0,102250.0,1228.0,102250.0
2008-07-31,106000.0,99250.0,102250.0,106000.0,3420.0,106000.0
2008-08-01,105750.0,103250.0,105000.0,105000.0,3101.0,105000.0
2008-08-04,105500.0,102250.0,105500.0,102500.0,2936.0,102500.0
2008-08-05,104250.0,100750.0,100750.0,102500.0,490.0,102500.0
2008-08-06,105500.0,100500.0,103000.0,104000.0,3653.0,104000.0
2008-08-07,106250.0,102500.0,104250.0,103500.0,1577.0,103500.0
2008-08-08,104000.0,100500.0,103500.0,103250.0,1635.0,103250.0
2008-08-11,105000.0,102250.0,105000.0,103250.0,2302.0,103250.0
2008-08-12,104500.0,102500.0,104500.0,102750.0,1756.0,102750.0
2008-08-13,104500.0,102250.0,104500.0,102250.0,510.0,102250.0
2008-08-14,102750.0,101500.0,102250.0,102250.0,512.0,102250.0
2008-08-18,103000.0,97250.0,102250.0,97250.0,2350.0,97250.0
2008-08-19,97250.0,92500.0,95500.0,92750.0,1200.0,92750.0
2008-08-20,96750.0,92750.0,96750.0,93750.0,782.0,93750.0
2008-08-21,94250.0,91250.0,91250.0,93500.0,592.0,93500.0
2008-08-22,95000.0,86500.0,92250.0,95000.0,1444.0,95000.0
2008-08-25,95500.0,93000.0,95000.0,94250.0,83.0,94250.0
2008-08-26,92500.0,90000.0,90500.0,91500.0,200.0,91500.0
2008-08-27,92500.0,90000.0,90000.0,92000.0,294.0,92000.0
2008-08-28,93500.0,91000.0,92000.0,91750.0,528.0,91750.0
2008-08-29,92750.0,90250.0,90250.0,91250.0,454.0,91250.0
2008-09-01,92250.0,87500.0,87500.0,89000.0,812.0,89000.0
2008-09-02,90250.0,84750.0,84750.0,87250.0,764.0,87250.0
2008-09-03,90500.0,83250.0,83250.0,89750.0,386.0,89750.0
2008-09-04,89500.0,85750.0,85750.0,89500.0,191.0,89500.0
2008-09-05,90500.0,86500.0,86500.0,88000.0,1136.0,88000.0
2008-09-08,90750.0,87500.0,87500.0,90750.0,1410.0,90750.0
2008-09-09,90000.0,87250.0,90000.0,87500.0,734.0,87500.0
2008-09-10,87500.0,85000.0,85000.0,87000.0,956.0,87000.0
2008-09-11,95000.0,86000.0,86000.0,89000.0,1988.0,89000.0
2008-09-12,93250.0,86750.0,89000.0,89750.0,4564.0,89750.0
2008-09-16,87750.0,82500.0,84000.0,84500.0,3019.0,84500.0
2008-09-17,87000.0,84000.0,84000.0,84500.0,5158.0,84500.0
2008-09-18,84250.0,78500.0,80000.0,80000.0,1.0,80000.0
2008-09-19,81750.0,79250.0,81000.0,80500.0,5134.0,80500.0
2008-09-22,82500.0,75000.0,82500.0,77500.0,4199.0,77500.0
2008-09-23,78000.0,76250.0,78000.0,77250.0,2507.0,77250.0
2008-09-24,80250.0,77000.0,77250.0,80250.0,2154.0,80250.0
2008-09-25,80750.0,78750.0,80000.0,80750.0,2100.0,80750.0
2008-09-26,81500.0,78250.0,80750.0,78500.0,2092.0,78500.0
2008-09-29,82000.0,78500.0,80250.0,80000.0,2600.0,80000.0
2008-09-30,79000.0,74750.0,77000.0,78500.0,1260.0,78500.0
2008-10-01,80000.0,76750.0,78500.0,78250.0,1212.0,78250.0
2008-10-02,80500.0,76500.0,78250.0,80000.0,2802.0,80000.0
2008-10-06,80000.0,73750.0,80000.0,74500.0,1234.0,74500.0
2008-10-07,74000.0,63750.0,72500.0,72500.0,3188.0,72500.0
2008-10-08,72000.0,64000.0,72000.0,65000.0,954.0,65000.0
2008-10-09,70000.0,65000.0,65000.0,70000.0,1836.0,70000.0
2008-10-10,67500.0,61250.0,66500.0,66500.0,2306.0,66500.0
2008-10-13,70750.0,64000.0,67500.0,68000.0,2682.0,68000.0
2008-10-14,73750.0,67500.0,69000.0,69500.0,5003.0,69500.0
2008-10-15,68500.0,66500.0,67500.0,68500.0,2374.0,68500.0
2008-10-16,65500.0,58250.0,65500.0,59750.0,2158.0,59750.0
2008-10-17,62000.0,57500.0,60250.0,58250.0,706.0,58250.0
2008-10-20,58750.0,55500.0,57250.0,58250.0,3766.0,58250.0
2008-10-21,58250.0,55000.0,56750.0,55750.0,1684.0,55750.0
2008-10-22,56000.0,49500.0,53000.0,50750.0,1168.0,50750.0
2008-10-23,57500.0,43750.0,45550.0,45000.0,2630.0,45000.0
2008-10-24,45000.0,38050.0,44450.0,38350.0,1288.0,38350.0
2008-10-27,36450.0,34250.0,34800.0,34250.0,8058.0,34250.0
2008-10-28,32500.0,29150.0,30550.0,31250.0,15556.0,31250.0
2008-10-29,35000.0,27850.0,34950.0,30000.0,12470.0,30000.0
2008-10-30,33650.0,30550.0,30850.0,32500.0,20092.0,32500.0
2008-10-31,35750.0,32450.0,32600.0,33350.0,16401.0,33350.0
2008-11-03,38350.0,33300.0,34200.0,36800.0,18546.0,36800.0
2008-11-04,42300.0,37800.0,38050.0,42300.0,23238.0,42300.0
2008-11-05,47900.0,44150.0,45000.0,44450.0,36708.0,44450.0
2008-11-06,41500.0,38000.0,41050.0,38050.0,12836.0,38050.0
2008-11-07,39750.0,33500.0,33500.0,38200.0,9679.0,38200.0
2008-11-10,43900.0,38650.0,39500.0,43450.0,13044.0,43450.0
2008-11-11,41850.0,40200.0,41450.0,41300.0,5522.0,41300.0
2008-11-12,44450.0,39750.0,39750.0,44250.0,10090.0,44250.0
2008-11-13,42500.0,40200.0,42500.0,42200.0,3114.0,42200.0
2008-11-14,46000.0,42050.0,43650.0,42900.0,5730.0,42900.0
2008-11-17,43150.0,39500.0,43000.0,41750.0,4131.0,41750.0
2008-11-18,41200.0,39600.0,40350.0,39750.0,1830.0,39750.0
2008-11-19,40900.0,37400.0,39600.0,38300.0,2057.0,38300.0
2008-11-20,36750.0,32600.0,36750.0,32600.0,3382.0,32600.0
2008-11-21,33750.0,28700.0,29050.0,33650.0,6938.0,33650.0
2008-11-24,34000.0,29100.0,34000.0,32100.0,2018.0,32100.0
2008-11-25,34750.0,31500.0,33700.0,31650.0,2528.0,31650.0
2008-11-26,34250.0,31800.0,32700.0,33450.0,3312.0,33450.0
2008-11-27,34950.0,33150.0,33150.0,34050.0,7772.0,34050.0
2008-11-28,37400.0,34200.0,34750.0,36850.0,6806.0,36850.0
2008-12-01,38050.0,35600.0,36600.0,36550.0,6006.0,36550.0
2008-12-02,36850.0,32750.0,34500.0,36350.0,3054.0,36350.0
2008-12-03,37650.0,35300.0,37000.0,36250.0,1586.0,36250.0
2008-12-04,37350.0,35400.0,37350.0,35750.0,3210.0,35750.0
2008-12-05,36500.0,35500.0,35500.0,36300.0,1600.0,36300.0
2008-12-08,39250.0,36650.0,38950.0,39000.0,7900.0,39000.0
2008-12-09,41150.0,39100.0,40000.0,40500.0,7510.0,40500.0
2008-12-10,41500.0,39350.0,40500.0,41200.0,5458.0,41200.0
2008-12-11,46200.0,41100.0,41200.0,43500.0,8931.0,43500.0
2008-12-12,49950.0,42250.0,43500.0,46950.0,12096.0,46950.0
2008-12-15,53750.0,51500.0,53000.0,53750.0,14935.0,53750.0
2008-12-16,61750.0,61500.0,61750.0,61750.0,23139.0,61750.0
2008-12-17,71000.0,65750.0,71000.0,71000.0,84797.0,71000.0
2008-12-18,75750.0,65000.0,71000.0,70000.0,46968.0,70000.0
2008-12-19,75000.0,66000.0,68000.0,75000.0,29364.0,75000.0
2008-12-22,78750.0,71500.0,76250.0,72500.0,28857.0,72500.0
2008-12-23,72500.0,63000.0,72500.0,65500.0,15899.0,65500.0
2008-12-24,63750.0,56000.0,62500.0,61500.0,25546.0,61500.0
2008-12-26,70500.0,58500.0,62000.0,66000.0,21866.0,66000.0
2008-12-29,67250.0,60000.0,66500.0,66500.0,7544.0,66500.0
2008-12-30,70500.0,62750.0,68750.0,65000.0,17592.0,65000.0
2009-01-02,67750.0,62500.0,65500.0,65500.0,11869.0,65500.0
2009-01-05,66000.0,62000.0,65750.0,62500.0,17992.0,62500.0
2009-01-06,67500.0,62750.0,64750.0,63750.0,17896.0,63750.0
2009-01-07,73250.0,64000.0,65000.0,73250.0,40461.0,73250.0
2009-01-08,77250.0,73500.0,74250.0,74250.0,45454.0,74250.0
2009-01-09,77500.0,71000.0,77250.0,71500.0,23784.0,71500.0
2009-01-12,70000.0,65000.0,70000.0,66500.0,13610.0,66500.0
2009-01-13,68750.0,61000.0,65000.0,67000.0,10504.0,67000.0
2009-01-14,69250.0,67000.0,67000.0,68000.0,4917.0,68000.0
2009-01-15,66250.0,61250.0,64000.0,61250.0,10458.0,61250.0
2009-01-16,65750.0,61500.0,64500.0,65000.0,8615.0,65000.0
2009-01-19,67000.0,64000.0,66500.0,64000.0,4514.0,64000.0
2009-01-20,66000.0,63250.0,66000.0,64000.0,4338.0,64000.0
2009-01-21,63000.0,58500.0,61000.0,60250.0,8518.0,60250.0
2009-01-22,63500.0,60500.0,63000.0,60500.0,3806.0,60500.0
2009-01-23,60000.0,56250.0,58250.0,56500.0,6666.0,56500.0
2009-01-28,61750.0,57000.0,57000.0,61750.0,6276.0,61750.0
2009-01-29,63500.0,60250.0,62750.0,60500.0,4288.0,60500.0
2009-01-30,61250.0,59500.0,60500.0,61000.0,3420.0,61000.0
2009-02-02,61000.0,58000.0,59250.0,59500.0,5638.0,59500.0
2009-02-03,60750.0,58500.0,60750.0,59000.0,5252.0,59000.0
2009-02-04,61250.0,59250.0,60500.0,61000.0,7674.0,61000.0
2009-02-05,69750.0,62500.0,62500.0,69750.0,20630.0,69750.0
2009-02-06,73000.0,66500.0,71000.0,69500.0,55025.0,69500.0
2009-02-09,71500.0,65750.0,70750.0,67000.0,15865.0,67000.0
2009-02-10,69000.0,64000.0,67000.0,65750.0,9698.0,65750.0
2009-02-11,67000.0,63000.0,63750.0,67000.0,9736.0,67000.0
2009-02-12,67750.0,63500.0,66500.0,66750.0,11675.0,66750.0
2009-02-13,67750.0,64250.0,65500.0,66750.0,8241.0,66750.0
2009-02-16,67250.0,63500.0,66500.0,65000.0,8256.0,65000.0
2009-02-17,64000.0,60000.0,64000.0,60000.0,8388.0,60000.0
2009-02-18,59000.0,55250.0,57000.0,57250.0,9144.0,57250.0
2009-02-19,59500.0,55500.0,57250.0,56250.0,7658.0,56250.0
2009-02-20,58250.0,51250.0,56250.0,52250.0,6166.0,52250.0
2009-02-23,57000.0,50000.0,50250.0,56750.0,6872.0,56750.0
2009-02-24,55500.0,52500.0,55250.0,53500.0,3856.0,53500.0
2009-02-25,57000.0,52500.0,55000.0,52500.0,3468.0,52500.0
2009-02-26,54750.0,51000.0,53000.0,52750.0,2988.0,52750.0
2009-02-27,55000.0,51250.0,53750.0,54500.0,3010.0,54500.0
2009-03-02,54500.0,50500.0,52500.0,52250.0,6270.0,52250.0
2009-03-03,52000.0,48650.0,48650.0,51000.0,5172.0,51000.0
2009-03-04,53250.0,50000.0,50750.0,52500.0,4170.0,52500.0
2009-03-05,55750.0,51500.0,53500.0,52500.0,3292.0,52500.0
2009-03-06,52500.0,50250.0,52500.0,52500.0,3600.0,52500.0
2009-03-09,55500.0,52000.0,52500.0,53000.0,2620.0,53000.0
2009-03-10,60750.0,53250.0,54750.0,60750.0,15302.0,60750.0
2009-03-11,62000.0,58000.0,60750.0,59500.0,19789.0,59500.0
2009-03-12,61750.0,58750.0,58750.0,60250.0,9123.0,60250.0
2009-03-13,60750.0,58500.0,60500.0,59000.0,5577.0,59000.0
2009-03-16,62750.0,58250.0,60000.0,58250.0,7512.0,58250.0
2009-03-17,59500.0,56500.0,59500.0,57500.0,27060.0,57500.0
2009-03-18,60750.0,57250.0,59500.0,58000.0,36396.0,58000.0
2009-03-19,59250.0,56250.0,59000.0,56500.0,19470.0,56500.0
2009-03-20,59000.0,57000.0,57000.0,57500.0,8413.0,57500.0
2009-03-23,59000.0,58250.0,58500.0,59000.0,1472.0,59000.0
2009-03-24,62500.0,59750.0,62500.0,60250.0,13302.0,60250.0
2009-03-25,60750.0,58500.0,60250.0,60000.0,12452.0,60000.0
2009-03-26,65750.0,60000.0,61500.0,65000.0,26514.0,65000.0
2009-03-27,66750.0,62000.0,66000.0,62000.0,16198.0,62000.0
2009-03-30,63000.0,58000.0,62750.0,59000.0,8962.0,59000.0
2009-03-31,61500.0,59500.0,59750.0,60000.0,12200.0,60000.0
2009-04-01,64250.0,60000.0,61500.0,63250.0,15516.0,63250.0
2009-04-02,71750.0,63000.0,64250.0,70000.0,53072.0,70000.0
2009-04-03,71000.0,66750.0,70500.0,70000.0,23961.0,70000.0
2009-04-06,80500.0,70750.0,71500.0,79750.0,70793.0,79750.0
2009-04-07,83000.0,77000.0,82000.0,83000.0,34050.0,83000.0
2009-04-08,85000.0,78500.0,80500.0,79750.0,29211.0,79750.0
2009-04-09,84500.0,79500.0,82500.0,81750.0,23612.0,81750.0
2009-04-10,84500.0,77500.0,83500.0,79750.0,21508.0,79750.0
2009-04-13,84750.0,79000.0,81000.0,82750.0,18282.0,82750.0
2009-04-14,83000.0,78250.0,82750.0,79750.0,21619.0,79750.0
2009-04-15,79000.0,72750.0,79000.0,76250.0,23566.0,76250.0
2009-04-16,79250.0,73500.0,77750.0,73500.0,20252.0,73500.0
2009-04-17,76250.0,72250.0,75500.0,73000.0,15365.0,73000.0
2009-04-20,76000.0,72250.0,73500.0,75500.0,6966.0,75500.0
2009-04-21,78250.0,72000.0,72250.0,78250.0,9118.0,78250.0
2009-04-22,79000.0,75750.0,79000.0,77250.0,10822.0,77250.0
2009-04-23,78000.0,75500.0,77500.0,76000.0,7511.0,76000.0
2009-04-24,81250.0,75750.0,76750.0,80000.0,15874.0,80000.0
2009-04-27,81500.0,77750.0,81000.0,78000.0,15712.0,78000.0
2009-04-28,81000.0,74500.0,78000.0,74500.0,13290.0,74500.0
2009-04-29,76250.0,64000.0,74500.0,75500.0,7944.0,75500.0
2009-04-30,82250.0,77500.0,77500.0,80750.0,28936.0,80750.0
2009-05-04,83500.0,80000.0,82000.0,81250.0,14109.0,81250.0
2009-05-06,92750.0,81250.0,81500.0,85500.0,35768.0,85500.0
2009-05-07,87500.0,83500.0,87500.0,83500.0,13703.0,83500.0
2009-05-08,87000.0,83000.0,83000.0,85000.0,9768.0,85000.0
2009-05-11,86250.0,83750.0,86250.0,85000.0,7584.0,85000.0
2009-05-12,85000.0,82250.0,85000.0,83000.0,8229.0,83000.0
2009-05-13,84250.0,80250.0,83000.0,82000.0,7033.0,82000.0
2009-05-14,81000.0,77750.0,79500.0,79000.0,11318.0,79000.0
2009-05-15,81000.0,78000.0,80000.0,78750.0,13630.0,78750.0
2009-05-18,80000.0,75000.0,80000.0,78250.0,10626.0,78250.0
2009-05-19,79500.0,77750.0,79500.0,79000.0,11698.0,79000.0
2009-05-20,80000.0,78000.0,80000.0,78500.0,7474.0,78500.0
2009-05-21,78250.0,74250.0,78250.0,76500.0,10378.0,76500.0
2009-05-22,77000.0,74000.0,76500.0,74750.0,5650.0,74750.0
2009-05-25,76000.0,65500.0,74750.0,73000.0,6806.0,73000.0
2009-05-26,74250.0,70500.0,73250.0,73750.0,6276.0,73750.0
2009-05-27,74250.0,67750.0,74250.0,70000.0,5215.0,70000.0
2009-05-28,70000.0,66250.0,68500.0,70000.0,6586.0,70000.0
2009-05-29,70000.0,67000.0,70000.0,67500.0,9542.0,67500.0
2009-06-01,70500.0,67250.0,68250.0,70500.0,5005.0,70500.0
2009-06-02,73000.0,70500.0,73000.0,71750.0,7764.0,71750.0
2009-06-03,72500.0,69750.0,71000.0,70750.0,4940.0,70750.0
2009-06-04,70750.0,68500.0,70250.0,68500.0,6400.0,68500.0
2009-06-05,72000.0,68250.0,68750.0,69250.0,3248.0,69250.0
2009-06-08,71000.0,68500.0,69250.0,69250.0,5441.0,69250.0
2009-06-09,72500.0,69250.0,70750.0,69500.0,7418.0,69500.0
2009-06-10,71000.0,68500.0,71000.0,69500.0,3627.0,69500.0
2009-06-11,70750.0,68750.0,69500.0,68750.0,7406.0,68750.0
2009-06-12,70000.0,68250.0,70000.0,68750.0,5922.0,68750.0
2009-06-15,69750.0,67750.0,68500.0,68250.0,5316.0,68250.0
2009-06-16,68500.0,66750.0,68000.0,67750.0,2572.0,67750.0
2009-06-17,67250.0,65750.0,67250.0,66000.0,3122.0,66000.0
2009-06-18,66750.0,65500.0,66750.0,65500.0,1635.0,65500.0
2009-06-19,66500.0,62500.0,66500.0,64750.0,4618.0,64750.0
2009-06-22,68000.0,63500.0,65250.0,68000.0,3561.0,68000.0
2009-06-23,66500.0,64500.0,66250.0,64500.0,3148.0,64500.0
2009-06-24,65000.0,62500.0,64500.0,63250.0,3518.0,63250.0
2009-06-25,65750.0,63250.0,63250.0,65250.0,2200.0,65250.0
2009-06-26,68000.0,64000.0,68000.0,64000.0,2651.0,64000.0
2009-06-29,65500.0,64250.0,64500.0,64250.0,2728.0,64250.0
2009-06-30,65000.0,64000.0,64500.0,65000.0,1942.0,65000.0
2009-07-01,65000.0,63000.0,64250.0,63750.0,3924.0,63750.0
2009-07-02,65750.0,63500.0,63750.0,64000.0,3996.0,64000.0
2009-07-03,64500.0,62750.0,63000.0,64500.0,2024.0,64500.0
2009-07-06,65500.0,64000.0,64750.0,65000.0,3746.0,65000.0
2009-07-07,65250.0,63500.0,65250.0,64750.0,3628.0,64750.0
2009-07-08,64750.0,63750.0,64750.0,64250.0,3512.0,64250.0
2009-07-09,64500.0,63500.0,64250.0,64500.0,4250.0,64500.0
2009-07-10,64750.0,63500.0,63500.0,64000.0,4516.0,64000.0
2009-07-13,64000.0,57500.0,63750.0,61000.0,5176.0,61000.0
2009-07-14,63750.0,60500.0,61500.0,62750.0,6238.0,62750.0
2009-07-15,66750.0,62250.0,62250.0,64500.0,6298.0,64500.0
2009-07-16,66500.0,63500.0,66000.0,63750.0,3358.0,63750.0
2009-07-17,64750.0,61250.0,63750.0,61750.0,3782.0,61750.0
2009-07-20,63750.0,62250.0,63250.0,63250.0,8936.0,63250.0
2009-07-21,69750.0,63500.0,63750.0,66000.0,17186.0,66000.0
2009-07-22,71500.0,65250.0,65500.0,71500.0,21155.0,71500.0
2009-07-23,71500.0,68500.0,71500.0,71000.0,6715.0,71000.0
2009-07-24,75000.0,69750.0,71000.0,71750.0,11323.0,71750.0
2009-07-27,74250.0,70000.0,71000.0,70500.0,6728.0,70500.0
2009-07-28,70500.0,68000.0,70000.0,68500.0,3828.0,68500.0
2009-07-29,70500.0,66500.0,68500.0,67000.0,5625.0,67000.0
2009-07-30,68000.0,66000.0,66250.0,67500.0,5602.0,67500.0
2009-07-31,69250.0,67500.0,69250.0,68750.0,5294.0,68750.0
2009-08-03,72500.0,69000.0,72500.0,70500.0,6244.0,70500.0
2009-08-04,72000.0,68000.0,70500.0,69000.0,7065.0,69000.0
2009-08-05,69250.0,68250.0,69000.0,68500.0,5927.0,68500.0
2009-08-06,70250.0,68000.0,68500.0,68500.0,6498.0,68500.0
2009-08-07,78750.0,73000.0,73500.0,78750.0,97534.0,78750.0
2009-08-10,85750.0,80500.0,84500.0,82000.0,120034.0,82000.0
2009-08-11,94250.0,84750.0,85000.0,94250.0,201856.0,94250.0
2009-08-12,103000.0,89500.0,93250.0,99250.0,130826.0,99250.0
2009-08-13,108250.0,96250.0,100000.0,99250.0,68157.0,99250.0
2009-08-14,105000.0,95250.0,100000.0,98500.0,66835.0,98500.0
2009-08-17,102000.0,96250.0,100000.0,96250.0,48027.0,96250.0
2009-08-18,97250.0,90750.0,93250.0,93500.0,46905.0,93500.0
2009-08-19,96750.0,92250.0,94000.0,92500.0,27311.0,92500.0
2009-08-20,94000.0,88500.0,91750.0,92750.0,26371.0,92750.0
2009-08-21,94750.0,88750.0,93750.0,90000.0,26035.0,90000.0
2009-08-24,92000.0,87500.0,90500.0,87500.0,24099.0,87500.0
2009-08-25,94500.0,86000.0,86750.0,93000.0,40125.0,93000.0
2009-08-26,95000.0,90000.0,95000.0,94000.0,15297.0,94000.0
2009-08-27,95500.0,91500.0,93000.0,92000.0,13306.0,92000.0
2009-08-28,93000.0,90000.0,92250.0,90250.0,14996.0,90250.0
2009-08-31,93250.0,90000.0,90750.0,91750.0,14008.0,91750.0
2009-09-01,96000.0,90500.0,92500.0,95750.0,18735.0,95750.0
2009-09-02,99250.0,92750.0,94750.0,95000.0,23923.0,95000.0
2009-09-03,96000.0,91500.0,95000.0,91750.0,19422.0,91750.0
2009-09-04,93000.0,90250.0,91750.0,91500.0,13868.0,91500.0
2009-09-07,92500.0,89500.0,92250.0,89750.0,7740.0,89750.0
2009-09-08,94500.0,88500.0,90250.0,94500.0,14453.0,94500.0
2009-09-09,94500.0,91000.0,94500.0,91250.0,9652.0,91250.0
2009-09-10,94500.0,91750.0,92000.0,94500.0,8810.0,94500.0
2009-09-11,94750.0,92250.0,94750.0,93500.0,8726.0,93500.0
2009-09-14,96500.0,92000.0,95000.0,95750.0,13575.0,95750.0
2009-09-15,107250.0,96000.0,96250.0,103250.0,67197.0,103250.0
2009-09-16,106750.0,101000.0,104000.0,102250.0,21184.0,102250.0
2009-09-17,104250.0,100250.0,104250.0,102000.0,12468.0,102000.0
2009-09-18,109750.0,101250.0,101250.0,105750.0,23628.0,105750.0
2009-09-21,111750.0,105750.0,108750.0,107750.0,19007.0,107750.0
2009-09-22,109250.0,105500.0,108000.0,106750.0,10313.0,106750.0
2009-09-23,106750.0,102250.0,106750.0,102750.0,13388.0,102750.0
2009-09-24,102750.0,99250.0,101500.0,100500.0,15746.0,100500.0
2009-09-25,100500.0,96500.0,100500.0,99500.0,7810.0,99500.0
2009-09-28,100500.0,98250.0,98750.0,100500.0,6164.0,100500.0
2009-09-29,102250.0,99500.0,101500.0,101250.0,6738.0,101250.0
2009-09-30,105000.0,99500.0,100750.0,99500.0,17722.0,99500.0
2009-10-01,102000.0,94000.0,99500.0,97250.0,9170.0,97250.0
2009-10-05,95500.0,90750.0,94000.0,91500.0,10710.0,91500.0
2009-10-06,94000.0,85750.0,94000.0,86500.0,20623.0,86500.0
2009-10-07,90750.0,87500.0,88250.0,88250.0,10540.0,88250.0
2009-10-08,90000.0,83750.0,88500.0,89500.0,8084.0,89500.0
2009-10-09,93500.0,89500.0,90000.0,93000.0,8648.0,93000.0
2009-10-12,96000.0,92500.0,96000.0,93250.0,5486.0,93250.0
2009-10-13,94500.0,91250.0,93250.0,92000.0,3456.0,92000.0
2009-10-14,93500.0,89500.0,93500.0,89500.0,10810.0,89500.0
2009-10-15,91250.0,89500.0,90500.0,90750.0,6414.0,90750.0
2009-10-16,94500.0,90000.0,92000.0,90000.0,12428.0,90000.0
2009-10-19,92250.0,88250.0,90000.0,92250.0,4694.0,92250.0
2009-10-20,93250.0,90750.0,92250.0,91000.0,4777.0,91000.0
2009-10-21,92250.0,89750.0,90250.0,90000.0,4957.0,90000.0
2009-10-22,91000.0,89250.0,89500.0,89250.0,4803.0,89250.0
2009-10-23,90750.0,88250.0,90250.0,89000.0,8776.0,89000.0
2009-10-26,90000.0,88500.0,89000.0,89000.0,3224.0,89000.0
2009-10-27,89750.0,86750.0,89750.0,88750.0,5392.0,88750.0
2009-10-28,89000.0,84750.0,88750.0,85500.0,9265.0,85500.0
2009-10-29,83750.0,81250.0,83000.0,83000.0,7190.0,83000.0
2009-10-30,85000.0,81500.0,85000.0,82500.0,4212.0,82500.0
2009-11-02,82750.0,79500.0,79500.0,82000.0,5988.0,82000.0
2009-11-03,83250.0,81000.0,82000.0,81250.0,3247.0,81250.0
2009-11-04,82250.0,80000.0,80000.0,82000.0,3710.0,82000.0
2009-11-05,84250.0,81750.0,82750.0,82500.0,2190.0,82500.0
2009-11-06,85000.0,83000.0,83250.0,84000.0,2998.0,84000.0
2009-11-09,90000.0,84000.0,84000.0,88500.0,5988.0,88500.0
2009-11-10,91000.0,88000.0,89000.0,88500.0,4616.0,88500.0
2009-11-11,89250.0,86500.0,88500.0,88500.0,2556.0,88500.0
2009-11-12,90000.0,85000.0,89000.0,85000.0,3666.0,85000.0
2009-11-13,89750.0,82000.0,83500.0,89500.0,7296.0,89500.0
2009-11-16,90000.0,87000.0,90000.0,88250.0,3725.0,88250.0
2009-11-17,89750.0,85500.0,88250.0,87500.0,3688.0,87500.0
2009-11-18,89000.0,86250.0,87500.0,87250.0,2276.0,87250.0
2009-11-19,88500.0,86250.0,88000.0,87500.0,2158.0,87500.0
2009-11-20,87500.0,85500.0,87500.0,86500.0,2514.0,86500.0
2009-11-23,88250.0,85500.0,86750.0,85750.0,1972.0,85750.0
2009-11-24,87000.0,83250.0,87000.0,85000.0,3156.0,85000.0
2009-11-25,86250.0,84000.0,86250.0,84000.0,3190.0,84000.0
2009-11-26,85750.0,82250.0,85750.0,84250.0,2784.0,84250.0
2009-11-27,84000.0,77750.0,84000.0,77750.0,5457.0,77750.0
2009-11-30,80750.0,77750.0,77750.0,79500.0,3278.0,79500.0
2009-12-01,80000.0,77750.0,79750.0,78250.0,4261.0,78250.0
2009-12-02,81000.0,77000.0,78250.0,80500.0,2654.0,80500.0
2009-12-03,82500.0,80500.0,80500.0,81250.0,1750.0,81250.0
2009-12-04,82750.0,81250.0,82250.0,82250.0,2406.0,82250.0
2009-12-07,83500.0,80000.0,82500.0,80750.0,3208.0,80750.0
2009-12-08,81500.0,80000.0,81250.0,81000.0,2112.0,81000.0
2009-12-09,81000.0,78750.0,78750.0,80500.0,2304.0,80500.0
2009-12-10,80500.0,79000.0,80500.0,79250.0,5816.0,79250.0
2009-12-11,81750.0,79500.0,80500.0,80750.0,5849.0,80750.0
2009-12-14,84500.0,79750.0,81750.0,84500.0,7441.0,84500.0
2009-12-15,85000.0,83000.0,85000.0,84500.0,5178.0,84500.0
2009-12-16,87500.0,83500.0,84500.0,87000.0,6990.0,87000.0
2009-12-17,90000.0,86750.0,88250.0,89750.0,7840.0,89750.0
2009-12-18,89500.0,87250.0,88500.0,88250.0,5804.0,88250.0
2009-12-21,90750.0,87500.0,88250.0,89250.0,5920.0,89250.0
2009-12-22,89750.0,86500.0,88750.0,88000.0,4104.0,88000.0
2009-12-23,87250.0,85250.0,86750.0,85500.0,6576.0,85500.0
2009-12-24,86750.0,85000.0,85000.0,86250.0,3690.0,86250.0
2009-12-28,89500.0,86750.0,89000.0,87750.0,6100.0,87750.0
2009-12-29,89000.0,85250.0,87250.0,89000.0,3817.0,89000.0
2009-12-30,89500.0,87250.0,88750.0,89250.0,3804.0,89250.0
2010-01-04,89000.0,85500.0,88000.0,89000.0,4315.0,89000.0
2010-01-05,89250.0,86000.0,89000.0,86250.0,7092.0,86250.0
2010-01-06,87500.0,84750.0,87500.0,85750.0,12172.0,85750.0
2010-01-07,85500.0,82250.0,85500.0,82250.0,12810.0,82250.0
2010-01-08,84250.0,82250.0,82500.0,84250.0,7946.0,84250.0
2010-01-11,86000.0,83500.0,83500.0,84250.0,9989.0,84250.0
2010-01-12,84500.0,82500.0,84500.0,82500.0,5314.0,82500.0
2010-01-13,83000.0,80250.0,82750.0,80250.0,9784.0,80250.0
2010-01-14,81250.0,80000.0,80250.0,80250.0,5421.0,80250.0
2010-01-15,82250.0,80000.0,80000.0,80250.0,6512.0,80250.0
2010-01-18,81500.0,79500.0,80000.0,80250.0,8271.0,80250.0
2010-01-19,81500.0,79750.0,80250.0,80250.0,7349.0,80250.0
2010-01-20,80250.0,75000.0,79750.0,76750.0,15532.0,76750.0
2010-01-21,78750.0,75000.0,77500.0,78250.0,7700.0,78250.0
2010-01-22,77250.0,72500.0,77000.0,74250.0,19278.0,74250.0
2010-01-25,73750.0,71500.0,72000.0,72500.0,5878.0,72500.0
2010-01-26,73000.0,70750.0,72500.0,71000.0,6855.0,71000.0
2010-01-27,72500.0,70750.0,72000.0,71000.0,4925.0,71000.0
2010-01-28,72750.0,71000.0,71250.0,71750.0,3264.0,71750.0
2010-01-29,70500.0,67250.0,70250.0,67750.0,8710.0,67750.0
2010-02-01,67750.0,65000.0,67750.0,65250.0,7598.0,65250.0
2010-02-02,66500.0,63750.0,64500.0,64750.0,9754.0,64750.0
2010-02-03,68000.0,65000.0,65500.0,67500.0,3196.0,67500.0
2010-02-04,68000.0,66000.0,67500.0,66500.0,2128.0,66500.0
2010-02-05,64500.0,62500.0,62500.0,64000.0,6596.0,64000.0
2010-02-08,64000.0,62000.0,64000.0,62000.0,3244.0,62000.0
2010-02-09,64000.0,61500.0,61500.0,63500.0,5896.0,63500.0
2010-02-10,67250.0,64000.0,64000.0,65500.0,3494.0,65500.0
2010-02-11,67000.0,64500.0,65500.0,65500.0,2248.0,65500.0
2010-02-12,67000.0,64500.0,67000.0,65750.0,2678.0,65750.0
2010-02-16,66750.0,65500.0,66500.0,66500.0,1442.0,66500.0
2010-02-17,68000.0,66250.0,68000.0,67000.0,2632.0,67000.0
2010-02-18,67500.0,65500.0,67000.0,67250.0,2212.0,67250.0
2010-02-19,65750.0,64000.0,64750.0,64750.0,6604.0,64750.0
2010-02-22,66750.0,65250.0,65500.0,66750.0,2094.0,66750.0
2010-02-23,67000.0,65500.0,65500.0,66750.0,2210.0,66750.0
2010-02-24,66750.0,65250.0,66750.0,65500.0,2746.0,65500.0
2010-02-25,66500.0,63250.0,65500.0,64250.0,4652.0,64250.0
2010-02-26,65500.0,63500.0,65500.0,64500.0,1708.0,64500.0
2010-03-02,66750.0,65000.0,65000.0,66000.0,3862.0,66000.0
2010-03-03,68250.0,66750.0,67500.0,68250.0,3700.0,68250.0
2010-03-04,69250.0,66750.0,69250.0,67000.0,2284.0,67000.0
2010-03-05,68500.0,66250.0,68500.0,67500.0,1711.0,67500.0
2010-03-08,69000.0,67750.0,68000.0,68750.0,3288.0,68750.0
2010-03-09,69000.0,67500.0,68750.0,68000.0,3410.0,68000.0
2010-03-10,68500.0,66750.0,68000.0,67250.0,3404.0,67250.0
2010-03-11,68000.0,66250.0,67000.0,67500.0,3380.0,67500.0
2010-03-12,68750.0,66500.0,67750.0,68000.0,3106.0,68000.0
2010-03-15,70500.0,68750.0,68750.0,70500.0,8866.0,70500.0
2010-03-16,71250.0,69750.0,70500.0,71000.0,3742.0,71000.0
2010-03-17,71500.0,69000.0,71000.0,70750.0,3444.0,70750.0
2010-03-18,71500.0,69000.0,70750.0,70750.0,3135.0,70750.0
2010-03-19,71500.0,69750.0,70750.0,71250.0,2230.0,71250.0
2010-03-22,71250.0,70000.0,70250.0,71000.0,6564.0,71000.0
2010-03-23,72750.0,70250.0,71250.0,71250.0,4718.0,71250.0
2010-03-24,72000.0,70000.0,71750.0,70750.0,2564.0,70750.0
2010-03-25,70750.0,67750.0,70750.0,68250.0,4178.0,68250.0
2010-03-26,68750.0,66750.0,66750.0,68250.0,3479.0,68250.0
2010-03-29,68000.0,66500.0,67000.0,66500.0,3653.0,66500.0
2010-03-30,67500.0,66500.0,66500.0,67250.0,2332.0,67250.0
2010-03-31,67750.0,66000.0,67250.0,67000.0,1962.0,67000.0
2010-04-01,67250.0,66250.0,66250.0,67250.0,2394.0,67250.0
2010-04-02,67250.0,66250.0,67250.0,67000.0,3374.0,67000.0
2010-04-05,67250.0,65000.0,67250.0,65000.0,4867.0,65000.0
2010-04-06,67000.0,63750.0,65250.0,65500.0,3874.0,65500.0
2010-04-07,67250.0,65500.0,65500.0,65750.0,3418.0,65750.0
2010-04-08,66500.0,65250.0,65750.0,66250.0,3362.0,66250.0
2010-04-09,66250.0,64500.0,66250.0,65500.0,5867.0,65500.0
2010-04-12,65250.0,62500.0,64250.0,63250.0,10642.0,63250.0
2010-04-13,64000.0,62000.0,63000.0,63750.0,3800.0,63750.0
2010-04-14,64250.0,63250.0,63750.0,64250.0,2652.0,64250.0
2010-04-15,64750.0,63250.0,64250.0,63250.0,4610.0,63250.0
2010-04-16,64000.0,63250.0,64000.0,63750.0,1963.0,63750.0
2010-04-19,64250.0,63250.0,63750.0,63500.0,2506.0,63500.0
2010-04-20,64250.0,63250.0,63500.0,64000.0,2924.0,64000.0
2010-04-21,66000.0,63500.0,64000.0,64500.0,4032.0,64500.0
2010-04-22,66250.0,64250.0,65500.0,64250.0,4766.0,64250.0
2010-04-23,65000.0,62500.0,64250.0,63500.0,5959.0,63500.0
2010-04-26,63000.0,59500.0,63000.0,61750.0,14267.0,61750.0
2010-04-27,61500.0,59000.0,61500.0,60000.0,15463.0,60000.0
2010-04-28,59000.0,57000.0,58000.0,57750.0,10082.0,57750.0
2010-04-29,57500.0,53250.0,57250.0,54000.0,14819.0,54000.0
2010-04-30,55750.0,54000.0,54000.0,54750.0,11866.0,54750.0
2010-05-03,55000.0,52000.0,54250.0,54500.0,8913.0,54500.0
2010-05-04,55000.0,53000.0,55000.0,53000.0,6154.0,53000.0
2010-05-06,51750.0,49750.0,51750.0,51500.0,7297.0,51500.0
2010-05-07,51000.0,49100.0,49550.0,51000.0,5490.0,51000.0
2010-05-10,52250.0,50000.0,50750.0,51750.0,7787.0,51750.0
2010-05-11,52750.0,50250.0,52750.0,50500.0,7178.0,50500.0
2010-05-12,51750.0,49700.0,51750.0,49950.0,3667.0,49950.0
2010-05-13,51250.0,49750.0,50250.0,51250.0,9377.0,51250.0
2010-05-14,54000.0,50500.0,51000.0,52500.0,19915.0,52500.0
2010-05-17,53250.0,49900.0,53250.0,50000.0,6748.0,50000.0
2010-05-18,50750.0,49750.0,50750.0,49900.0,4392.0,49900.0
2010-05-19,50750.0,48400.0,49900.0,49000.0,5224.0,49000.0
2010-05-20,48400.0,46650.0,47800.0,47250.0,9559.0,47250.0
2010-05-24,46300.0,45000.0,46300.0,45000.0,4834.0,45000.0
2010-05-25,43750.0,41200.0,43100.0,41700.0,7786.0,41700.0
2010-05-26,43250.0,40550.0,40550.0,43150.0,6672.0,43150.0
2010-05-27,43100.0,40850.0,43100.0,41750.0,13229.0,41750.0
2010-05-28,42250.0,35500.0,41850.0,35500.0,52489.0,35500.0
2010-05-31,30200.0,30200.0,30200.0,30200.0,4546.0,30200.0
2010-06-01,27500.0,25700.0,25700.0,25800.0,331677.0,25800.0
2010-06-03,27250.0,25750.0,26250.0,27250.0,70868.0,27250.0
2010-06-04,29100.0,26050.0,27250.0,26200.0,89386.0,26200.0
2010-06-07,25400.0,24250.0,24500.0,25250.0,17472.0,25250.0
2010-06-08,25400.0,24775.0,25200.0,24950.0,17358.0,24950.0
2010-06-09,25450.0,24825.0,24950.0,25000.0,12165.0,25000.0
2010-06-10,28750.0,25050.0,25250.0,28750.0,47083.0,28750.0
2010-06-11,32750.0,30000.0,31450.0,32700.0,91293.0,32700.0
2010-06-14,33000.0,29100.0,33000.0,29350.0,48128.0,29350.0
2010-06-15,31400.0,29450.0,29500.0,29750.0,19960.0,29750.0
2010-06-16,30500.0,29200.0,30150.0,29300.0,11917.0,29300.0
2010-06-17,29950.0,29350.0,29450.0,29750.0,9969.0,29750.0
2010-06-18,30600.0,29200.0,30600.0,29750.0,5960.0,29750.0
2010-06-21,30750.0,29600.0,30500.0,30400.0,13269.0,30400.0
2010-06-22,30550.0,29750.0,30150.0,30400.0,8857.0,30400.0
2010-06-23,30350.0,29850.0,30350.0,29950.0,5228.0,29950.0
2010-06-24,32500.0,30000.0,30000.0,32250.0,17950.0,32250.0
2010-06-25,32250.0,31200.0,32250.0,32000.0,7519.0,32000.0
2010-06-28,32750.0,30000.0,32750.0,31650.0,8358.0,31650.0
2010-06-29,31450.0,30000.0,31100.0,30850.0,9314.0,30850.0
2010-06-30,30800.0,29500.0,29650.0,30800.0,6787.0,30800.0
2010-07-01,31050.0,30300.0,30700.0,30850.0,4227.0,30850.0
2010-07-02,31650.0,30250.0,30850.0,31050.0,4099.0,31050.0
2010-07-05,31050.0,30400.0,30950.0,30900.0,4103.0,30900.0
2010-07-06,31150.0,30300.0,31050.0,30700.0,3974.0,30700.0
2010-07-07,31450.0,30500.0,31450.0,30700.0,2646.0,30700.0
2010-07-08,31100.0,30500.0,30750.0,30500.0,2363.0,30500.0
2010-07-09,30800.0,30250.0,30350.0,30500.0,5492.0,30500.0
2010-07-12,30600.0,30000.0,30350.0,30300.0,4666.0,30300.0
2010-07-13,30250.0,29000.0,30200.0,29250.0,11355.0,29250.0
2010-07-14,29450.0,29000.0,29300.0,29250.0,5093.0,29250.0
2010-07-15,30050.0,29250.0,29250.0,29350.0,5665.0,29350.0
2010-07-16,29750.0,29100.0,29400.0,29700.0,3302.0,29700.0
2010-07-19,29800.0,29150.0,29700.0,29400.0,1809.0,29400.0
2010-07-20,30050.0,29100.0,29350.0,29800.0,5102.0,29800.0
2010-07-21,30200.0,29650.0,29950.0,29800.0,2868.0,29800.0
2010-07-22,30150.0,29500.0,29800.0,29750.0,1684.0,29750.0
2010-07-23,30000.0,29200.0,29550.0,29500.0,2401.0,29500.0
2010-07-26,29500.0,28550.0,29500.0,28900.0,3793.0,28900.0
2010-07-27,28800.0,28150.0,28550.0,28200.0,5604.0,28200.0
2010-07-28,28900.0,27800.0,28200.0,28750.0,3115.0,28750.0
2010-07-29,29200.0,28500.0,28750.0,28500.0,2526.0,28500.0
2010-07-30,29000.0,28100.0,28500.0,28750.0,2904.0,28750.0
2010-08-02,32000.0,29050.0,29050.0,31300.0,13613.0,31300.0
2010-08-03,31650.0,30500.0,31600.0,31050.0,5112.0,31050.0
2010-08-04,31000.0,29600.0,30550.0,30700.0,4676.0,30700.0
2010-08-05,31000.0,30000.0,30700.0,30400.0,10649.0,30400.0
2010-08-06,31250.0,30000.0,30500.0,30200.0,3496.0,30200.0
2010-08-09,31450.0,30200.0,30200.0,31200.0,9131.0,31200.0
2010-08-10,31350.0,30550.0,30900.0,31050.0,3240.0,31050.0
2010-08-11,32250.0,30500.0,31050.0,31050.0,9698.0,31050.0
2010-08-12,31550.0,30200.0,31050.0,31550.0,6198.0,31550.0
2010-08-13,36250.0,31550.0,31750.0,36250.0,23335.0,36250.0
2010-08-16,41650.0,40250.0,40250.0,41650.0,51987.0,41650.0
2010-08-17,43250.0,37850.0,41650.0,38600.0,65043.0,38600.0
2010-08-18,39150.0,36650.0,37750.0,38350.0,30139.0,38350.0
2010-08-19,44100.0,39000.0,39000.0,44100.0,38414.0,44100.0
2010-08-20,49700.0,44150.0,45850.0,48350.0,135389.0,48350.0
2010-08-23,47000.0,42550.0,47000.0,43500.0,62759.0,43500.0
2010-08-24,46900.0,43950.0,44000.0,45700.0,49787.0,45700.0
2010-08-25,48000.0,44000.0,45600.0,45700.0,30305.0,45700.0
2010-08-26,47500.0,44050.0,47250.0,44450.0,16042.0,44450.0
2010-08-27,44450.0,40250.0,44000.0,41900.0,21893.0,41900.0
2010-08-30,43750.0,40800.0,43750.0,42000.0,10033.0,42000.0
2010-08-31,42000.0,39550.0,42000.0,39950.0,11948.0,39950.0
2010-09-01,41350.0,39000.0,40000.0,41350.0,13959.0,41350.0
2010-09-02,42300.0,40000.0,40800.0,41350.0,8315.0,41350.0
2010-09-03,41050.0,40050.0,41050.0,40250.0,7226.0,40250.0
2010-09-06,40600.0,36750.0,40450.0,37550.0,19094.0,37550.0
2010-09-07,42450.0,36850.0,37550.0,41050.0,31663.0,41050.0
2010-09-08,42500.0,39500.0,41150.0,39600.0,12817.0,39600.0
2010-09-09,41250.0,38900.0,40500.0,39000.0,7284.0,39000.0
2010-09-10,39250.0,37250.0,38750.0,38400.0,8528.0,38400.0
2010-09-13,40950.0,38400.0,38400.0,39200.0,11229.0,39200.0
2010-09-14,39750.0,38050.0,39200.0,38750.0,7965.0,38750.0
2010-09-15,39150.0,38000.0,38000.0,38800.0,4443.0,38800.0
2010-09-16,40800.0,38800.0,38800.0,40000.0,8761.0,40000.0
2010-09-17,41400.0,38700.0,40900.0,39700.0,5204.0,39700.0
2010-09-20,40950.0,38550.0,39700.0,39650.0,5720.0,39650.0
2010-09-24,40850.0,39650.0,39700.0,39750.0,5960.0,39750.0
2010-09-27,41750.0,39300.0,40300.0,41150.0,15315.0,41150.0
2010-09-28,47300.0,41250.0,41700.0,47300.0,20265.0,47300.0
2010-09-29,53250.0,47500.0,51000.0,47750.0,94725.0,47750.0
2010-09-30,49950.0,46650.0,48500.0,49950.0,32106.0,49950.0
2010-10-01,52500.0,49000.0,52000.0,49150.0,26128.0,49150.0
2010-10-04,49150.0,47100.0,48600.0,47700.0,14991.0,47700.0
2010-10-05,54500.0,49750.0,49750.0,50750.0,49553.0,50750.0
2010-10-06,53250.0,49000.0,52000.0,51000.0,26083.0,51000.0
2010-10-07,51250.0,49650.0,51250.0,49900.0,11262.0,49900.0
2010-10-08,53000.0,49250.0,51500.0,49900.0,11739.0,49900.0
2010-10-11,50750.0,47800.0,49900.0,48250.0,13090.0,48250.0
2010-10-12,48350.0,46000.0,48350.0,46250.0,8686.0,46250.0
2010-10-13,49250.0,46250.0,47000.0,47700.0,4944.0,47700.0
2010-10-14,49200.0,47550.0,49200.0,48000.0,5802.0,48000.0
2010-10-15,47950.0,46850.0,47950.0,47650.0,5474.0,47650.0
2010-10-18,48500.0,46700.0,48500.0,47250.0,7604.0,47250.0
2010-10-19,47250.0,45350.0,47250.0,45500.0,9606.0,45500.0
2010-10-20,44950.0,43650.0,44900.0,44600.0,9249.0,44600.0
2010-10-21,45350.0,43750.0,44950.0,44500.0,4860.0,44500.0
2010-10-22,45400.0,44050.0,44500.0,44850.0,5576.0,44850.0
2010-10-25,45950.0,45050.0,45500.0,45700.0,4148.0,45700.0
2010-10-26,46100.0,45050.0,46100.0,45400.0,4032.0,45400.0
2010-10-27,45350.0,44100.0,45350.0,44750.0,6213.0,44750.0
2010-10-28,51000.0,45350.0,46000.0,47100.0,30018.0,47100.0
2010-10-29,47550.0,44550.0,47550.0,45000.0,10158.0,45000.0
2010-11-01,45750.0,44200.0,45100.0,44700.0,4120.0,44700.0
2010-11-02,44600.0,43850.0,44550.0,43850.0,4338.0,43850.0
2010-11-03,44400.0,43550.0,43600.0,44000.0,5134.0,44000.0
2010-11-04,44350.0,43500.0,44000.0,43850.0,6880.0,43850.0
2010-11-05,44750.0,43550.0,44750.0,44000.0,3280.0,44000.0
2010-11-08,44950.0,43000.0,44000.0,43300.0,6765.0,43300.0
2010-11-09,44150.0,43300.0,44100.0,44150.0,3452.0,44150.0
2010-11-10,44150.0,43250.0,44150.0,43550.0,2010.0,43550.0
2010-11-11,43950.0,43100.0,43550.0,43300.0,3530.0,43300.0
2010-11-12,43500.0,42000.0,43350.0,42000.0,4140.0,42000.0
2010-11-15,42000.0,40050.0,41950.0,40350.0,4191.0,40350.0
2010-11-16,40550.0,38850.0,40350.0,38850.0,5249.0,38850.0
2010-11-17,39400.0,37450.0,38000.0,39400.0,5172.0,39400.0
2010-11-18,43000.0,39400.0,39400.0,40350.0,3038.0,40350.0
2010-11-19,41250.0,40000.0,40050.0,40300.0,2284.0,40300.0
2010-11-22,41100.0,40000.0,40000.0,40600.0,2808.0,40600.0
2010-11-23,41350.0,40000.0,41350.0,40050.0,2834.0,40050.0
2010-11-24,40050.0,35550.0,35550.0,39350.0,3783.0,39350.0
2010-11-25,40350.0,38950.0,39900.0,40000.0,2684.0,40000.0
2010-11-26,40000.0,38400.0,39900.0,38600.0,3426.0,38600.0
2010-11-29,39300.0,38500.0,38550.0,38900.0,1968.0,38900.0
2010-11-30,39500.0,38800.0,39500.0,38800.0,896.0,38800.0
2010-12-01,39650.0,38600.0,38600.0,39400.0,1674.0,39400.0
2010-12-02,39800.0,38850.0,39400.0,38950.0,2554.0,38950.0
2010-12-03,39900.0,38750.0,39050.0,39350.0,2152.0,39350.0
2010-12-06,39350.0,38500.0,39350.0,39200.0,2363.0,39200.0
2010-12-07,40000.0,39150.0,39700.0,39150.0,1136.0,39150.0
2010-12-08,39350.0,38500.0,39350.0,38500.0,2626.0,38500.0
2010-12-09,40500.0,38500.0,38500.0,40500.0,4190.0,40500.0
2010-12-10,40750.0,39700.0,40500.0,40500.0,1610.0,40500.0
2010-12-13,41450.0,40000.0,41450.0,40250.0,1374.0,40250.0
2010-12-14,40250.0,39750.0,40250.0,39950.0,2296.0,39950.0
2010-12-15,40050.0,39500.0,39950.0,39800.0,1895.0,39800.0
2010-12-16,39950.0,38700.0,39800.0,38900.0,3236.0,38900.0
2010-12-17,39450.0,37950.0,38900.0,38500.0,3577.0,38500.0
2010-12-20,38350.0,36050.0,38350.0,37250.0,5503.0,37250.0
2010-12-21,38300.0,36000.0,38300.0,37000.0,5470.0,37000.0
2010-12-22,37150.0,36150.0,37000.0,36150.0,4940.0,36150.0
2010-12-23,36150.0,35150.0,35600.0,35300.0,4570.0,35300.0
2010-12-24,35300.0,33650.0,35300.0,34350.0,3441.0,34350.0
2010-12-27,35050.0,33750.0,34000.0,34050.0,2508.0,34050.0
2010-12-28,34900.0,33950.0,34400.0,34650.0,3714.0,34650.0
2010-12-29,35300.0,34250.0,35000.0,35150.0,2754.0,35150.0
2010-12-30,35250.0,33600.0,35250.0,34500.0,3858.0,34500.0
2011-01-03,35200.0,34450.0,34500.0,34700.0,3533.0,34700.0
2011-01-04,34900.0,34300.0,34700.0,34500.0,2960.0,34500.0
2011-01-05,37450.0,34350.0,34500.0,36600.0,11987.0,36600.0
2011-01-06,36750.0,35500.0,36650.0,36350.0,4550.0,36350.0
2011-01-07,36750.0,35500.0,36750.0,36200.0,2576.0,36200.0
2011-01-10,37400.0,35750.0,35850.0,36600.0,2806.0,36600.0
2011-01-11,36550.0,35500.0,36500.0,35700.0,3050.0,35700.0
2011-01-12,36500.0,35500.0,35700.0,36300.0,2920.0,36300.0
2011-01-13,36350.0,35600.0,36300.0,36150.0,2697.0,36150.0
2011-01-14,38100.0,35900.0,36050.0,37200.0,14220.0,37200.0
2011-01-17,37600.0,36900.0,37600.0,37550.0,4308.0,37550.0
2011-01-18,37900.0,36300.0,37000.0,36950.0,3584.0,36950.0
2011-01-19,36850.0,36200.0,36850.0,36600.0,1966.0,36600.0
2011-01-20,36500.0,35800.0,36500.0,36100.0,1318.0,36100.0
2011-01-21,36150.0,35350.0,36150.0,35550.0,5088.0,35550.0
2011-01-24,36300.0,35150.0,36300.0,35850.0,2094.0,35850.0
2011-01-25,36750.0,35900.0,36750.0,36000.0,2432.0,36000.0
2011-01-26,36100.0,35600.0,36000.0,35700.0,1448.0,35700.0
2011-01-27,35650.0,35100.0,35600.0,35350.0,2716.0,35350.0
2011-01-28,35900.0,35050.0,35900.0,35250.0,1862.0,35250.0
2011-01-31,35250.0,34800.0,35250.0,35050.0,2420.0,35050.0
2011-02-01,35450.0,34900.0,35000.0,35000.0,2194.0,35000.0
2011-02-07,36650.0,35100.0,36650.0,35100.0,952.0,35100.0
2011-02-08,35900.0,34800.0,35100.0,34850.0,2638.0,34850.0
2011-02-09,35100.0,34750.0,34850.0,34850.0,2578.0,34850.0
2011-02-10,34900.0,33500.0,34850.0,33650.0,4758.0,33650.0
2011-02-11,34300.0,32500.0,33500.0,32900.0,6090.0,32900.0
2011-02-14,33550.0,31900.0,32400.0,32700.0,3188.0,32700.0
2011-02-15,32700.0,32000.0,32700.0,32600.0,1231.0,32600.0
2011-02-16,32500.0,31950.0,32100.0,31950.0,2472.0,31950.0
2011-02-17,31950.0,31000.0,31950.0,31050.0,3682.0,31050.0
2011-02-18,31950.0,31000.0,31000.0,31200.0,2600.0,31200.0
2011-02-21,31500.0,30700.0,30900.0,30950.0,2544.0,30950.0
2011-02-22,30650.0,30000.0,30600.0,30050.0,4735.0,30050.0
2011-02-23,30350.0,29850.0,29850.0,30050.0,2576.0,30050.0
2011-02-24,30750.0,29850.0,29900.0,30350.0,1871.0,30350.0
2011-02-25,31200.0,30250.0,30250.0,30750.0,786.0,30750.0
2011-02-28,31100.0,30150.0,30750.0,30250.0,1254.0,30250.0
2011-03-02,30850.0,30200.0,30850.0,30300.0,1312.0,30300.0
2011-03-03,34800.0,30750.0,30750.0,34800.0,3356.0,34800.0
2011-03-04,39350.0,33000.0,39250.0,34050.0,26785.0,34050.0
2011-03-07,33950.0,33000.0,33100.0,33900.0,3508.0,33900.0
2011-03-08,35000.0,32750.0,34200.0,33450.0,2898.0,33450.0
2011-03-09,33950.0,31250.0,33950.0,32250.0,2960.0,32250.0
2011-03-10,34900.0,31500.0,34900.0,32800.0,5986.0,32800.0
2011-03-11,33300.0,32100.0,32250.0,32600.0,5864.0,32600.0
2011-03-14,37450.0,34500.0,36450.0,37450.0,21684.0,37450.0
2011-03-15,43050.0,38000.0,38000.0,43050.0,151488.0,43050.0
2011-03-16,49500.0,40000.0,46000.0,41650.0,255659.0,41650.0
2011-03-17,41750.0,35450.0,41650.0,35850.0,76776.0,35850.0
2011-03-18,37800.0,35350.0,36350.0,36650.0,39061.0,36650.0
2011-03-21,37500.0,35550.0,37500.0,35550.0,19126.0,35550.0
2011-03-22,36250.0,35000.0,35550.0,35600.0,13959.0,35600.0
2011-03-23,40600.0,36400.0,36400.0,38500.0,70199.0,38500.0
2011-03-24,40000.0,37500.0,40000.0,37550.0,17010.0,37550.0
2011-03-25,38500.0,36450.0,38000.0,37450.0,10174.0,37450.0
2011-03-28,37550.0,36000.0,37450.0,36500.0,8382.0,36500.0
2011-03-29,36800.0,35400.0,36500.0,36000.0,10756.0,36000.0
2011-03-30,36150.0,35050.0,36150.0,35350.0,7732.0,35350.0
2011-03-31,36950.0,35350.0,35350.0,36150.0,7772.0,36150.0
2011-04-01,36350.0,35350.0,36350.0,35750.0,8178.0,35750.0
2011-04-04,35850.0,35250.0,35500.0,35650.0,7032.0,35650.0
2011-04-05,35900.0,35250.0,35500.0,35700.0,7058.0,35700.0
2011-04-06,36000.0,35250.0,35250.0,35400.0,5729.0,35400.0
2011-04-07,35750.0,35250.0,35250.0,35600.0,3799.0,35600.0
2011-04-08,35650.0,35250.0,35600.0,35250.0,7968.0,35250.0
2011-04-11,35300.0,34150.0,35250.0,34350.0,8067.0,34350.0
2011-04-12,34300.0,33250.0,33750.0,33600.0,8887.0,33600.0
2011-04-13,34150.0,33200.0,33200.0,33600.0,2766.0,33600.0
2011-04-14,34350.0,33500.0,33600.0,34250.0,4142.0,34250.0
2011-04-15,34000.0,33500.0,33650.0,33600.0,4195.0,33600.0
2011-04-18,33600.0,31800.0,33050.0,32250.0,7268.0,32250.0
2011-04-19,33150.0,31600.0,32000.0,32900.0,6053.0,32900.0
2011-04-20,32700.0,31750.0,32150.0,32250.0,4105.0,32250.0
2011-04-21,32750.0,32050.0,32250.0,32150.0,3876.0,32150.0
2011-04-22,32600.0,31000.0,32500.0,31500.0,5972.0,31500.0
2011-04-25,34450.0,31100.0,31100.0,34450.0,5432.0,34450.0
2011-04-26,33050.0,32050.0,33000.0,32750.0,4276.0,32750.0
2011-04-27,33700.0,32300.0,32900.0,32300.0,2605.0,32300.0
2011-04-28,32750.0,31850.0,32300.0,32000.0,1910.0,32000.0
2011-04-29,32850.0,31500.0,31650.0,32000.0,4142.0,32000.0
2011-05-02,33500.0,32000.0,32000.0,32750.0,4862.0,32750.0
2011-05-03,33400.0,32750.0,32750.0,33250.0,3627.0,33250.0
2011-05-04,33750.0,32800.0,33500.0,33250.0,1510.0,33250.0
2011-05-06,33650.0,32900.0,33250.0,33000.0,2714.0,33000.0
2011-05-09,34950.0,33050.0,33050.0,33650.0,6141.0,33650.0
2011-05-11,37400.0,34650.0,34750.0,36000.0,34736.0,36000.0
2011-05-12,36700.0,33550.0,36700.0,34500.0,9393.0,34500.0
2011-05-13,37000.0,34000.0,37000.0,34500.0,8538.0,34500.0
2011-05-16,34500.0,33750.0,33850.0,34050.0,3234.0,34050.0
2011-05-17,34000.0,33150.0,33500.0,34000.0,2470.0,34000.0
2011-05-18,34500.0,33400.0,34450.0,34100.0,1580.0,34100.0
2011-05-19,34050.0,33000.0,33150.0,33500.0,2918.0,33500.0
2011-05-20,33900.0,32500.0,33900.0,33600.0,2392.0,33600.0
2011-05-23,33750.0,32800.0,33050.0,32900.0,2006.0,32900.0
2011-05-24,32850.0,31600.0,32850.0,32300.0,2653.0,32300.0
2011-05-25,32500.0,31500.0,31700.0,31850.0,1447.0,31850.0
2011-05-26,32400.0,31350.0,31950.0,31650.0,2980.0,31650.0
2011-05-27,32050.0,31700.0,31950.0,31700.0,1406.0,31700.0
2011-05-30,32250.0,31350.0,32000.0,31800.0,3016.0,31800.0
2011-05-31,32500.0,31150.0,32500.0,31500.0,2794.0,31500.0
2011-06-01,32000.0,31300.0,31500.0,31500.0,1836.0,31500.0
2011-06-02,31700.0,31150.0,31500.0,31550.0,1962.0,31550.0
2011-06-03,31850.0,30600.0,31550.0,31000.0,3366.0,31000.0
2011-06-07,32200.0,30550.0,30800.0,31250.0,2570.0,31250.0
2011-06-08,32500.0,31050.0,32500.0,31100.0,1282.0,31100.0
2011-06-09,33750.0,31100.0,31100.0,31950.0,6778.0,31950.0
2011-06-10,33000.0,31700.0,32750.0,32250.0,2050.0,32250.0
2011-06-13,32900.0,32000.0,32250.0,32000.0,1406.0,32000.0
2011-06-14,32700.0,31600.0,32000.0,31800.0,1438.0,31800.0
2011-06-15,32600.0,31600.0,31750.0,31850.0,1432.0,31850.0
2011-06-16,32500.0,31600.0,31900.0,32000.0,1099.0,32000.0
2011-06-17,33400.0,31900.0,32600.0,31900.0,3185.0,31900.0
2011-06-20,32700.0,31000.0,31600.0,32250.0,3200.0,32250.0
2011-06-21,33200.0,31500.0,33200.0,32500.0,1198.0,32500.0
2011-06-22,33100.0,32000.0,33100.0,32600.0,726.0,32600.0
2011-06-23,33150.0,32150.0,32500.0,32650.0,1891.0,32650.0
2011-06-24,33500.0,32750.0,33500.0,32800.0,1770.0,32800.0
2011-06-27,34800.0,32900.0,32900.0,33600.0,3253.0,33600.0
2011-06-28,34150.0,32750.0,34000.0,33500.0,2629.0,33500.0
2011-06-29,33850.0,32800.0,33850.0,33000.0,1252.0,33000.0
2011-06-30,33700.0,32650.0,33250.0,33500.0,1180.0,33500.0
2011-07-01,34150.0,33200.0,34150.0,33650.0,2100.0,33650.0
2011-07-04,37100.0,33650.0,33650.0,35850.0,28805.0,35850.0
2011-07-05,36650.0,34300.0,35850.0,35650.0,6218.0,35650.0
2011-07-06,36000.0,35050.0,36000.0,35500.0,7220.0,35500.0
2011-07-07,40800.0,39000.0,39000.0,40800.0,38246.0,40800.0
2011-07-08,46000.0,41450.0,46000.0,44000.0,152419.0,44000.0
2011-07-11,42900.0,37550.0,42100.0,37550.0,60907.0,37550.0
2011-07-12,37550.0,35250.0,37550.0,35750.0,25953.0,35750.0
2011-07-13,36050.0,34600.0,35800.0,34950.0,15761.0,34950.0
2011-07-14,35500.0,33750.0,34950.0,35400.0,14939.0,35400.0
2011-07-15,35800.0,34500.0,35800.0,35200.0,5726.0,35200.0
2011-07-18,35600.0,34250.0,35500.0,34600.0,9683.0,34600.0
2011-07-19,35000.0,34100.0,34700.0,34300.0,6575.0,34300.0
2011-07-20,34700.0,34200.0,34450.0,34300.0,11041.0,34300.0
2011-07-21,34600.0,33250.0,34300.0,33450.0,8660.0,33450.0
2011-07-22,34200.0,33250.0,33250.0,33900.0,5514.0,33900.0
2011-07-25,34100.0,32950.0,34100.0,33150.0,5578.0,33150.0
2011-07-26,33850.0,32800.0,33150.0,33350.0,4039.0,33350.0
2011-07-27,33900.0,33300.0,33600.0,33750.0,4388.0,33750.0
2011-07-28,34900.0,33150.0,33700.0,34350.0,8167.0,34350.0
2011-07-29,34800.0,33850.0,34350.0,34500.0,5947.0,34500.0
2011-08-01,35100.0,34550.0,34550.0,34800.0,4106.0,34800.0
2011-08-02,34800.0,33650.0,34800.0,33650.0,5668.0,33650.0
2011-08-03,33450.0,32550.0,32650.0,33200.0,3406.0,33200.0
2011-08-04,33550.0,32650.0,33200.0,32650.0,3722.0,32650.0
2011-08-05,31250.0,27800.0,30950.0,30600.0,6686.0,30600.0
2011-08-08,31300.0,28000.0,30000.0,28450.0,5740.0,28450.0
2011-08-09,27650.0,24200.0,27600.0,26150.0,10786.0,26150.0
2011-08-10,28350.0,26200.0,26700.0,27650.0,4423.0,27650.0
2011-08-11,27800.0,25100.0,26200.0,27800.0,3002.0,27800.0
2011-08-12,30000.0,27600.0,27900.0,28450.0,4072.0,28450.0
2011-08-16,31450.0,28550.0,28550.0,30000.0,3828.0,30000.0
2011-08-17,30050.0,29000.0,29950.0,29500.0,3512.0,29500.0
2011-08-18,29950.0,28250.0,29950.0,28250.0,3658.0,28250.0
2011-08-19,28500.0,26750.0,28050.0,27600.0,5838.0,27600.0
2011-08-22,28000.0,26500.0,27750.0,27650.0,1348.0,27650.0
2011-08-23,29050.0,27550.0,28200.0,29050.0,1332.0,29050.0
2011-08-24,30000.0,28350.0,29400.0,28900.0,1800.0,28900.0
2011-08-25,29850.0,28550.0,29450.0,29200.0,3150.0,29200.0
2011-08-26,29500.0,28600.0,29200.0,28950.0,1472.0,28950.0
2011-08-29,29750.0,28900.0,28900.0,29500.0,2012.0,29500.0
2011-08-30,30200.0,28850.0,29750.0,29050.0,1674.0,29050.0
2011-08-31,29600.0,28650.0,29150.0,29150.0,1136.0,29150.0
2011-09-01,29950.0,29150.0,29650.0,29950.0,2820.0,29950.0
2011-09-02,30400.0,29200.0,29200.0,30000.0,2170.0,30000.0
2011-09-05,29450.0,28550.0,28550.0,29200.0,1152.0,29200.0
2011-09-06,29750.0,27850.0,28550.0,28500.0,2018.0,28500.0
2011-09-07,29450.0,27950.0,29250.0,29250.0,2480.0,29250.0
2011-09-08,29850.0,28900.0,29850.0,29750.0,1752.0,29750.0
2011-09-09,30650.0,29400.0,30650.0,29900.0,3406.0,29900.0
2011-09-14,30750.0,28850.0,29850.0,28950.0,2470.0,28950.0
2011-09-15,30000.0,28700.0,29100.0,28750.0,1956.0,28750.0
2011-09-16,30000.0,28800.0,28800.0,29700.0,2378.0,29700.0
2011-09-19,30500.0,29500.0,29650.0,29900.0,1760.0,29900.0
2011-09-20,30750.0,29650.0,29900.0,30150.0,1662.0,30150.0
2011-09-21,31000.0,30000.0,30000.0,30750.0,1658.0,30750.0
2011-09-22,30500.0,29500.0,30250.0,30100.0,1020.0,30100.0
2011-09-23,29800.0,27800.0,29000.0,27850.0,3969.0,27850.0
2011-09-26,28750.0,25500.0,27850.0,25500.0,3479.0,25500.0
2011-09-27,26850.0,25500.0,25650.0,26050.0,2202.0,26050.0
2011-09-28,26850.0,25850.0,25950.0,26050.0,2214.0,26050.0
2011-09-29,26800.0,25550.0,25950.0,26650.0,1906.0,26650.0
2011-09-30,30500.0,26700.0,26950.0,28900.0,2930.0,28900.0
2011-10-04,28900.0,27150.0,27150.0,28450.0,1992.0,28450.0
2011-10-05,29200.0,27500.0,28500.0,28450.0,1006.0,28450.0
2011-10-06,29200.0,28250.0,28450.0,28250.0,2398.0,28250.0
2011-10-07,29250.0,28250.0,28250.0,29000.0,860.0,29000.0
2011-10-10,28750.0,28050.0,28750.0,28400.0,1148.0,28400.0
2011-10-11,28550.0,27550.0,28450.0,28250.0,3103.0,28250.0
2011-10-12,28000.0,27250.0,27800.0,27950.0,3098.0,27950.0
2011-10-13,28350.0,27800.0,27800.0,28000.0,2154.0,28000.0
2011-10-14,28000.0,27300.0,28000.0,27950.0,2124.0,27950.0
2011-10-17,28750.0,27750.0,27900.0,28250.0,3463.0,28250.0
2011-10-18,28250.0,27500.0,27850.0,27850.0,2084.0,27850.0
2011-10-19,29200.0,27500.0,29050.0,27750.0,1620.0,27750.0
2011-10-20,28200.0,27100.0,28200.0,27300.0,3210.0,27300.0
2011-10-21,28200.0,27500.0,27900.0,28200.0,3194.0,28200.0
2011-10-24,29150.0,28100.0,28200.0,28550.0,868.0,28550.0
2011-10-25,29300.0,28700.0,29250.0,29200.0,2712.0,29200.0
2011-10-26,33550.0,29250.0,29250.0,32950.0,16945.0,32950.0
2011-10-27,33450.0,29400.0,32950.0,29950.0,10175.0,29950.0
2011-10-28,34400.0,31350.0,34250.0,34400.0,16512.0,34400.0
2011-10-31,39550.0,32700.0,34500.0,33050.0,66470.0,33050.0
2011-11-01,33300.0,31650.0,32750.0,33000.0,12831.0,33000.0
2011-11-02,34450.0,31400.0,31800.0,33500.0,7136.0,33500.0
2011-11-03,38500.0,32550.0,33300.0,36100.0,25815.0,36100.0
2011-11-04,37400.0,35050.0,37400.0,35550.0,10136.0,35550.0
2011-11-07,35900.0,32450.0,35900.0,35000.0,10640.0,35000.0
2011-11-08,35800.0,34550.0,35800.0,35100.0,9092.0,35100.0
2011-11-09,35250.0,33750.0,35250.0,34250.0,3466.0,34250.0
2011-11-10,33900.0,32100.0,32100.0,33100.0,5750.0,33100.0
2011-11-11,33500.0,32750.0,33500.0,33000.0,3642.0,33000.0
2011-11-14,33600.0,32250.0,33050.0,33550.0,6796.0,33550.0
2011-11-15,33750.0,32700.0,33050.0,32700.0,3042.0,32700.0
2011-11-16,32650.0,31600.0,32650.0,31600.0,5815.0,31600.0
2011-11-17,32300.0,31250.0,31600.0,31450.0,2514.0,31450.0
2011-11-18,31700.0,30050.0,30050.0,30700.0,3268.0,30700.0
2011-11-21,31450.0,30050.0,30800.0,30350.0,2892.0,30350.0
2011-11-22,31000.0,30000.0,30250.0,30750.0,2318.0,30750.0
2011-11-23,31150.0,29350.0,30250.0,29350.0,4923.0,29350.0
2011-11-24,30000.0,28750.0,29350.0,29350.0,1528.0,29350.0
2011-11-25,29850.0,28250.0,29200.0,28900.0,4110.0,28900.0
2011-11-28,29750.0,28000.0,29000.0,28950.0,2819.0,28950.0
2011-11-29,30000.0,28950.0,30000.0,29300.0,2637.0,29300.0
2011-11-30,29500.0,28500.0,28500.0,29050.0,2300.0,29050.0
2011-12-01,30000.0,29100.0,29100.0,29700.0,3070.0,29700.0
2011-12-02,30000.0,29250.0,29950.0,29850.0,2170.0,29850.0
2011-12-05,29800.0,29250.0,29750.0,29500.0,2532.0,29500.0
2011-12-06,29750.0,29250.0,29700.0,29550.0,1476.0,29550.0
2011-12-07,29750.0,29000.0,29500.0,29100.0,5370.0,29100.0
2011-12-08,30400.0,28750.0,29050.0,29100.0,3378.0,29100.0
2011-12-09,29850.0,28750.0,29500.0,29500.0,3772.0,29500.0
2011-12-12,30100.0,29200.0,29500.0,29250.0,4458.0,29250.0
2011-12-13,29100.0,28500.0,28850.0,28650.0,4054.0,28650.0
2011-12-14,29500.0,28300.0,28650.0,29500.0,5768.0,29500.0
2011-12-15,30950.0,28850.0,30000.0,28850.0,7866.0,28850.0
2011-12-16,29000.0,28400.0,28850.0,29000.0,3521.0,29000.0
2011-12-19,28800.0,27500.0,28500.0,28450.0,3070.0,28450.0
2011-12-20,28650.0,27450.0,28650.0,27750.0,2816.0,27750.0
2011-12-21,29200.0,28300.0,29200.0,28550.0,1569.0,28550.0
2011-12-22,28850.0,28100.0,28300.0,28500.0,2326.0,28500.0
2011-12-23,29250.0,28200.0,28200.0,29000.0,2620.0,29000.0
2011-12-26,30100.0,29000.0,29250.0,29450.0,3948.0,29450.0
2011-12-27,29700.0,28500.0,29700.0,28900.0,2374.0,28900.0
2011-12-28,30950.0,29450.0,29500.0,30900.0,11422.0,30900.0
2011-12-29,30900.0,28550.0,30900.0,29400.0,6899.0,29400.0
2012-01-02,30000.0,29300.0,29300.0,29700.0,3062.0,29700.0
2012-01-03,29600.0,29250.0,29500.0,29350.0,3826.0,29350.0
2012-01-04,30900.0,29350.0,29350.0,30450.0,10292.0,30450.0
2012-01-05,31050.0,30050.0,30650.0,30600.0,6296.0,30600.0
2012-01-06,30900.0,29800.0,30500.0,29800.0,3686.0,29800.0
2012-01-09,29900.0,29250.0,29800.0,29300.0,3394.0,29300.0
2012-01-10,30450.0,29050.0,30000.0,29450.0,3476.0,29450.0
2012-01-11,30100.0,29350.0,29350.0,30050.0,4582.0,30050.0
2012-01-12,30100.0,29550.0,29900.0,30100.0,3346.0,30100.0
2012-01-13,30000.0,25800.0,30000.0,29500.0,4456.0,29500.0
2012-01-16,29550.0,28750.0,28950.0,29150.0,3580.0,29150.0
2012-01-17,29650.0,29050.0,29600.0,29350.0,4094.0,29350.0
2012-01-18,29750.0,29000.0,29700.0,29500.0,3850.0,29500.0
2012-01-19,29800.0,29100.0,29250.0,29400.0,4821.0,29400.0
2012-01-20,30800.0,29400.0,29950.0,30350.0,5759.0,30350.0
2012-01-25,30750.0,29900.0,30550.0,30200.0,2990.0,30200.0
2012-01-26,30200.0,29300.0,30150.0,29850.0,3070.0,29850.0
2012-01-27,30500.0,29250.0,29850.0,30350.0,3691.0,30350.0
2012-01-30,34750.0,30500.0,30500.0,32450.0,27817.0,32450.0
2012-01-31,32500.0,31350.0,32050.0,31800.0,8044.0,31800.0
2012-02-01,36000.0,32250.0,32250.0,32650.0,35039.0,32650.0
2012-02-02,34900.0,32900.0,33600.0,33500.0,12877.0,33500.0
2012-02-03,34600.0,32600.0,34600.0,33600.0,8262.0,33600.0
2012-02-06,33850.0,32350.0,33500.0,33750.0,7618.0,33750.0
2012-02-07,33850.0,32750.0,33150.0,32850.0,2496.0,32850.0
2012-02-08,32900.0,32000.0,32600.0,32900.0,5843.0,32900.0
2012-02-09,32800.0,31900.0,32800.0,32400.0,5757.0,32400.0
2012-02-10,37150.0,32900.0,32900.0,34550.0,48350.0,34550.0
2012-02-13,35950.0,34300.0,34550.0,34950.0,10764.0,34950.0
2012-02-14,35000.0,33000.0,35000.0,33850.0,11684.0,33850.0
2012-02-15,34300.0,33550.0,34000.0,34000.0,6644.0,34000.0
2012-02-16,39100.0,34150.0,34150.0,39100.0,75016.0,39100.0
2012-02-17,44950.0,40000.0,40900.0,44950.0,112567.0,44950.0
2012-02-20,51500.0,45650.0,46700.0,51500.0,87882.0,51500.0
2012-02-21,58000.0,48350.0,55000.0,51000.0,178520.0,51000.0
2012-02-22,50500.0,45900.0,50500.0,46550.0,73872.0,46550.0
2012-02-23,51250.0,44850.0,47000.0,48200.0,91950.0,48200.0
2012-02-24,48200.0,46250.0,48200.0,47050.0,27972.0,47050.0
2012-02-27,47250.0,40700.0,46600.0,45900.0,23134.0,45900.0
2012-02-28,46500.0,43750.0,46500.0,44250.0,14141.0,44250.0
2012-02-29,47150.0,44250.0,44250.0,45350.0,14906.0,45350.0
2012-03-02,46950.0,45300.0,45600.0,45750.0,15316.0,45750.0
2012-03-05,46750.0,43200.0,46750.0,43300.0,16496.0,43300.0
2012-03-06,44000.0,41100.0,43450.0,42250.0,15642.0,42250.0
2012-03-07,44750.0,40950.0,42050.0,44450.0,16764.0,44450.0
2012-03-08,45600.0,43200.0,44950.0,43700.0,12676.0,43700.0
2012-03-09,45450.0,43750.0,44500.0,45350.0,13730.0,45350.0
2012-03-12,45750.0,43500.0,45000.0,44800.0,6290.0,44800.0
2012-03-13,45400.0,43800.0,45400.0,44850.0,9214.0,44850.0
2012-03-14,45500.0,43500.0,44600.0,43500.0,13776.0,43500.0
2012-03-15,44200.0,41900.0,43500.0,42000.0,11758.0,42000.0
2012-03-16,42050.0,41250.0,42000.0,41900.0,5479.0,41900.0
2012-03-19,43350.0,41250.0,41900.0,42250.0,6838.0,42250.0
2012-03-20,42250.0,40900.0,41900.0,40900.0,8962.0,40900.0
2012-03-21,41750.0,40200.0,40200.0,40750.0,5729.0,40750.0
2012-03-22,41200.0,40100.0,40950.0,40850.0,4290.0,40850.0
2012-03-23,41700.0,40250.0,40250.0,40600.0,3700.0,40600.0
2012-03-26,41750.0,40550.0,40550.0,41700.0,3580.0,41700.0
2012-03-27,42350.0,41650.0,42300.0,42250.0,6460.0,42250.0
2012-03-28,43250.0,41900.0,42250.0,42500.0,8448.0,42500.0
2012-03-29,43250.0,40850.0,43250.0,41400.0,6982.0,41400.0
2012-03-30,42200.0,40600.0,41400.0,41900.0,3574.0,41900.0
2012-04-02,42500.0,41200.0,41500.0,42200.0,4108.0,42200.0
2012-04-03,42700.0,41300.0,42000.0,41350.0,6408.0,41350.0
2012-04-04,42050.0,39200.0,41350.0,40000.0,8285.0,40000.0
2012-04-05,39900.0,38700.0,39250.0,39750.0,6018.0,39750.0
2012-04-06,41200.0,38900.0,39150.0,38900.0,4589.0,38900.0
2012-04-09,39450.0,37500.0,38000.0,37700.0,4088.0,37700.0
2012-04-10,39000.0,37000.0,37000.0,38500.0,2638.0,38500.0
2012-04-12,39500.0,37300.0,38500.0,39000.0,3858.0,39000.0
2012-04-13,39950.0,38950.0,39000.0,39650.0,3995.0,39650.0
2012-04-16,40450.0,38600.0,40450.0,39400.0,3450.0,39400.0
2012-04-17,40200.0,38500.0,39400.0,38850.0,3270.0,38850.0
2012-04-18,39500.0,38150.0,39250.0,38950.0,3962.0,38950.0
2012-04-19,39200.0,38100.0,38100.0,38500.0,1626.0,38500.0
2012-04-20,38700.0,37050.0,37900.0,37450.0,4540.0,37450.0
2012-04-23,38250.0,36800.0,37000.0,37200.0,4060.0,37200.0
2012-04-24,37500.0,36050.0,37200.0,36800.0,2576.0,36800.0
2012-04-25,37000.0,35350.0,37000.0,35500.0,3692.0,35500.0
2012-04-26,39650.0,35550.0,35550.0,36600.0,9237.0,36600.0
2012-04-27,38850.0,36550.0,37900.0,37100.0,5002.0,37100.0
2012-04-30,37750.0,36450.0,37150.0,36950.0,3699.0,36950.0
2012-05-02,37400.0,35750.0,36550.0,36300.0,5178.0,36300.0
2012-05-03,36600.0,35750.0,35900.0,36400.0,3400.0,36400.0
2012-05-04,36800.0,35950.0,36350.0,36800.0,2512.0,36800.0
2012-05-07,37250.0,35500.0,36700.0,35800.0,2662.0,35800.0
2012-05-08,36200.0,35550.0,36200.0,35700.0,2560.0,35700.0
2012-05-09,35950.0,35000.0,35950.0,35400.0,5058.0,35400.0
2012-05-10,35900.0,35150.0,35350.0,35550.0,1733.0,35550.0
2012-05-11,36200.0,35200.0,35550.0,35550.0,1648.0,35550.0
2012-05-14,35950.0,35050.0,35350.0,35450.0,2656.0,35450.0
2012-05-15,35000.0,32550.0,35000.0,34650.0,9232.0,34650.0
2012-05-16,34000.0,32350.0,34000.0,32750.0,6016.0,32750.0
2012-05-17,32750.0,31250.0,32750.0,31850.0,2524.0,31850.0
2012-05-18,31300.0,29250.0,31250.0,29800.0,5244.0,29800.0
2012-05-21,30500.0,29650.0,30250.0,29700.0,2741.0,29700.0
2012-05-22,30500.0,29800.0,29800.0,30400.0,2785.0,30400.0
2012-05-23,30400.0,29400.0,30400.0,29700.0,3630.0,29700.0
2012-05-24,30250.0,29050.0,29850.0,29750.0,3304.0,29750.0
2012-05-25,30950.0,29250.0,30950.0,29800.0,3248.0,29800.0
2012-05-29,30200.0,29750.0,30200.0,30000.0,2148.0,30000.0
2012-05-30,30350.0,29700.0,29850.0,30350.0,2384.0,30350.0
2012-05-31,31000.0,29850.0,30350.0,30450.0,854.0,30450.0
2012-06-01,31250.0,30150.0,30450.0,30950.0,3906.0,30950.0
2012-06-04,30000.0,28300.0,29600.0,29500.0,5723.0,29500.0
2012-06-05,29450.0,28700.0,29150.0,29100.0,1996.0,29100.0
2012-06-07,29850.0,29300.0,29300.0,29600.0,1370.0,29600.0
2012-06-08,31150.0,28750.0,29500.0,30500.0,2928.0,30500.0
2012-06-11,31150.0,30400.0,30500.0,31000.0,1186.0,31000.0
2012-06-12,30800.0,30050.0,30100.0,30800.0,491.0,30800.0
2012-06-13,30850.0,30100.0,30800.0,30350.0,1822.0,30350.0
2012-06-14,30850.0,29900.0,30500.0,30800.0,2506.0,30800.0
2012-06-15,31000.0,30300.0,30800.0,30400.0,1588.0,30400.0
2012-06-18,30900.0,30400.0,30900.0,30600.0,918.0,30600.0
2012-06-19,30700.0,30150.0,30150.0,30700.0,2598.0,30700.0
2012-06-20,31250.0,30500.0,30700.0,31250.0,4036.0,31250.0
2012-06-21,31500.0,30550.0,31500.0,31100.0,1686.0,31100.0
2012-06-22,31650.0,30500.0,30800.0,31250.0,826.0,31250.0
2012-06-25,31800.0,30800.0,31800.0,31300.0,538.0,31300.0
2012-06-26,31300.0,30650.0,31300.0,31250.0,1070.0,31250.0
2012-06-27,31950.0,30000.0,31000.0,31750.0,1890.0,31750.0
2012-06-28,32450.0,30550.0,32450.0,31150.0,1120.0,31150.0
2012-06-29,31600.0,30700.0,30700.0,31350.0,644.0,31350.0
2012-07-02,31800.0,31150.0,31800.0,31150.0,566.0,31150.0
2012-07-03,32450.0,30850.0,30850.0,32000.0,2384.0,32000.0
2012-07-04,32500.0,31500.0,32000.0,32250.0,1826.0,32250.0
2012-07-05,32500.0,32050.0,32250.0,32500.0,1658.0,32500.0
2012-07-06,33700.0,32400.0,32750.0,32950.0,3326.0,32950.0
2012-07-09,32950.0,32050.0,32950.0,32450.0,1236.0,32450.0
2012-07-10,32500.0,31700.0,31750.0,32400.0,1044.0,32400.0
2012-07-11,32550.0,31750.0,32500.0,31750.0,1152.0,31750.0
2012-07-12,32350.0,31550.0,32350.0,31750.0,252.0,31750.0
2012-07-13,31750.0,30000.0,31750.0,30950.0,3396.0,30950.0
2012-07-16,31250.0,30150.0,31250.0,30700.0,1732.0,30700.0
2012-07-17,30700.0,30200.0,30250.0,30700.0,924.0,30700.0
2012-07-18,30800.0,30100.0,30800.0,30100.0,1282.0,30100.0
2012-07-19,30900.0,30050.0,30900.0,30600.0,826.0,30600.0
2012-07-20,30750.0,30100.0,30750.0,30400.0,1570.0,30400.0
2012-07-23,30700.0,30050.0,30400.0,30400.0,3486.0,30400.0
2012-07-24,30500.0,29950.0,30500.0,30300.0,2760.0,30300.0
2012-07-25,34750.0,30500.0,30950.0,31050.0,20600.0,31050.0
2012-07-26,31500.0,29750.0,31050.0,30000.0,4744.0,30000.0
2012-07-27,30850.0,30100.0,30100.0,30400.0,1916.0,30400.0
2012-07-30,31000.0,30100.0,30100.0,30600.0,1578.0,30600.0
2012-07-31,30800.0,30200.0,30500.0,30800.0,3030.0,30800.0
2012-08-01,31600.0,30150.0,30150.0,30750.0,874.0,30750.0
2012-08-02,30750.0,30300.0,30750.0,30650.0,312.0,30650.0
2012-08-03,31250.0,30150.0,30150.0,30600.0,1286.0,30600.0
2012-08-06,31000.0,30450.0,30450.0,30850.0,1488.0,30850.0
2012-08-07,30900.0,30400.0,30850.0,30900.0,1670.0,30900.0
2012-08-08,31500.0,30400.0,30900.0,31400.0,1772.0,31400.0
2012-08-09,32100.0,31250.0,31400.0,31750.0,3022.0,31750.0
2012-08-10,32650.0,31500.0,32650.0,32000.0,1684.0,32000.0
2012-08-13,33150.0,31250.0,32000.0,31950.0,1450.0,31950.0
2012-08-14,32000.0,31550.0,31950.0,31950.0,1192.0,31950.0
2012-08-16,32950.0,31350.0,31950.0,32250.0,3596.0,32250.0
2012-08-17,32950.0,32000.0,32450.0,32300.0,2148.0,32300.0
2012-08-20,32000.0,31500.0,31750.0,31750.0,3354.0,31750.0
2012-08-21,32100.0,31550.0,31550.0,31850.0,1448.0,31850.0
2012-08-22,32100.0,31500.0,32000.0,31750.0,1984.0,31750.0
2012-08-23,31850.0,31150.0,31850.0,31300.0,4858.0,31300.0
2012-08-24,31550.0,31150.0,31550.0,31350.0,890.0,31350.0
2012-08-27,32700.0,31550.0,31950.0,32000.0,7442.0,32000.0
2012-08-28,32400.0,31550.0,32400.0,31900.0,2260.0,31900.0
2012-08-29,32350.0,31000.0,32350.0,31100.0,5796.0,31100.0
2012-08-30,31750.0,31000.0,31050.0,31250.0,1810.0,31250.0
2012-08-31,31400.0,30600.0,30650.0,31100.0,1298.0,31100.0
2012-09-03,31800.0,30400.0,31800.0,30700.0,2596.0,30700.0
2012-09-04,31000.0,30400.0,30550.0,30900.0,3840.0,30900.0
2012-09-05,31150.0,30250.0,30900.0,30950.0,3298.0,30950.0
2012-09-06,31300.0,30750.0,30950.0,31300.0,2512.0,31300.0
2012-09-07,31750.0,31000.0,31750.0,31700.0,1302.0,31700.0
2012-09-10,32150.0,31200.0,32150.0,31650.0,1322.0,31650.0
2012-09-11,32000.0,31050.0,31650.0,32000.0,2868.0,32000.0
2012-09-12,32200.0,31500.0,32200.0,31950.0,1132.0,31950.0
2012-09-13,32150.0,31550.0,31950.0,32150.0,2744.0,32150.0
2012-09-14,32900.0,31700.0,32150.0,32850.0,7486.0,32850.0
2012-09-17,33400.0,32650.0,33350.0,32850.0,5094.0,32850.0
2012-09-18,33850.0,32700.0,32850.0,33800.0,5742.0,33800.0
2012-09-19,34150.0,33250.0,33800.0,33900.0,4528.0,33900.0
2012-09-20,34650.0,33600.0,34000.0,33950.0,5224.0,33950.0
2012-09-21,34400.0,33300.0,33400.0,34200.0,4618.0,34200.0
2012-09-24,34500.0,33150.0,34000.0,33150.0,2858.0,33150.0
2012-09-25,33150.0,32400.0,33100.0,32400.0,2268.0,32400.0
2012-09-26,32600.0,31750.0,31750.0,32250.0,2244.0,32250.0
2012-09-27,32950.0,31700.0,32000.0,32950.0,1546.0,32950.0
2012-09-28,33200.0,32300.0,32950.0,32850.0,1852.0,32850.0
2012-10-02,32850.0,32200.0,32850.0,32750.0,2820.0,32750.0
2012-10-04,32900.0,32000.0,32900.0,32300.0,1404.0,32300.0
2012-10-05,32450.0,31200.0,32450.0,31200.0,1790.0,31200.0
2012-10-08,31500.0,30750.0,31350.0,31000.0,1523.0,31000.0
2012-10-09,32000.0,30800.0,31250.0,31400.0,1372.0,31400.0
2012-10-10,32000.0,30750.0,31400.0,31300.0,2168.0,31300.0
2012-10-11,31400.0,30900.0,31300.0,31350.0,876.0,31350.0
2012-10-12,31750.0,30800.0,31750.0,31000.0,2178.0,31000.0
2012-10-15,31000.0,30350.0,31000.0,30700.0,2318.0,30700.0
2012-10-16,30850.0,30050.0,30850.0,30500.0,2738.0,30500.0
2012-10-17,31150.0,30500.0,30500.0,30950.0,944.0,30950.0
2012-10-18,31750.0,30750.0,31750.0,31000.0,600.0,31000.0
2012-10-19,31650.0,30650.0,30800.0,31300.0,1443.0,31300.0
2012-10-22,31450.0,30650.0,31300.0,31350.0,1100.0,31350.0
2012-10-23,31900.0,30750.0,31850.0,30800.0,680.0,30800.0
2012-10-24,31200.0,30250.0,30650.0,31050.0,2594.0,31050.0
2012-10-25,31500.0,30750.0,31350.0,31150.0,538.0,31150.0
2012-10-26,31800.0,30100.0,31800.0,30700.0,2976.0,30700.0
2012-10-29,30900.0,29550.0,30700.0,29550.0,2998.0,29550.0
2012-10-30,30400.0,29550.0,29550.0,29700.0,1244.0,29700.0
2012-10-31,30800.0,29750.0,29750.0,30300.0,1688.0,30300.0
2012-11-01,30550.0,29650.0,30500.0,29900.0,1474.0,29900.0
2012-11-02,30700.0,29900.0,30650.0,30600.0,1806.0,30600.0
2012-11-05,30700.0,30000.0,30450.0,30200.0,1356.0,30200.0
2012-11-06,30650.0,29750.0,30350.0,30350.0,734.0,30350.0
2012-11-07,31250.0,30200.0,30600.0,30650.0,1842.0,30650.0
2012-11-08,30700.0,30150.0,30600.0,30700.0,2056.0,30700.0
2012-11-09,31300.0,30600.0,30700.0,30900.0,340.0,30900.0
2012-11-12,31250.0,30300.0,31250.0,30950.0,678.0,30950.0
2012-11-13,30650.0,29000.0,30550.0,29550.0,2948.0,29550.0
2012-11-14,30350.0,29000.0,29550.0,29850.0,3868.0,29850.0
2012-11-15,30500.0,29150.0,30000.0,30050.0,2488.0,30050.0
2012-11-16,30400.0,29050.0,30400.0,29650.0,522.0,29650.0
2012-11-19,31250.0,28250.0,28250.0,30650.0,3568.0,30650.0
2012-11-20,30250.0,29750.0,30150.0,29900.0,757.0,29900.0
2012-11-21,29900.0,28750.0,29900.0,28750.0,3968.0,28750.0
2012-11-22,29100.0,28400.0,28750.0,28600.0,2170.0,28600.0
2012-11-23,29900.0,27550.0,28500.0,28450.0,3900.0,28450.0
2012-11-26,28550.0,27500.0,28550.0,28200.0,2224.0,28200.0
2012-11-27,28450.0,27600.0,28200.0,28350.0,3940.0,28350.0
2012-11-28,28500.0,27250.0,27750.0,27350.0,3675.0,27350.0
2012-11-29,27950.0,27450.0,27500.0,27900.0,914.0,27900.0
2012-11-30,28100.0,27550.0,28000.0,27850.0,1056.0,27850.0
2012-12-03,28500.0,27600.0,28400.0,28000.0,955.0,28000.0
2012-12-04,28300.0,27500.0,28000.0,27500.0,1202.0,27500.0
2012-12-05,28150.0,27350.0,27500.0,27450.0,2180.0,27450.0
2012-12-06,28150.0,27000.0,27500.0,27400.0,1942.0,27400.0
2012-12-07,27450.0,26500.0,27450.0,26500.0,3277.0,26500.0
2012-12-10,27200.0,25700.0,26500.0,26050.0,3146.0,26050.0
2012-12-11,26450.0,25750.0,26000.0,26100.0,1752.0,26100.0
2012-12-12,26150.0,25000.0,26150.0,25300.0,6504.0,25300.0
2012-12-13,26150.0,25250.0,25300.0,25850.0,2247.0,25850.0
2012-12-14,26250.0,25550.0,26200.0,26150.0,3016.0,26150.0
2012-12-17,26350.0,25650.0,26200.0,26350.0,1789.0,26350.0
2012-12-18,26600.0,26200.0,26350.0,26550.0,1481.0,26550.0
2012-12-20,28400.0,26550.0,26800.0,27400.0,3496.0,27400.0
2012-12-21,28000.0,26500.0,26600.0,26550.0,4458.0,26550.0
2012-12-24,27000.0,25750.0,26550.0,26900.0,2186.0,26900.0
2012-12-26,27150.0,26400.0,27000.0,26400.0,1836.0,26400.0
2012-12-27,27100.0,26300.0,26400.0,26900.0,1952.0,26900.0
2012-12-28,26900.0,26450.0,26900.0,26550.0,2400.0,26550.0
2013-01-02,27050.0,26500.0,26500.0,27050.0,1044.0,27050.0
2013-01-03,27850.0,26900.0,27050.0,27450.0,1719.0,27450.0
2013-01-04,27750.0,27450.0,27750.0,27650.0,1688.0,27650.0
2013-01-07,27750.0,27350.0,27650.0,27650.0,1810.0,27650.0
2013-01-08,27950.0,27400.0,27450.0,27950.0,1478.0,27950.0
2013-01-09,27650.0,26950.0,27550.0,27000.0,4440.0,27000.0
2013-01-10,27350.0,26750.0,27050.0,27000.0,1154.0,27000.0
2013-01-11,27150.0,26450.0,26900.0,26850.0,3910.0,26850.0
2013-01-14,28150.0,26500.0,26850.0,28000.0,6523.0,28000.0
2013-01-15,28400.0,27200.0,28300.0,28000.0,3040.0,28000.0
2013-01-16,28250.0,27500.0,28200.0,27700.0,3036.0,27700.0
2013-01-17,28250.0,27650.0,27750.0,28250.0,3681.0,28250.0
2013-01-18,28900.0,27750.0,28200.0,28850.0,2938.0,28850.0
2013-01-21,33150.0,29150.0,29150.0,33150.0,29121.0,33150.0
2013-01-22,36150.0,32350.0,34450.0,33450.0,39936.0,33450.0
2013-01-23,33450.0,31750.0,33450.0,32300.0,11610.0,32300.0
2013-01-24,32750.0,31000.0,32050.0,31850.0,8226.0,31850.0
2013-01-25,32250.0,31000.0,32250.0,31800.0,4138.0,31800.0
2013-01-28,32200.0,30600.0,31250.0,31150.0,3826.0,31150.0
2013-01-29,31900.0,31000.0,31900.0,31500.0,3250.0,31500.0
2013-01-30,33550.0,31200.0,32000.0,32850.0,7366.0,32850.0
2013-01-31,33800.0,32250.0,32750.0,32300.0,8146.0,32300.0
2013-02-01,32300.0,31050.0,32300.0,31500.0,3120.0,31500.0
2013-02-04,31500.0,30750.0,31500.0,31350.0,4979.0,31350.0
2013-02-05,31450.0,30800.0,30800.0,30850.0,2952.0,30850.0
2013-02-06,31100.0,30650.0,30650.0,30750.0,3075.0,30750.0
2013-02-07,31700.0,30750.0,30750.0,31650.0,2982.0,31650.0
2013-02-08,32000.0,31250.0,31650.0,31500.0,1412.0,31500.0
2013-02-12,32000.0,31350.0,31500.0,31550.0,1692.0,31550.0
2013-02-13,31650.0,31000.0,31650.0,31650.0,1034.0,31650.0
2013-02-14,31650.0,31050.0,31650.0,31500.0,1248.0,31500.0
2013-02-15,31550.0,31150.0,31550.0,31350.0,1966.0,31350.0
2013-02-18,31650.0,31150.0,31350.0,31650.0,1738.0,31650.0
2013-02-19,31850.0,31300.0,31850.0,31650.0,3361.0,31650.0
2013-02-20,33200.0,31550.0,31850.0,32650.0,8116.0,32650.0
2013-02-21,33300.0,32550.0,32650.0,32900.0,4088.0,32900.0
2013-02-22,33750.0,32600.0,32900.0,33050.0,5011.0,33050.0
2013-02-25,33000.0,31650.0,31800.0,32000.0,4132.0,32000.0
2013-02-26,32150.0,31400.0,31400.0,31400.0,3551.0,31400.0
2013-02-27,31600.0,30400.0,31050.0,30500.0,2271.0,30500.0
2013-02-28,31750.0,30500.0,30500.0,30750.0,6180.0,30750.0
2013-03-04,31800.0,30550.0,30650.0,31700.0,2988.0,31700.0
2013-03-05,31900.0,31100.0,31700.0,31650.0,1954.0,31650.0
2013-03-06,32200.0,31250.0,31650.0,31850.0,2168.0,31850.0
2013-03-07,31850.0,31250.0,31800.0,31450.0,903.0,31450.0
2013-03-08,31800.0,31100.0,31500.0,31450.0,2394.0,31450.0
2013-03-11,31500.0,29950.0,31450.0,30250.0,4110.0,30250.0
2013-03-12,30850.0,30200.0,30300.0,30850.0,2268.0,30850.0
2013-03-13,30900.0,30350.0,30850.0,30700.0,986.0,30700.0
2013-03-14,30750.0,30150.0,30450.0,30600.0,2690.0,30600.0
2013-03-15,31350.0,30600.0,31250.0,31000.0,1666.0,31000.0
2013-03-18,30850.0,30450.0,30550.0,30450.0,1800.0,30450.0
2013-03-19,31000.0,30350.0,30350.0,30850.0,584.0,30850.0
2013-03-20,31350.0,30500.0,30850.0,30950.0,720.0,30950.0
2013-03-21,31200.0,30450.0,30950.0,30950.0,3204.0,30950.0
2013-03-22,30650.0,30150.0,30500.0,30250.0,2388.0,30250.0
2013-03-25,30950.0,30100.0,30400.0,30800.0,2572.0,30800.0
2013-03-26,30850.0,30250.0,30800.0,30250.0,1762.0,30250.0
2013-03-27,30800.0,30150.0,30400.0,30600.0,1582.0,30600.0
2013-03-28,30600.0,26050.0,30600.0,29600.0,8700.0,29600.0
2013-03-29,29800.0,29250.0,29650.0,29650.0,1782.0,29650.0
2013-04-01,30300.0,29500.0,29800.0,30050.0,1008.0,30050.0
2013-04-02,29900.0,28600.0,29900.0,29600.0,2780.0,29600.0
2013-04-03,29200.0,28000.0,29200.0,28150.0,3846.0,28150.0
2013-04-04,27900.0,26750.0,27800.0,27000.0,4580.0,27000.0
2013-04-05,27700.0,26750.0,26750.0,27050.0,2795.0,27050.0
2013-04-08,28750.0,26250.0,26700.0,26750.0,2833.0,26750.0
2013-04-09,27500.0,26000.0,26850.0,26450.0,1400.0,26450.0
2013-04-10,27150.0,26350.0,27150.0,26800.0,1146.0,26800.0
2013-04-11,27150.0,26000.0,26800.0,26500.0,3094.0,26500.0
2013-04-12,27100.0,26250.0,26500.0,26300.0,1920.0,26300.0
2013-04-15,26400.0,25800.0,26300.0,26400.0,2182.0,26400.0
2013-04-16,26450.0,26050.0,26400.0,26400.0,1040.0,26400.0
2013-04-17,26750.0,26050.0,26550.0,26100.0,1640.0,26100.0
2013-04-18,26100.0,25500.0,26100.0,25600.0,5376.0,25600.0
2013-04-19,25700.0,25000.0,25650.0,25450.0,3182.0,25450.0
2013-04-22,25900.0,25500.0,25900.0,25850.0,452.0,25850.0
2013-04-23,25800.0,25500.0,25800.0,25700.0,1268.0,25700.0
2013-04-24,26500.0,25650.0,25700.0,26050.0,1886.0,26050.0
2013-04-25,26450.0,25750.0,26450.0,26150.0,2752.0,26150.0
2013-04-26,27250.0,26050.0,27250.0,26200.0,644.0,26200.0
2013-04-29,26350.0,25550.0,26200.0,25950.0,2350.0,25950.0
2013-04-30,26700.0,25500.0,26700.0,25700.0,4684.0,25700.0
2013-05-02,26250.0,25500.0,26250.0,25750.0,1850.0,25750.0
2013-05-03,26650.0,25650.0,25750.0,26650.0,1830.0,26650.0
2013-05-06,26600.0,26000.0,26550.0,26400.0,1240.0,26400.0
2013-05-07,27200.0,26400.0,27200.0,26950.0,1190.0,26950.0
2013-05-08,27750.0,26950.0,26950.0,27200.0,1100.0,27200.0
2013-05-09,28000.0,27500.0,27500.0,28000.0,1607.0,28000.0
2013-05-10,28450.0,27500.0,28100.0,27650.0,1535.0,27650.0
2013-05-13,27650.0,25750.0,27650.0,26750.0,1294.0,26750.0
2013-05-14,27250.0,26500.0,26700.0,27250.0,2484.0,27250.0
2013-05-15,27750.0,26750.0,27250.0,27400.0,1415.0,27400.0
2013-05-16,28500.0,26600.0,27500.0,27000.0,3492.0,27000.0
2013-05-20,27600.0,26750.0,26900.0,27400.0,1360.0,27400.0
2013-05-21,27450.0,26850.0,27150.0,27200.0,1246.0,27200.0
2013-05-22,27850.0,27200.0,27200.0,27800.0,1926.0,27800.0
2013-05-23,27950.0,27150.0,27800.0,27650.0,962.0,27650.0
2013-05-24,27900.0,27050.0,27500.0,27900.0,1902.0,27900.0
2013-05-27,28350.0,27750.0,27900.0,27900.0,1256.0,27900.0
2013-05-28,29100.0,27900.0,27900.0,28650.0,2394.0,28650.0
2013-05-29,28950.0,27750.0,28650.0,28450.0,3446.0,28450.0
2013-05-30,28600.0,28000.0,28150.0,28350.0,1692.0,28350.0
2013-05-31,29250.0,26350.0,28100.0,27000.0,15862.0,27000.0
2013-06-03,27250.0,26550.0,27000.0,26650.0,908.0,26650.0
2013-06-04,27250.0,26050.0,27250.0,26400.0,3440.0,26400.0
2013-06-05,26900.0,26050.0,26400.0,26150.0,2116.0,26150.0
2013-06-07,27500.0,26300.0,26300.0,26700.0,4408.0,26700.0
2013-06-10,27050.0,26550.0,26700.0,27000.0,1904.0,27000.0
2013-06-11,27150.0,26400.0,27150.0,26700.0,3456.0,26700.0
2013-06-12,27250.0,26350.0,26650.0,26700.0,5254.0,26700.0
2013-06-13,27000.0,26450.0,26450.0,26500.0,2030.0,26500.0
2013-06-14,26900.0,26250.0,26650.0,26500.0,3386.0,26500.0
2013-06-17,27000.0,26200.0,26950.0,26700.0,764.0,26700.0
2013-06-18,26950.0,26450.0,26950.0,26550.0,448.0,26550.0
2013-06-19,27000.0,26350.0,26700.0,26750.0,654.0,26750.0
2013-06-20,26750.0,26250.0,26700.0,26500.0,1438.0,26500.0
2013-06-21,26150.0,25250.0,25250.0,26100.0,2584.0,26100.0
2013-06-24,26000.0,25250.0,26000.0,25600.0,1356.0,25600.0
2013-06-25,25850.0,24775.0,25600.0,24800.0,1996.0,24800.0
2013-06-26,25550.0,24850.0,24900.0,25100.0,1464.0,25100.0
2013-06-27,25950.0,25150.0,25650.0,25900.0,966.0,25900.0
2013-06-28,25950.0,25050.0,25950.0,25750.0,2414.0,25750.0
2013-07-01,25800.0,25250.0,25800.0,25600.0,1228.0,25600.0
2013-07-02,25700.0,25050.0,25350.0,25700.0,856.0,25700.0
2013-07-03,25600.0,25200.0,25500.0,25250.0,1866.0,25250.0
2013-07-04,25650.0,25200.0,25500.0,25450.0,802.0,25450.0
2013-07-05,25700.0,25150.0,25450.0,25150.0,1086.0,25150.0
2013-07-08,25450.0,24800.0,25150.0,25000.0,1954.0,25000.0
2013-07-09,25500.0,24900.0,25000.0,25500.0,820.0,25500.0
2013-07-10,25700.0,24875.0,25700.0,25350.0,576.0,25350.0
2013-07-11,25500.0,25000.0,25350.0,25350.0,738.0,25350.0
2013-07-12,25750.0,25000.0,25750.0,25200.0,1054.0,25200.0
2013-07-15,25700.0,25100.0,25700.0,25450.0,346.0,25450.0
2013-07-16,26150.0,25150.0,25350.0,25500.0,1434.0,25500.0
2013-07-17,25550.0,25150.0,25500.0,25350.0,968.0,25350.0
2013-07-18,25500.0,25100.0,25500.0,25400.0,1324.0,25400.0
2013-07-19,25400.0,24975.0,25200.0,25150.0,892.0,25150.0
2013-07-22,25250.0,25150.0,25200.0,25200.0,640.0,25200.0
2013-07-23,25750.0,25000.0,25100.0,25500.0,2422.0,25500.0
2013-07-24,25800.0,25200.0,25200.0,25700.0,920.0,25700.0
2013-07-25,25650.0,25300.0,25300.0,25400.0,636.0,25400.0
2013-07-26,25600.0,25250.0,25500.0,25400.0,1466.0,25400.0
2013-07-29,25400.0,24600.0,25150.0,25000.0,726.0,25000.0
2013-07-30,25200.0,24875.0,25000.0,25000.0,1012.0,25000.0
2013-07-31,25100.0,24650.0,25000.0,25100.0,2460.0,25100.0
2013-08-01,25050.0,24750.0,24750.0,24825.0,1830.0,24825.0
2013-08-02,25400.0,24900.0,25200.0,25200.0,2264.0,25200.0
2013-08-05,25400.0,24850.0,25400.0,25200.0,688.0,25200.0
2013-08-06,25200.0,24900.0,25200.0,25050.0,1306.0,25050.0
2013-08-07,25200.0,24900.0,25000.0,25100.0,1110.0,25100.0
2013-08-08,25450.0,25050.0,25400.0,25200.0,890.0,25200.0
2013-08-09,25400.0,24975.0,25100.0,25250.0,1486.0,25250.0
2013-08-12,25300.0,24975.0,25050.0,25100.0,484.0,25100.0
2013-08-13,25250.0,24850.0,25250.0,24950.0,708.0,24950.0
2013-08-14,25100.0,24875.0,24875.0,25000.0,1012.0,25000.0
2013-08-16,25450.0,25000.0,25000.0,25250.0,1988.0,25250.0
2013-08-19,25350.0,24975.0,25000.0,25200.0,2704.0,25200.0
2013-08-20,25250.0,24650.0,24950.0,24650.0,1828.0,24650.0
2013-08-21,24700.0,24400.0,24700.0,24425.0,1406.0,24425.0
2013-08-22,24100.0,23600.0,23825.0,23900.0,2081.0,23900.0
2013-08-23,24175.0,23825.0,24000.0,23825.0,1196.0,23825.0
2013-08-26,24150.0,23750.0,23825.0,24100.0,502.0,24100.0
2013-08-27,24175.0,23775.0,24000.0,24100.0,426.0,24100.0
2013-08-28,24000.0,23725.0,23725.0,24000.0,372.0,24000.0
2013-08-29,24700.0,23600.0,24000.0,24700.0,2258.0,24700.0
2013-08-30,26350.0,24050.0,24050.0,25500.0,5619.0,25500.0
2013-09-02,25500.0,24750.0,25500.0,25000.0,1138.0,25000.0
2013-09-03,25100.0,24700.0,25000.0,24875.0,304.0,24875.0
2013-09-04,25000.0,24750.0,25000.0,24875.0,550.0,24875.0
2013-09-05,24950.0,24300.0,24300.0,24950.0,330.0,24950.0
2013-09-06,24950.0,24550.0,24950.0,24850.0,600.0,24850.0
2013-09-09,25150.0,24675.0,24850.0,24750.0,1334.0,24750.0
2013-09-10,25050.0,24750.0,24850.0,25000.0,1900.0,25000.0
2013-09-11,25100.0,24775.0,25000.0,25100.0,1730.0,25100.0
2013-09-12,25850.0,25000.0,25050.0,25250.0,3100.0,25250.0
2013-09-13,25400.0,24975.0,25400.0,24975.0,682.0,24975.0
2013-09-16,25200.0,24850.0,24950.0,25050.0,908.0,25050.0
2013-09-17,25100.0,24900.0,25100.0,24950.0,764.0,24950.0
2013-09-23,25450.0,24950.0,24950.0,25000.0,488.0,25000.0
2013-09-24,25050.0,24250.0,25050.0,24650.0,1566.0,24650.0
2013-09-25,24600.0,24200.0,24275.0,24400.0,1851.0,24400.0
2013-09-26,25000.0,24200.0,24200.0,24900.0,1018.0,24900.0
2013-09-27,25050.0,24675.0,24675.0,25000.0,1844.0,25000.0
2013-09-30,24950.0,24550.0,24875.0,24700.0,2706.0,24700.0
2013-10-01,24750.0,24300.0,24500.0,24575.0,2004.0,24575.0
2013-10-02,24700.0,24500.0,24650.0,24500.0,1105.0,24500.0
2013-10-04,24800.0,24250.0,24400.0,24800.0,626.0,24800.0
2013-10-07,24650.0,24150.0,24525.0,24525.0,1632.0,24525.0
2013-10-08,24425.0,23825.0,24050.0,24250.0,965.0,24250.0
2013-10-10,24250.0,23775.0,24225.0,24100.0,1064.0,24100.0
2013-10-11,24500.0,23850.0,24175.0,24000.0,2418.0,24000.0
2013-10-14,24250.0,23900.0,24100.0,24000.0,170.0,24000.0
2013-10-15,24200.0,23650.0,23800.0,23825.0,1242.0,23825.0
2013-10-16,23850.0,23250.0,23825.0,23250.0,3042.0,23250.0
2013-10-17,23650.0,22825.0,23100.0,23425.0,2102.0,23425.0
2013-10-18,23575.0,23050.0,23575.0,23450.0,594.0,23450.0
2013-10-21,23725.0,23200.0,23450.0,23625.0,1204.0,23625.0
2013-10-22,24000.0,23350.0,23575.0,23875.0,570.0,23875.0
2013-10-23,24000.0,23475.0,24000.0,23700.0,712.0,23700.0
2013-10-24,23650.0,23125.0,23650.0,23350.0,896.0,23350.0
2013-10-25,23575.0,23100.0,23575.0,23350.0,246.0,23350.0
2013-10-28,23575.0,23275.0,23575.0,23550.0,428.0,23550.0
2013-10-29,23550.0,23025.0,23025.0,23150.0,206.0,23150.0
2013-10-30,23725.0,22950.0,22950.0,23050.0,620.0,23050.0
2013-10-31,23825.0,21600.0,22500.0,23725.0,2684.0,23725.0
2013-11-01,23600.0,23000.0,23600.0,23000.0,1138.0,23000.0
2013-11-04,23000.0,22250.0,23000.0,22625.0,2638.0,22625.0
2013-11-05,22950.0,22275.0,22275.0,22625.0,1140.0,22625.0
2013-11-06,22750.0,22250.0,22450.0,22650.0,414.0,22650.0
2013-11-07,22600.0,22350.0,22350.0,22600.0,996.0,22600.0
2013-11-08,22750.0,21750.0,22625.0,21750.0,2312.0,21750.0
2013-11-11,21850.0,21075.0,21850.0,21500.0,680.0,21500.0
2013-11-12,21500.0,20275.0,21500.0,20275.0,5361.0,20275.0
2013-11-13,20450.0,19250.0,20375.0,19400.0,4856.0,19400.0
2013-11-14,20000.0,18550.0,19400.0,19500.0,1288.0,19500.0
2013-11-15,19925.0,19000.0,19625.0,19675.0,1652.0,19675.0
2013-11-18,20225.0,19500.0,19700.0,19900.0,1612.0,19900.0
2013-11-19,20250.0,18075.0,19900.0,18875.0,2985.0,18875.0
2013-11-20,19150.0,17600.0,18275.0,18500.0,3568.0,18500.0
2013-11-21,18575.0,18025.0,18025.0,18325.0,1946.0,18325.0
2013-11-22,19600.0,18250.0,18250.0,19325.0,1164.0,19325.0
2013-11-25,21900.0,19150.0,19325.0,20950.0,1800.0,20950.0
2013-11-26,21400.0,20475.0,21400.0,21000.0,1688.0,21000.0
2013-11-27,20850.0,18075.0,18075.0,20550.0,994.0,20550.0
2013-11-28,20825.0,20075.0,20075.0,20525.0,360.0,20525.0
2013-11-29,20750.0,20350.0,20725.0,20625.0,380.0,20625.0
2013-12-02,20900.0,19800.0,20625.0,20875.0,1264.0,20875.0
2013-12-03,21400.0,20575.0,20875.0,20850.0,1618.0,20850.0
2013-12-04,20750.0,19900.0,20700.0,20275.0,1750.0,20275.0
2013-12-05,20750.0,19875.0,19925.0,20525.0,1964.0,20525.0
2013-12-06,20500.0,19650.0,19800.0,20450.0,1976.0,20450.0
2013-12-09,20750.0,20200.0,20400.0,20700.0,2776.0,20700.0
2013-12-10,21250.0,20525.0,20700.0,21250.0,3122.0,21250.0
2013-12-11,21975.0,21400.0,21500.0,21925.0,2494.0,21925.0
2013-12-12,22300.0,21400.0,22000.0,21950.0,2348.0,21950.0
2013-12-13,22400.0,21525.0,21950.0,22225.0,1541.0,22225.0
2013-12-16,22850.0,21275.0,22500.0,22100.0,2174.0,22100.0
2013-12-17,23100.0,21250.0,23100.0,21875.0,1728.0,21875.0
2013-12-18,22475.0,21500.0,21950.0,22300.0,2391.0,22300.0
2013-12-19,22375.0,21500.0,22300.0,22300.0,556.0,22300.0
2013-12-20,21675.0,21300.0,21550.0,21675.0,923.0,21675.0
2013-12-23,21675.0,20600.0,21675.0,20600.0,1215.0,20600.0
2013-12-24,20600.0,19900.0,20600.0,20100.0,3781.0,20100.0
2013-12-26,21300.0,20175.0,20175.0,20875.0,2286.0,20875.0
2013-12-27,21500.0,20450.0,20450.0,21450.0,1850.0,21450.0
2013-12-30,21825.0,20750.0,21450.0,21800.0,592.0,21800.0
2014-01-02,22650.0,22000.0,22000.0,22025.0,1810.0,22025.0
2014-01-03,22025.0,21500.0,21500.0,22025.0,2334.0,22025.0
2014-01-06,22625.0,21525.0,22000.0,22625.0,1071.0,22625.0
2014-01-07,23000.0,22000.0,22625.0,23000.0,2792.0,23000.0
2014-01-08,23000.0,22250.0,22950.0,22675.0,1368.0,22675.0
2014-01-09,23000.0,21750.0,22050.0,22125.0,4614.0,22125.0
2014-01-10,22250.0,21750.0,22150.0,21950.0,316.0,21950.0
2014-01-13,22750.0,21250.0,21950.0,21900.0,2922.0,21900.0
2014-01-14,22850.0,22000.0,22000.0,22600.0,1720.0,22600.0
2014-01-15,22500.0,22000.0,22200.0,22450.0,4610.0,22450.0
2014-01-16,22750.0,22150.0,22750.0,22350.0,246.0,22350.0
2014-01-17,23200.0,22050.0,22475.0,22600.0,2429.0,22600.0
2014-01-20,22975.0,22200.0,22900.0,22800.0,596.0,22800.0
2014-01-21,22925.0,22500.0,22925.0,22500.0,1963.0,22500.0
2014-01-22,22500.0,22100.0,22500.0,22500.0,1413.0,22500.0
2014-01-23,22600.0,21650.0,22600.0,22000.0,1680.0,22000.0
2014-01-24,22075.0,21500.0,22000.0,21800.0,1562.0,21800.0
2014-01-27,22500.0,21000.0,21775.0,21575.0,1132.0,21575.0
2014-01-28,21575.0,20925.0,21575.0,21300.0,2572.0,21300.0
2014-01-29,21550.0,20900.0,21500.0,21400.0,2883.0,21400.0
2014-02-03,21500.0,20775.0,20775.0,21125.0,3164.0,21125.0
2014-02-04,21400.0,20825.0,21125.0,20825.0,2022.0,20825.0
2014-02-05,22000.0,20725.0,21300.0,21625.0,5026.0,21625.0
2014-02-06,24700.0,21175.0,21175.0,24000.0,6873.0,24000.0
2014-02-07,24450.0,23025.0,24000.0,23825.0,4998.0,23825.0
2014-02-10,23900.0,23275.0,23825.0,23500.0,2647.0,23500.0
2014-02-11,25300.0,23500.0,24475.0,25200.0,7353.0,25200.0
2014-02-12,28950.0,25500.0,25500.0,28950.0,19365.0,28950.0
2014-02-13,30900.0,28000.0,29000.0,28950.0,37349.0,28950.0
2014-02-14,28850.0,27900.0,28850.0,28150.0,7132.0,28150.0
2014-02-17,29500.0,27500.0,28050.0,28650.0,12819.0,28650.0
2014-02-18,30450.0,28300.0,29750.0,30050.0,15537.0,30050.0
2014-02-19,31750.0,29500.0,30050.0,30700.0,19786.0,30700.0
2014-02-20,32800.0,30450.0,30450.0,32150.0,15232.0,32150.0
2014-02-21,33000.0,30850.0,33000.0,31750.0,13419.0,31750.0
2014-02-24,36500.0,31750.0,32500.0,35150.0,47294.0,35150.0
2014-02-25,36000.0,34300.0,35400.0,34850.0,19424.0,34850.0
2014-02-26,35000.0,33550.0,34850.0,33750.0,11904.0,33750.0
2014-02-27,33750.0,31750.0,33650.0,32500.0,14600.0,32500.0
2014-02-28,32500.0,32500.0,32500.0,32500.0,0.0,32500.0
2014-03-03,32500.0,32500.0,32500.0,32500.0,0.0,32500.0
2014-03-04,32500.0,32500.0,32500.0,32500.0,0.0,32500.0
2014-03-05,32500.0,32500.0,32500.0,32500.0,0.0,32500.0
2014-03-06,32500.0,32500.0,32500.0,32500.0,0.0,32500.0
2014-03-07,32500.0,32500.0,32500.0,32500.0,0.0,32500.0
2014-03-10,32500.0,32500.0,32500.0,32500.0,0.0,32500.0
2014-03-11,32500.0,32500.0,32500.0,32500.0,0.0,32500.0
2014-03-12,32500.0,32500.0,32500.0,32500.0,0.0,32500.0
2014-03-13,32500.0,32500.0,32500.0,32500.0,0.0,32500.0
2014-03-14,32500.0,32500.0,32500.0,32500.0,0.0,32500.0
2014-03-17,32500.0,32500.0,32500.0,32500.0,0.0,32500.0
2014-03-18,32500.0,32500.0,32500.0,32500.0,0.0,32500.0
2014-03-19,32500.0,32500.0,32500.0,32500.0,0.0,32500.0
2014-03-20,32500.0,32500.0,32500.0,32500.0,0.0,32500.0
2014-03-21,32500.0,32500.0,32500.0,32500.0,0.0,32500.0
2014-03-24,32500.0,32500.0,32500.0,32500.0,0.0,32500.0
2014-03-25,32500.0,32500.0,32500.0,32500.0,0.0,32500.0
2014-03-26,32500.0,32500.0,32500.0,32500.0,0.0,32500.0
2014-03-27,32500.0,32500.0,32500.0,32500.0,0.0,32500.0
2014-03-28,32500.0,32500.0,32500.0,32500.0,0.0,32500.0
2014-03-31,32500.0,32500.0,32500.0,32500.0,0.0,32500.0
2014-04-01,32500.0,32500.0,32500.0,32500.0,0.0,32500.0
2014-04-02,32500.0,32500.0,32500.0,32500.0,0.0,32500.0
2014-04-03,32500.0,32500.0,32500.0,32500.0,0.0,32500.0
2014-04-04,32500.0,32500.0,32500.0,32500.0,0.0,32500.0
2014-04-07,32500.0,32500.0,32500.0,32500.0,0.0,32500.0
2014-04-08,32500.0,32500.0,32500.0,32500.0,0.0,32500.0
2014-04-09,32500.0,32500.0,32500.0,32500.0,0.0,32500.0
2014-04-10,32500.0,32500.0,32500.0,32500.0,0.0,32500.0
2014-04-11,32500.0,32500.0,32500.0,32500.0,0.0,32500.0
2014-04-14,32500.0,32500.0,32500.0,32500.0,0.0,32500.0
2014-04-15,32500.0,32500.0,32500.0,32500.0,0.0,32500.0
2014-04-16,32500.0,32500.0,32500.0,32500.0,0.0,32500.0
2014-04-17,32500.0,32500.0,32500.0,32500.0,0.0,32500.0
2014-04-18,32500.0,32500.0,32500.0,32500.0,0.0,32500.0
2014-04-21,21425.0,17150.0,20150.0,17150.0,202569.0,17150.0
2014-04-22,17150.0,15950.0,16350.0,16525.0,100223.0,16525.0
2014-04-23,16525.0,16525.0,16525.0,16525.0,0.0,16525.0
2014-04-24,16525.0,16525.0,16525.0,16525.0,0.0,16525.0
2014-04-25,16525.0,16525.0,16525.0,16525.0,0.0,16525.0
2014-04-28,16525.0,16525.0,16525.0,16525.0,0.0,16525.0
2014-04-29,16525.0,16525.0,16525.0,16525.0,0.0,16525.0
2014-04-30,16525.0,16525.0,16525.0,16525.0,0.0,16525.0
2014-05-02,16525.0,16525.0,16525.0,16525.0,0.0,16525.0
2014-05-07,16525.0,16525.0,16525.0,16525.0,0.0,16525.0
2014-05-08,16525.0,16525.0,16525.0,16525.0,0.0,16525.0
2014-05-09,16525.0,16525.0,16525.0,16525.0,0.0,16525.0
2014-05-12,16525.0,16525.0,16525.0,16525.0,0.0,16525.0
2014-05-13,16525.0,16525.0,16525.0,16525.0,0.0,16525.0
2014-05-14,16525.0,16525.0,16525.0,16525.0,0.0,16525.0
2014-05-15,16525.0,16525.0,16525.0,16525.0,0.0,16525.0
2014-05-16,22850.0,17250.0,19900.0,19000.0,127747.0,19000.0
2014-05-19,18950.0,16200.0,18950.0,16600.0,89289.0,16600.0
2014-05-20,19050.0,15850.0,16550.0,17250.0,159378.0,17250.0
2014-05-21,19800.0,19800.0,19800.0,19800.0,11679.0,19800.0
2014-05-22,22750.0,21650.0,22750.0,22750.0,188676.0,22750.0
2014-05-23,22400.0,20150.0,22200.0,20300.0,121747.0,20300.0
2014-05-26,21600.0,19900.0,20400.0,20450.0,45810.0,20450.0
2014-05-27,20000.0,18400.0,19900.0,19150.0,37793.0,19150.0
2014-05-28,19700.0,18550.0,19000.0,19000.0,24093.0,19000.0
2014-05-29,19000.0,17850.0,19000.0,18450.0,27218.0,18450.0
2014-05-30,19350.0,17750.0,18450.0,18300.0,29420.0,18300.0
2014-06-02,18300.0,17100.0,18300.0,17350.0,23906.0,17350.0
2014-06-03,18100.0,17150.0,17300.0,17300.0,16142.0,17300.0
2014-06-05,18600.0,17500.0,17650.0,17900.0,15126.0,17900.0
2014-06-09,18400.0,17350.0,18400.0,17900.0,8402.0,17900.0
2014-06-10,18350.0,17500.0,17700.0,17850.0,8360.0,17850.0
2014-06-11,18050.0,17400.0,17650.0,17450.0,8724.0,17450.0
2014-06-12,18200.0,17300.0,17650.0,18100.0,7220.0,18100.0
2014-06-13,18550.0,17700.0,18500.0,18250.0,9469.0,18250.0
2014-06-16,18200.0,17450.0,18200.0,17550.0,4763.0,17550.0
2014-06-17,17750.0,17150.0,17400.0,17450.0,5557.0,17450.0
2014-06-18,17650.0,16900.0,17650.0,16900.0,4848.0,16900.0
2014-06-19,18250.0,17100.0,17100.0,17300.0,16344.0,17300.0
2014-06-20,17600.0,16800.0,17200.0,17250.0,11163.0,17250.0
2014-06-23,17500.0,16900.0,17050.0,16950.0,10199.0,16950.0
2014-06-24,17950.0,16950.0,17000.0,17450.0,12491.0,17450.0
2014-06-25,17600.0,17050.0,17600.0,17200.0,3495.0,17200.0
2014-06-26,17350.0,16450.0,17350.0,17000.0,10726.0,17000.0
2014-06-27,17200.0,16700.0,16800.0,17100.0,3956.0,17100.0
2014-06-30,17050.0,16250.0,17050.0,16350.0,12629.0,16350.0
2014-07-01,16850.0,16250.0,16400.0,16300.0,7870.0,16300.0
2014-07-02,16900.0,16250.0,16250.0,16600.0,5170.0,16600.0
2014-07-03,16800.0,16200.0,16800.0,16300.0,6069.0,16300.0
2014-07-04,16400.0,16050.0,16400.0,16200.0,4786.0,16200.0
2014-07-07,16300.0,15900.0,16200.0,16200.0,5006.0,16200.0
2014-07-08,16200.0,15050.0,15900.0,15050.0,19102.0,15050.0
2014-07-09,14950.0,14450.0,14800.0,14700.0,20762.0,14700.0
2014-07-10,16450.0,14800.0,14800.0,15500.0,51128.0,15500.0
2014-07-11,15650.0,14500.0,15650.0,14700.0,14486.0,14700.0
2014-07-14,14600.0,14000.0,14500.0,14150.0,13568.0,14150.0
2014-07-15,14500.0,13800.0,14500.0,14050.0,9169.0,14050.0
2014-07-16,14200.0,13400.0,14000.0,13750.0,13593.0,13750.0
2014-07-17,15800.0,13850.0,13850.0,15800.0,27657.0,15800.0
2014-07-18,18100.0,15850.0,16850.0,16200.0,102972.0,16200.0
2014-07-21,16300.0,15000.0,16200.0,15000.0,24635.0,15000.0
2014-07-22,15250.0,14400.0,15200.0,15000.0,14473.0,15000.0
2014-07-23,15300.0,14750.0,15300.0,15000.0,8946.0,15000.0
2014-07-24,15150.0,14650.0,14800.0,14750.0,3496.0,14750.0
2014-07-25,14900.0,14400.0,14900.0,14700.0,4363.0,14700.0
2014-07-28,14850.0,14450.0,14800.0,14800.0,8944.0,14800.0
2014-07-29,15000.0,14500.0,14850.0,14750.0,5184.0,14750.0
2014-07-30,15000.0,14300.0,14850.0,14550.0,3418.0,14550.0
2014-07-31,14650.0,14250.0,14250.0,14500.0,4514.0,14500.0
2014-08-01,14500.0,14000.0,14050.0,14350.0,3812.0,14350.0
2014-08-04,14350.0,13500.0,14350.0,14350.0,1906.0,14350.0
2014-08-05,15500.0,13950.0,14050.0,14650.0,9559.0,14650.0
2014-08-06,15000.0,14300.0,14800.0,14800.0,8454.0,14800.0
2014-08-07,15000.0,14400.0,15000.0,14750.0,3470.0,14750.0
2014-08-08,14800.0,14000.0,14250.0,14300.0,6944.0,14300.0
2014-08-11,14550.0,14300.0,14500.0,14450.0,2271.0,14450.0
2014-08-12,14650.0,13900.0,14650.0,14100.0,1894.0,14100.0
2014-08-13,14450.0,13800.0,13800.0,14000.0,2381.0,14000.0
2014-08-14,14200.0,13850.0,13900.0,14000.0,1552.0,14000.0
2014-08-18,15500.0,14150.0,14150.0,14700.0,15829.0,14700.0
2014-08-19,14850.0,13800.0,14850.0,14300.0,4535.0,14300.0
2014-08-20,14450.0,13950.0,14200.0,14200.0,10363.0,14200.0
2014-08-21,14200.0,13600.0,14000.0,14000.0,8454.0,14000.0
2014-08-22,14000.0,13700.0,14000.0,13850.0,4318.0,13850.0
2014-08-25,13900.0,13300.0,13900.0,13800.0,7521.0,13800.0
2014-08-26,13850.0,13550.0,13800.0,13700.0,3183.0,13700.0
2014-08-27,13950.0,13600.0,13900.0,13800.0,5194.0,13800.0
2014-08-28,14000.0,13500.0,13900.0,13750.0,3475.0,13750.0
2014-08-29,13950.0,13300.0,13650.0,13500.0,3097.0,13500.0
2014-09-01,13550.0,13100.0,13550.0,13550.0,6321.0,13550.0
2014-09-02,14000.0,13350.0,14000.0,13350.0,5185.0,13350.0
2014-09-03,13650.0,13250.0,13650.0,13400.0,1964.0,13400.0
2014-09-04,13900.0,13250.0,13300.0,13700.0,5119.0,13700.0
2014-09-05,13850.0,13100.0,13600.0,13450.0,5173.0,13450.0
2014-09-11,13750.0,13250.0,13450.0,13450.0,1657.0,13450.0
2014-09-12,13500.0,13200.0,13350.0,13350.0,401.0,13350.0
2014-09-15,15350.0,13150.0,13650.0,14600.0,20021.0,14600.0
2014-09-16,14800.0,14000.0,14600.0,14400.0,9098.0,14400.0
2014-09-17,14450.0,14050.0,14450.0,14050.0,3669.0,14050.0
2014-09-18,14450.0,13750.0,13900.0,14200.0,2857.0,14200.0
2014-09-19,14500.0,13850.0,14400.0,14200.0,1557.0,14200.0
2014-09-22,14200.0,13850.0,14200.0,13850.0,3355.0,13850.0
2014-09-23,14300.0,13500.0,14300.0,13500.0,3678.0,13500.0
2014-09-24,13900.0,13500.0,13500.0,13550.0,744.0,13550.0
2014-09-25,13900.0,13400.0,13700.0,13500.0,2007.0,13500.0
2014-09-26,13700.0,13300.0,13300.0,13500.0,960.0,13500.0
2014-09-29,13600.0,12900.0,13600.0,13050.0,8610.0,13050.0
2014-09-30,13250.0,12700.0,13050.0,12950.0,5944.0,12950.0
2014-10-01,13300.0,12350.0,12850.0,12350.0,5976.0,12350.0
2014-10-02,12400.0,11850.0,12300.0,11900.0,4921.0,11900.0
2014-10-06,12450.0,11900.0,11950.0,12000.0,1774.0,12000.0
2014-10-07,12300.0,11800.0,12000.0,11900.0,1166.0,11900.0
2014-10-08,12300.0,11650.0,11900.0,11900.0,1041.0,11900.0
2014-10-10,11800.0,11350.0,11650.0,11750.0,7533.0,11750.0
2014-10-13,11700.0,11250.0,11450.0,11250.0,3686.0,11250.0
2014-10-14,11500.0,11200.0,11250.0,11250.0,1909.0,11250.0
2014-10-15,11800.0,11200.0,11200.0,11200.0,1066.0,11200.0
2014-10-16,12050.0,10800.0,11200.0,11350.0,7374.0,11350.0
2014-10-17,11700.0,11100.0,11300.0,11200.0,3258.0,11200.0
2014-10-20,11550.0,10900.0,11200.0,11100.0,882.0,11100.0
2014-10-21,11250.0,10800.0,11100.0,10850.0,1842.0,10850.0
2014-10-22,12450.0,10850.0,10850.0,12450.0,68510.0,12450.0
2014-10-23,13400.0,11500.0,12600.0,12650.0,71720.0,12650.0
2014-10-24,13050.0,12050.0,12500.0,12250.0,7706.0,12250.0
2014-10-27,12250.0,11850.0,12250.0,11850.0,5014.0,11850.0
2014-10-28,11850.0,11000.0,11850.0,11500.0,4330.0,11500.0
2014-10-29,11650.0,11250.0,11250.0,11550.0,930.0,11550.0
2014-10-30,11650.0,11150.0,11300.0,11400.0,1333.0,11400.0
2014-10-31,11750.0,11250.0,11350.0,11650.0,1267.0,11650.0
2014-11-03,11600.0,11000.0,11600.0,11350.0,3369.0,11350.0
2014-11-04,11500.0,10900.0,11350.0,11300.0,4602.0,11300.0
2014-11-05,11600.0,11000.0,11000.0,11500.0,1883.0,11500.0
2014-11-06,11650.0,11050.0,11200.0,11350.0,3544.0,11350.0
2014-11-07,11600.0,11100.0,11100.0,11200.0,1547.0,11200.0
2014-11-10,11300.0,11000.0,11250.0,11150.0,2517.0,11150.0
2014-11-11,11150.0,10950.0,11150.0,11000.0,2357.0,11000.0
2014-11-12,11300.0,10900.0,10900.0,10950.0,1621.0,10950.0
2014-11-13,11400.0,10950.0,10950.0,11150.0,1381.0,11150.0
2014-11-14,11250.0,10950.0,11100.0,11150.0,1082.0,11150.0
2014-11-17,11450.0,11050.0,11150.0,11100.0,1368.0,11100.0
2014-11-18,11200.0,11000.0,11100.0,11200.0,795.0,11200.0
2014-11-19,11300.0,10850.0,10850.0,11150.0,2516.0,11150.0
2014-11-20,11300.0,11000.0,11300.0,11100.0,1705.0,11100.0
2014-11-21,11200.0,11000.0,11150.0,11100.0,1880.0,11100.0
2014-11-24,11300.0,10900.0,10900.0,11250.0,2049.0,11250.0
2014-11-25,11350.0,11000.0,11250.0,11150.0,1421.0,11150.0
2014-11-26,11150.0,10900.0,11150.0,11150.0,1908.0,11150.0
2014-11-27,11200.0,11000.0,11200.0,11000.0,345.0,11000.0
2014-11-28,11100.0,10700.0,10800.0,10900.0,863.0,10900.0
2014-12-01,10900.0,10150.0,10700.0,10650.0,2179.0,10650.0
2014-12-02,11300.0,10350.0,11000.0,10850.0,4478.0,10850.0
2014-12-03,11000.0,10650.0,11000.0,10700.0,893.0,10700.0
2014-12-04,11100.0,10850.0,10950.0,11100.0,1433.0,11100.0
2014-12-05,11800.0,10400.0,10900.0,10850.0,4733.0,10850.0
2014-12-08,11100.0,10850.0,10850.0,10850.0,303.0,10850.0
2014-12-09,11600.0,10900.0,11600.0,10900.0,958.0,10900.0
2014-12-10,11700.0,10800.0,10800.0,11550.0,4735.0,11550.0
2014-12-11,11500.0,10900.0,11200.0,11200.0,1101.0,11200.0
2014-12-12,11800.0,10800.0,11800.0,11000.0,1355.0,11000.0
2014-12-15,11300.0,10700.0,11300.0,10800.0,459.0,10800.0
2014-12-16,11500.0,10700.0,11500.0,10950.0,470.0,10950.0
2014-12-17,10950.0,10600.0,10950.0,10600.0,646.0,10600.0
2014-12-18,11300.0,10050.0,10800.0,10150.0,2164.0,10150.0
2014-12-19,10850.0,9980.0,10150.0,10100.0,3593.0,10100.0
2014-12-22,10400.0,10050.0,10050.0,10200.0,1443.0,10200.0
2014-12-23,10450.0,10100.0,10200.0,10350.0,755.0,10350.0
2014-12-24,10950.0,10250.0,10250.0,10700.0,2471.0,10700.0
2014-12-26,10900.0,10200.0,10700.0,10450.0,1702.0,10450.0
2014-12-29,10950.0,10450.0,10450.0,10900.0,2583.0,10900.0
2014-12-30,10900.0,10550.0,10900.0,10550.0,295.0,10550.0
2015-01-02,11800.0,10700.0,10700.0,11800.0,2665.0,11800.0
2015-01-05,12200.0,11250.0,11800.0,11800.0,3903.0,11800.0
2015-01-06,11800.0,11300.0,11800.0,11600.0,1274.0,11600.0
2015-01-07,11800.0,11200.0,11800.0,11750.0,1620.0,11750.0
2015-01-08,12100.0,11000.0,11000.0,11950.0,1289.0,11950.0
2015-01-09,12200.0,11650.0,11950.0,12000.0,1332.0,12000.0
2015-01-12,12050.0,11800.0,12000.0,11850.0,1334.0,11850.0
2015-01-13,11850.0,11450.0,11850.0,11700.0,386.0,11700.0
2015-01-14,11700.0,11400.0,11650.0,11400.0,248.0,11400.0
2015-01-15,11700.0,11000.0,11350.0,11350.0,1010.0,11350.0
2015-01-16,12300.0,11350.0,11350.0,11700.0,2978.0,11700.0
2015-01-19,11700.0,11350.0,11700.0,11350.0,1933.0,11350.0
2015-01-20,11900.0,11350.0,11350.0,11750.0,1563.0,11750.0
2015-01-21,11800.0,11550.0,11700.0,11800.0,481.0,11800.0
2015-01-22,11800.0,11400.0,11800.0,11600.0,1754.0,11600.0
2015-01-23,11850.0,11400.0,11600.0,11600.0,872.0,11600.0
2015-01-26,13300.0,11300.0,11350.0,13300.0,24031.0,13300.0
2015-01-27,15250.0,15150.0,15150.0,15250.0,14031.0,15250.0
2015-01-28,17500.0,14400.0,16800.0,14400.0,147480.0,14400.0
2015-01-29,15550.0,13400.0,14450.0,14500.0,59881.0,14500.0
2015-01-30,15900.0,14000.0,14700.0,15300.0,37775.0,15300.0
2015-02-02,17550.0,14900.0,15050.0,17550.0,72770.0,17550.0
2015-02-03,19750.0,16700.0,18350.0,18200.0,63877.0,18200.0
2015-02-04,18200.0,18200.0,18200.0,18200.0,0.0,18200.0
2015-02-05,18950.0,17500.0,17500.0,18650.0,8549.0,18650.0
2015-02-06,18650.0,17650.0,18650.0,18350.0,6505.0,18350.0
2015-02-09,18350.0,17300.0,18350.0,17300.0,8522.0,17300.0
2015-02-10,19500.0,16700.0,17050.0,17550.0,22025.0,17550.0
2015-02-11,18950.0,15900.0,17950.0,16700.0,17343.0,16700.0
2015-02-12,17250.0,14250.0,17250.0,15000.0,34354.0,15000.0
2015-02-13,15600.0,14600.0,15100.0,15300.0,12065.0,15300.0
2015-02-16,15800.0,14650.0,15600.0,14950.0,8812.0,14950.0
2015-02-17,15000.0,14200.0,14950.0,14700.0,6659.0,14700.0
2015-02-23,15500.0,14600.0,14600.0,15050.0,5464.0,15050.0
2015-02-24,17300.0,14600.0,14600.0,17300.0,29120.0,17300.0
2015-02-25,19400.0,16800.0,17250.0,18350.0,25412.0,18350.0
2015-02-26,19300.0,17750.0,18950.0,18750.0,13013.0,18750.0
2015-02-27,19100.0,17300.0,19100.0,17700.0,9527.0,17700.0
2015-03-02,18950.0,17150.0,17350.0,18000.0,6463.0,18000.0
2015-03-03,18450.0,17700.0,17700.0,18000.0,6331.0,18000.0
2015-03-04,18400.0,17650.0,18400.0,17750.0,8661.0,17750.0
2015-03-05,18650.0,17600.0,18650.0,17900.0,3715.0,17900.0
2015-03-06,18100.0,17100.0,17700.0,17500.0,7135.0,17500.0
2015-03-09,17750.0,16800.0,17700.0,17000.0,6565.0,17000.0
2015-03-10,17450.0,16250.0,17000.0,17000.0,8274.0,17000.0
2015-03-11,17750.0,16800.0,17100.0,17300.0,7265.0,17300.0
2015-03-12,18400.0,17400.0,18400.0,18000.0,3634.0,18000.0
2015-03-13,20700.0,18700.0,19800.0,20700.0,34500.0,20700.0
2015-03-16,23800.0,23300.0,23500.0,23800.0,25874.0,23800.0
2015-03-17,27350.0,23200.0,27300.0,23800.0,214832.0,23800.0
2015-03-18,23700.0,22050.0,23500.0,23200.0,65490.0,23200.0
2015-03-19,23200.0,21000.0,23100.0,21750.0,43000.0,21750.0
2015-03-20,23050.0,20800.0,20900.0,22700.0,31251.0,22700.0
2015-03-23,23400.0,21400.0,22700.0,21600.0,19761.0,21600.0
2015-03-24,22450.0,21350.0,21600.0,21900.0,11680.0,21900.0
2015-03-25,25150.0,21900.0,21900.0,24900.0,39724.0,24900.0
2015-03-26,24900.0,22850.0,24050.0,24200.0,24723.0,24200.0
2015-03-27,24200.0,23050.0,23600.0,23300.0,14029.0,23300.0
2015-03-30,23850.0,22100.0,23250.0,23300.0,19715.0,23300.0
2015-03-31,23900.0,22600.0,23600.0,23000.0,11460.0,23000.0
2015-04-01,23650.0,22000.0,23000.0,23650.0,14671.0,23650.0
2015-04-02,24200.0,23000.0,23900.0,23200.0,10538.0,23200.0
2015-04-03,23950.0,23050.0,23700.0,23250.0,6315.0,23250.0
2015-04-06,24100.0,23150.0,23250.0,23800.0,7958.0,23800.0
2015-04-07,23900.0,22800.0,23800.0,23200.0,10626.0,23200.0
2015-04-08,25500.0,22850.0,23500.0,24000.0,18419.0,24000.0
2015-04-09,24850.0,23300.0,24100.0,23800.0,10066.0,23800.0
2015-04-10,24000.0,23000.0,23300.0,23900.0,11422.0,23900.0
2015-04-13,24200.0,23200.0,24000.0,23900.0,9301.0,23900.0
2015-04-14,24000.0,23200.0,23900.0,23500.0,4639.0,23500.0
2015-04-15,24950.0,23300.0,23500.0,23700.0,11968.0,23700.0
2015-04-16,24300.0,23500.0,23800.0,24000.0,9608.0,24000.0
2015-04-17,24200.0,23500.0,24000.0,23950.0,8626.0,23950.0
2015-04-20,23550.0,23000.0,23450.0,23100.0,11185.0,23100.0
2015-04-21,23300.0,22600.0,22650.0,22700.0,7205.0,22700.0
2015-04-22,23150.0,21000.0,22900.0,21900.0,13750.0,21900.0
2015-04-23,21900.0,20650.0,21900.0,21150.0,6166.0,21150.0
2015-04-24,22450.0,21150.0,21350.0,21500.0,4309.0,21500.0
2015-04-27,22300.0,21150.0,22300.0,21600.0,2550.0,21600.0
2015-04-28,22100.0,21300.0,21600.0,21300.0,2202.0,21300.0
2015-04-29,22050.0,21050.0,21550.0,21350.0,2811.0,21350.0
2015-04-30,21800.0,20850.0,21800.0,20950.0,3135.0,20950.0
2015-05-04,21000.0,20100.0,20950.0,20150.0,3035.0,20150.0
2015-05-06,21350.0,18650.0,20150.0,19350.0,5684.0,19350.0
2015-05-07,20300.0,19200.0,19350.0,19600.0,1744.0,19600.0
2015-05-08,20700.0,19800.0,20700.0,20000.0,2103.0,20000.0
2015-05-11,22000.0,20200.0,22000.0,20550.0,5170.0,20550.0
2015-05-12,21150.0,20050.0,20550.0,20650.0,2232.0,20650.0
2015-05-13,20750.0,20050.0,20650.0,20250.0,4028.0,20250.0
2015-05-14,20500.0,19500.0,20200.0,19700.0,4937.0,19700.0
2015-05-15,19950.0,18950.0,19900.0,19200.0,6067.0,19200.0
2015-05-18,19200.0,17300.0,19200.0,18100.0,8414.0,18100.0
2015-05-19,17750.0,16950.0,17500.0,17400.0,11566.0,17400.0
2015-05-20,17450.0,16950.0,17400.0,17450.0,4477.0,17450.0
2015-05-21,17750.0,17100.0,17450.0,17100.0,5072.0,17100.0
2015-05-22,17500.0,17100.0,17400.0,17150.0,2613.0,17150.0
2015-05-26,18800.0,17150.0,17150.0,18350.0,7201.0,18350.0
2015-05-27,18950.0,17850.0,17850.0,18650.0,3584.0,18650.0
2015-05-28,18850.0,18100.0,18600.0,18700.0,2202.0,18700.0
2015-05-29,19000.0,18000.0,18600.0,18150.0,2749.0,18150.0
2015-06-01,18150.0,16950.0,18150.0,17200.0,5814.0,17200.0
2015-06-02,17400.0,16350.0,17200.0,16850.0,6232.0,16850.0
2015-06-03,17000.0,16100.0,17000.0,16950.0,4293.0,16950.0
2015-06-04,16950.0,16200.0,16950.0,16200.0,2006.0,16200.0
2015-06-05,16450.0,15650.0,16100.0,15750.0,3159.0,15750.0
2015-06-08,16300.0,15400.0,15850.0,15650.0,3213.0,15650.0
2015-06-09,17950.0,15850.0,16300.0,17200.0,32615.0,17200.0
2015-06-10,17150.0,16250.0,16700.0,16800.0,13768.0,16800.0
2015-06-11,17550.0,16850.0,17500.0,17150.0,4625.0,17150.0
2015-06-12,18300.0,16900.0,18300.0,17350.0,6436.0,17350.0
2015-06-15,17950.0,16800.0,17350.0,16900.0,2185.0,16900.0
2015-06-16,17050.0,15600.0,16900.0,16300.0,4106.0,16300.0
2015-06-17,16700.0,16100.0,16400.0,16300.0,2203.0,16300.0
2015-06-18,17200.0,15850.0,16700.0,15850.0,3357.0,15850.0
2015-06-19,16300.0,15800.0,16300.0,16200.0,4780.0,16200.0
2015-06-22,16500.0,15850.0,15850.0,16400.0,1527.0,16400.0
2015-06-23,17700.0,16150.0,16200.0,17150.0,3841.0,17150.0
2015-06-24,17500.0,16500.0,17500.0,16650.0,7092.0,16650.0
2015-06-25,17150.0,16350.0,16700.0,16350.0,2104.0,16350.0
2015-06-26,16800.0,16100.0,16500.0,16200.0,5819.0,16200.0
2015-06-29,16550.0,15850.0,16000.0,15900.0,3041.0,15900.0
2015-06-30,16650.0,15750.0,16400.0,16100.0,3891.0,16100.0
2015-07-01,16500.0,15950.0,16150.0,16450.0,3110.0,16450.0
2015-07-02,17250.0,16200.0,16800.0,16450.0,2938.0,16450.0
2015-07-03,17950.0,16600.0,17000.0,16800.0,6603.0,16800.0
2015-07-06,18000.0,16400.0,16800.0,16400.0,6679.0,16400.0
2015-07-07,17300.0,15950.0,17300.0,16100.0,7496.0,16100.0
2015-07-08,16950.0,15950.0,16950.0,16000.0,2910.0,16000.0
2015-07-09,15900.0,14900.0,15900.0,15400.0,6111.0,15400.0
2015-07-10,16750.0,15600.0,15800.0,16350.0,5120.0,16350.0
2015-07-13,17100.0,15950.0,16950.0,17000.0,3852.0,17000.0
2015-07-14,17950.0,16600.0,17400.0,17950.0,8902.0,17950.0
2015-07-15,23300.0,17750.0,17800.0,23300.0,107792.0,23300.0
2015-07-16,29650.0,22800.0,23000.0,24400.0,216342.0,24400.0
2015-07-17,24400.0,21200.0,24100.0,21700.0,37292.0,21700.0
2015-07-20,23650.0,21200.0,21200.0,22100.0,24461.0,22100.0
2015-07-21,23200.0,20600.0,22100.0,21550.0,14264.0,21550.0
2015-07-22,21550.0,20500.0,21550.0,20850.0,8712.0,20850.0
2015-07-23,20850.0,19100.0,20850.0,19400.0,14147.0,19400.0
2015-07-24,19950.0,19000.0,19950.0,19450.0,6852.0,19450.0
2015-07-27,19450.0,18500.0,19450.0,19000.0,4812.0,19000.0
2015-07-28,19750.0,18050.0,18700.0,19750.0,6057.0,19750.0
2015-07-29,20450.0,19050.0,20450.0,19150.0,4050.0,19150.0
2015-07-30,19250.0,17650.0,19200.0,17800.0,5708.0,17800.0
2015-07-31,19150.0,17950.0,18650.0,18750.0,3555.0,18750.0
2015-08-03,18750.0,18100.0,18700.0,18100.0,1280.0,18100.0
2015-08-04,19150.0,18050.0,19150.0,18400.0,1111.0,18400.0
2015-08-05,19200.0,18000.0,19200.0,18700.0,6348.0,18700.0
2015-08-06,19200.0,18050.0,18700.0,18300.0,2595.0,18300.0
2015-08-07,19850.0,18100.0,18900.0,19500.0,10595.0,19500.0
2015-08-10,19900.0,18900.0,19500.0,18900.0,4246.0,18900.0
2015-08-11,19900.0,18850.0,18900.0,19550.0,3795.0,19550.0
2015-08-12,19450.0,18300.0,19450.0,18600.0,3558.0,18600.0
2015-08-13,19600.0,18600.0,19000.0,18900.0,1698.0,18900.0
2015-08-14,18900.0,18900.0,18900.0,18900.0,0.0,18900.0
2015-08-17,19150.0,18650.0,18700.0,19050.0,2225.0,19050.0
2015-08-18,20400.0,19050.0,19050.0,20050.0,6024.0,20050.0
2015-08-19,21200.0,19000.0,20400.0,20100.0,5684.0,20100.0
2015-08-20,21400.0,19650.0,20900.0,21250.0,6720.0,21250.0
2015-08-21,20850.0,19300.0,20000.0,19500.0,6720.0,19500.0
2015-08-24,19950.0,18150.0,18800.0,18200.0,2852.0,18200.0
2015-08-25,19550.0,18200.0,18200.0,19500.0,1513.0,19500.0
2015-08-26,20650.0,19050.0,19050.0,19400.0,2055.0,19400.0
2015-08-27,20350.0,19600.0,19600.0,19800.0,2833.0,19800.0
2015-08-28,20050.0,19700.0,19800.0,19750.0,2428.0,19750.0
2015-08-31,19450.0,18700.0,19200.0,19050.0,4542.0,19050.0
2015-09-01,19600.0,18400.0,18650.0,18400.0,3985.0,18400.0
2015-09-02,18500.0,17100.0,18400.0,18500.0,8661.0,18500.0
2015-09-03,19450.0,18400.0,18500.0,19150.0,2184.0,19150.0
2015-09-04,19600.0,18400.0,19150.0,19600.0,5355.0,19600.0
2015-09-07,19700.0,19000.0,19450.0,19700.0,3339.0,19700.0
2015-09-08,19700.0,18400.0,19350.0,19700.0,2989.0,19700.0
2015-09-09,19700.0,19000.0,19600.0,19700.0,4138.0,19700.0
2015-09-10,20100.0,19000.0,19700.0,19100.0,3111.0,19100.0
2015-09-11,20150.0,18550.0,19300.0,20150.0,5806.0,20150.0
2015-09-14,20700.0,19800.0,20600.0,20650.0,4388.0,20650.0
2015-09-15,21200.0,19600.0,21200.0,19950.0,7779.0,19950.0
2015-09-16,20500.0,19800.0,19950.0,19900.0,3002.0,19900.0
2015-09-17,21000.0,19900.0,20400.0,20000.0,3059.0,20000.0
2015-09-18,20600.0,19850.0,20100.0,20150.0,1508.0,20150.0
2015-09-21,19950.0,19150.0,19500.0,19300.0,3593.0,19300.0
2015-09-22,19850.0,19150.0,19300.0,19400.0,1364.0,19400.0
2015-09-23,19400.0,19400.0,19400.0,19400.0,0.0,19400.0
2015-09-24,19400.0,19400.0,19400.0,19400.0,0.0,19400.0
2015-09-25,19400.0,19400.0,19400.0,19400.0,0.0,19400.0
2015-09-30,19400.0,19400.0,19400.0,19400.0,0.0,19400.0
2015-10-01,19400.0,19400.0,19400.0,19400.0,0.0,19400.0
2015-10-02,19400.0,19400.0,19400.0,19400.0,0.0,19400.0
2015-10-05,19400.0,19400.0,19400.0,19400.0,0.0,19400.0
2015-10-06,19400.0,19400.0,19400.0,19400.0,0.0,19400.0
2015-10-07,19400.0,19400.0,19400.0,19400.0,0.0,19400.0
2015-10-08,19400.0,19400.0,19400.0,19400.0,0.0,19400.0
2015-10-12,19400.0,19400.0,19400.0,19400.0,0.0,19400.0
2015-10-13,19400.0,19400.0,19400.0,19400.0,0.0,19400.0
2015-10-14,19400.0,19400.0,19400.0,19400.0,0.0,19400.0
2015-10-15,19400.0,19400.0,19400.0,19400.0,0.0,19400.0
2015-10-16,19400.0,19400.0,19400.0,19400.0,0.0,19400.0
2015-10-19,19400.0,19400.0,19400.0,19400.0,0.0,19400.0
2015-10-20,19400.0,19400.0,19400.0,19400.0,0.0,19400.0
2015-10-21,19400.0,19400.0,19400.0,19400.0,0.0,19400.0
2015-10-22,19400.0,19400.0,19400.0,19400.0,0.0,19400.0
2015-10-23,19400.0,19400.0,19400.0,19400.0,0.0,19400.0
2015-10-26,19400.0,19400.0,19400.0,19400.0,0.0,19400.0
2015-10-27,19400.0,19400.0,19400.0,19400.0,0.0,19400.0
2015-10-28,19400.0,19400.0,19400.0,19400.0,0.0,19400.0
2015-10-29,19400.0,19400.0,19400.0,19400.0,0.0,19400.0
2015-10-30,19400.0,19400.0,19400.0,19400.0,0.0,19400.0
2015-11-02,19400.0,19400.0,19400.0,19400.0,0.0,19400.0
2015-11-03,19400.0,19400.0,19400.0,19400.0,0.0,19400.0
2015-11-04,19400.0,19400.0,19400.0,19400.0,0.0,19400.0
2015-11-05,19400.0,19400.0,19400.0,19400.0,0.0,19400.0
2015-11-06,19400.0,19400.0,19400.0,19400.0,0.0,19400.0
2015-11-09,19400.0,19400.0,19400.0,19400.0,0.0,19400.0
2015-11-10,19400.0,19400.0,19400.0,19400.0,0.0,19400.0
2015-11-11,19400.0,19400.0,19400.0,19400.0,0.0,19400.0
2015-11-12,19400.0,19400.0,19400.0,19400.0,0.0,19400.0
2015-11-13,19400.0,19400.0,19400.0,19400.0,0.0,19400.0
2015-11-16,19400.0,19400.0,19400.0,19400.0,0.0,19400.0
2015-11-17,19400.0,19400.0,19400.0,19400.0,0.0,19400.0
2015-11-18,19400.0,19400.0,19400.0,19400.0,0.0,19400.0
2015-11-19,19400.0,19400.0,19400.0,19400.0,0.0,19400.0
2015-11-20,19400.0,19400.0,19400.0,19400.0,0.0,19400.0
2015-11-23,19400.0,19400.0,19400.0,19400.0,0.0,19400.0
2015-11-24,19400.0,19400.0,19400.0,19400.0,0.0,19400.0
2015-11-25,19400.0,19400.0,19400.0,19400.0,0.0,19400.0
2015-11-26,19400.0,19400.0,19400.0,19400.0,0.0,19400.0
2015-11-27,19400.0,19400.0,19400.0,19400.0,0.0,19400.0
2015-11-30,19400.0,19400.0,19400.0,19400.0,0.0,19400.0
2015-12-01,19400.0,19400.0,19400.0,19400.0,0.0,19400.0
2015-12-02,19400.0,19400.0,19400.0,19400.0,0.0,19400.0
2015-12-03,19400.0,19400.0,19400.0,19400.0,0.0,19400.0
2015-12-04,19400.0,19400.0,19400.0,19400.0,0.0,19400.0
2015-12-07,19400.0,19400.0,19400.0,19400.0,0.0,19400.0
2015-12-08,19400.0,19400.0,19400.0,19400.0,0.0,19400.0
2015-12-09,19400.0,19400.0,19400.0,19400.0,0.0,19400.0
2015-12-10,19400.0,19400.0,19400.0,19400.0,0.0,19400.0
2015-12-11,19400.0,19400.0,19400.0,19400.0,0.0,19400.0
2015-12-14,19400.0,19400.0,19400.0,19400.0,0.0,19400.0
2015-12-15,19400.0,19400.0,19400.0,19400.0,0.0,19400.0
2015-12-16,19400.0,19400.0,19400.0,19400.0,0.0,19400.0
2015-12-17,19400.0,19400.0,19400.0,19400.0,0.0,19400.0
2015-12-18,19400.0,19400.0,19400.0,19400.0,0.0,19400.0
2015-12-21,19400.0,19400.0,19400.0,19400.0,0.0,19400.0
2015-12-22,19400.0,19400.0,19400.0,19400.0,0.0,19400.0
2015-12-23,19400.0,19400.0,19400.0,19400.0,0.0,19400.0
2015-12-24,19400.0,19400.0,19400.0,19400.0,0.0,19400.0
2015-12-28,19400.0,19400.0,19400.0,19400.0,0.0,19400.0
2015-12-29,19400.0,19400.0,19400.0,19400.0,0.0,19400.0
2015-12-30,19400.0,19400.0,19400.0,19400.0,0.0,19400.0
2016-01-04,19400.0,19400.0,19400.0,19400.0,0.0,19400.0
2016-01-05,19400.0,19400.0,19400.0,19400.0,0.0,19400.0
2016-01-06,19400.0,19400.0,19400.0,19400.0,0.0,19400.0
2016-01-07,19400.0,19400.0,19400.0,19400.0,0.0,19400.0
2016-01-08,19400.0,19400.0,19400.0,19400.0,0.0,19400.0
2016-01-11,19400.0,19400.0,19400.0,19400.0,0.0,19400.0
2016-01-12,19400.0,19400.0,19400.0,19400.0,0.0,19400.0
2016-01-13,19400.0,19400.0,19400.0,19400.0,0.0,19400.0
2016-01-14,19400.0,19400.0,19400.0,19400.0,0.0,19400.0
2016-01-15,19400.0,19400.0,19400.0,19400.0,0.0,19400.0
2016-01-18,19400.0,19400.0,19400.0,19400.0,0.0,19400.0
2016-01-19,19400.0,19400.0,19400.0,19400.0,0.0,19400.0
2016-01-20,19400.0,19400.0,19400.0,19400.0,0.0,19400.0
2016-01-21,19400.0,19400.0,19400.0,19400.0,0.0,19400.0
2016-01-22,19400.0,19400.0,19400.0,19400.0,0.0,19400.0
2016-01-25,19400.0,19400.0,19400.0,19400.0,0.0,19400.0
2016-01-26,19400.0,19400.0,19400.0,19400.0,0.0,19400.0
2016-01-27,19400.0,19400.0,19400.0,19400.0,0.0,19400.0
2016-01-28,19400.0,19400.0,19400.0,19400.0,0.0,19400.0
2016-01-29,19400.0,19400.0,19400.0,19400.0,0.0,19400.0
2016-02-01,19400.0,19400.0,19400.0,19400.0,0.0,19400.0
2016-02-02,19400.0,19400.0,19400.0,19400.0,0.0,19400.0
2016-02-03,19400.0,19400.0,19400.0,19400.0,0.0,19400.0
2016-02-04,19400.0,19400.0,19400.0,19400.0,0.0,19400.0
2016-02-05,19400.0,19400.0,19400.0,19400.0,0.0,19400.0
2016-02-11,19400.0,19400.0,19400.0,19400.0,0.0,19400.0
2016-02-12,19400.0,19400.0,19400.0,19400.0,0.0,19400.0
2016-02-15,19400.0,19400.0,19400.0,19400.0,0.0,19400.0
2016-02-16,19400.0,19400.0,19400.0,19400.0,0.0,19400.0
2016-02-17,19400.0,19400.0,19400.0,19400.0,0.0,19400.0
2016-02-18,19400.0,19400.0,19400.0,19400.0,0.0,19400.0
2016-02-19,19400.0,19400.0,19400.0,19400.0,0.0,19400.0
2016-02-22,19400.0,19400.0,19400.0,19400.0,0.0,19400.0
2016-02-23,19400.0,19400.0,19400.0,19400.0,0.0,19400.0
2016-02-24,19400.0,19400.0,19400.0,19400.0,0.0,19400.0
2016-02-25,19400.0,19400.0,19400.0,19400.0,0.0,19400.0
2016-02-26,19400.0,19400.0,19400.0,19400.0,0.0,19400.0
2016-02-29,19400.0,19400.0,19400.0,19400.0,0.0,19400.0
2016-03-02,19400.0,19400.0,19400.0,19400.0,0.0,19400.0
2016-03-03,19400.0,19400.0,19400.0,19400.0,0.0,19400.0
2016-03-04,19400.0,19400.0,19400.0,19400.0,0.0,19400.0
2016-03-07,19400.0,19400.0,19400.0,19400.0,0.0,19400.0
2016-03-08,19400.0,19400.0,19400.0,19400.0,0.0,19400.0
2016-03-09,19400.0,19400.0,19400.0,19400.0,0.0,19400.0
2016-03-10,19400.0,19400.0,19400.0,19400.0,0.0,19400.0
2016-03-11,19400.0,19400.0,19400.0,19400.0,0.0,19400.0
2016-03-14,19400.0,19400.0,19400.0,19400.0,0.0,19400.0
2016-03-15,19400.0,19400.0,19400.0,19400.0,0.0,19400.0
2016-03-16,19400.0,19400.0,19400.0,19400.0,0.0,19400.0
2016-03-17,19400.0,19400.0,19400.0,19400.0,0.0,19400.0
2016-03-18,19400.0,19400.0,19400.0,19400.0,0.0,19400.0
2016-03-21,19400.0,19400.0,19400.0,19400.0,0.0,19400.0
2016-03-22,19400.0,19400.0,19400.0,19400.0,0.0,19400.0
2016-03-23,19400.0,19400.0,19400.0,19400.0,0.0,19400.0
2016-03-24,19400.0,19400.0,19400.0,19400.0,0.0,19400.0
2016-03-25,19400.0,19400.0,19400.0,19400.0,0.0,19400.0
2016-03-28,19400.0,19400.0,19400.0,19400.0,0.0,19400.0
2016-03-29,19400.0,19400.0,19400.0,19400.0,0.0,19400.0
2016-03-30,19400.0,19400.0,19400.0,19400.0,0.0,19400.0
2016-03-31,19400.0,19400.0,19400.0,19400.0,0.0,19400.0
2016-04-01,19400.0,19400.0,19400.0,19400.0,0.0,19400.0
2016-04-04,19400.0,19400.0,19400.0,19400.0,0.0,19400.0
2016-04-05,19400.0,19400.0,19400.0,19400.0,0.0,19400.0
2016-04-06,19400.0,19400.0,19400.0,19400.0,0.0,19400.0
2016-04-07,19400.0,19400.0,19400.0,19400.0,0.0,19400.0
2016-04-08,19400.0,19400.0,19400.0,19400.0,0.0,19400.0
2016-04-11,19400.0,19400.0,19400.0,19400.0,0.0,19400.0
2016-04-12,19400.0,19400.0,19400.0,19400.0,0.0,19400.0
2016-04-14,19400.0,19400.0,19400.0,19400.0,0.0,19400.0
2016-04-15,19400.0,19400.0,19400.0,19400.0,0.0,19400.0
2016-04-18,19400.0,19400.0,19400.0,19400.0,0.0,19400.0
2016-04-19,19400.0,19400.0,19400.0,19400.0,0.0,19400.0
2016-04-20,19400.0,19400.0,19400.0,19400.0,0.0,19400.0
2016-04-21,23500.0,17750.0,22000.0,17900.0,158149.0,17900.0
2016-04-22,19200.0,17200.0,17900.0,18850.0,39197.0,18850.0
2016-04-25,19900.0,18500.0,18850.0,18700.0,17648.0,18700.0
2016-04-26,19900.0,18200.0,18350.0,18900.0,14536.0,18900.0
2016-04-27,19450.0,18150.0,18900.0,18300.0,10030.0,18300.0
2016-04-28,18850.0,18000.0,18450.0,18000.0,17059.0,18000.0
2016-04-29,18300.0,17200.0,18300.0,18100.0,11243.0,18100.0
2016-05-02,19450.0,17550.0,18150.0,19000.0,20273.0,19000.0
2016-05-03,20000.0,18650.0,18950.0,19900.0,23392.0,19900.0
2016-05-04,21000.0,19300.0,19900.0,20250.0,31074.0,20250.0
2016-05-09,20700.0,19850.0,20250.0,20600.0,11814.0,20600.0
2016-05-10,21900.0,20100.0,20850.0,21450.0,19914.0,21450.0
2016-05-11,27850.0,21900.0,22000.0,27850.0,359866.0,27850.0
2016-05-12,36200.0,31400.0,33250.0,36200.0,333356.0,36200.0
2016-05-13,47050.0,41550.0,42500.0,47050.0,290047.0,47050.0
2016-05-16,58500.0,38650.0,54400.0,40600.0,1328469.0,40600.0
2016-05-17,40100.0,32450.0,38600.0,32900.0,434680.0,32900.0
2016-05-18,42750.0,32050.0,33300.0,34500.0,1233127.0,34500.0
2016-05-19,38900.0,32550.0,33900.0,34250.0,378693.0,34250.0
2016-05-20,34800.0,30000.0,33950.0,30050.0,170726.0,30050.0
2016-05-23,30050.0,28500.0,29650.0,29600.0,118694.0,29600.0
2016-05-24,38450.0,31200.0,31250.0,38450.0,336146.0,38450.0
2016-05-25,48000.0,31500.0,46200.0,33700.0,852310.0,33700.0
2016-05-26,33650.0,30150.0,32650.0,31100.0,263496.0,31100.0
2016-05-27,34400.0,28700.0,30200.0,32500.0,424503.0,32500.0
2016-05-30,39100.0,32100.0,32500.0,36150.0,510534.0,36150.0
2016-05-31,38500.0,35300.0,37100.0,37000.0,137377.0,37000.0
2016-06-01,39750.0,36450.0,37400.0,38200.0,166680.0,38200.0
2016-06-02,41600.0,38050.0,38200.0,40300.0,140128.0,40300.0
2016-06-03,43000.0,40050.0,41250.0,40900.0,86378.0,40900.0
2016-06-07,41500.0,40200.0,41500.0,40750.0,42152.0,40750.0
2016-06-08,41750.0,38500.0,40850.0,39950.0,61429.0,39950.0
2016-06-09,40600.0,38700.0,39800.0,39650.0,34571.0,39650.0
2016-06-10,40100.0,38800.0,39100.0,38900.0,30930.0,38900.0
2016-06-13,43750.0,38900.0,38900.0,42100.0,143460.0,42100.0
2016-06-14,42950.0,40850.0,41850.0,41200.0,53140.0,41200.0
2016-06-15,41400.0,39500.0,41200.0,39800.0,44138.0,39800.0
2016-06-16,42100.0,39800.0,39800.0,40400.0,62273.0,40400.0
2016-06-17,41450.0,38900.0,40550.0,39000.0,45138.0,39000.0
2016-06-20,39800.0,38400.0,38400.0,39600.0,26882.0,39600.0
2016-06-21,39700.0,38500.0,39500.0,38500.0,25243.0,38500.0
2016-06-22,39550.0,37250.0,38500.0,37800.0,24771.0,37800.0
2016-06-23,38300.0,32300.0,38300.0,35400.0,85592.0,35400.0
2016-06-24,35900.0,32300.0,35100.0,33500.0,58448.0,33500.0
2016-06-27,35500.0,31850.0,32200.0,34200.0,26320.0,34200.0
2016-06-28,37750.0,33300.0,33300.0,37700.0,35521.0,37700.0
2016-06-29,38500.0,37200.0,37700.0,37450.0,28791.0,37450.0
2016-06-30,37900.0,36550.0,37450.0,36800.0,21098.0,36800.0
2016-07-01,38350.0,36200.0,37000.0,37800.0,27347.0,37800.0
2016-07-04,46300.0,37800.0,37800.0,40300.0,139749.0,40300.0
2016-07-05,41450.0,39500.0,39900.0,40650.0,27341.0,40650.0
2016-07-06,41450.0,39700.0,40950.0,40450.0,28935.0,40450.0
2016-07-07,42900.0,40450.0,41400.0,42000.0,38552.0,42000.0
2016-07-08,42250.0,40700.0,42000.0,41850.0,23168.0,41850.0
2016-07-11,42000.0,39950.0,42000.0,41200.0,21872.0,41200.0
2016-07-12,41300.0,40300.0,41100.0,40850.0,17567.0,40850.0
2016-07-13,41450.0,40300.0,41100.0,41150.0,19229.0,41150.0
2016-07-14,43800.0,40500.0,41300.0,41400.0,29444.0,41400.0
2016-07-15,42250.0,41000.0,41500.0,42250.0,17390.0,42250.0
2016-07-18,43500.0,41900.0,42700.0,42450.0,17082.0,42450.0
2016-07-19,43300.0,42000.0,42800.0,42250.0,20182.0,42250.0
2016-07-20,43150.0,42000.0,43150.0,42100.0,13965.0,42100.0
2016-07-21,42950.0,41550.0,42100.0,42000.0,24144.0,42000.0
2016-07-22,42500.0,41600.0,42500.0,41950.0,11534.0,41950.0
2016-07-25,42000.0,40800.0,41600.0,41100.0,19773.0,41100.0
2016-07-26,41800.0,40800.0,41000.0,41600.0,10116.0,41600.0
2016-07-27,45000.0,40900.0,41600.0,41900.0,29807.0,41900.0
2016-07-28,41950.0,41050.0,41600.0,41500.0,7461.0,41500.0
2016-07-29,42250.0,41250.0,42250.0,41800.0,6140.0,41800.0
2016-08-01,42200.0,40950.0,41800.0,41500.0,10105.0,41500.0
2016-08-02,42250.0,40800.0,41500.0,41000.0,10460.0,41000.0
2016-08-03,41200.0,40600.0,40800.0,40750.0,9718.0,40750.0
2016-08-04,41500.0,40300.0,40700.0,40900.0,8555.0,40900.0
2016-08-05,40400.0,32050.0,33200.0,35750.0,85365.0,35750.0
2016-08-08,38500.0,35500.0,35500.0,36450.0,13120.0,36450.0
2016-08-09,38750.0,36000.0,36000.0,36600.0,18888.0,36600.0
2016-08-10,37500.0,35850.0,36100.0,36800.0,13583.0,36800.0
2016-08-11,37700.0,36700.0,36700.0,37700.0,6778.0,37700.0
2016-08-12,38300.0,37100.0,38300.0,38100.0,7247.0,38100.0
2016-08-16,38900.0,38200.0,38200.0,38400.0,8351.0,38400.0
2016-08-17,40000.0,38100.0,38400.0,40000.0,11170.0,40000.0
2016-08-18,40600.0,39000.0,40400.0,39400.0,5211.0,39400.0
2016-08-19,41400.0,39400.0,39800.0,40600.0,15788.0,40600.0
2016-08-22,40600.0,38100.0,40600.0,38950.0,19465.0,38950.0
2016-08-23,40400.0,38750.0,38800.0,38850.0,13359.0,38850.0
2016-08-24,39300.0,37200.0,38600.0,37900.0,16832.0,37900.0
2016-08-25,38000.0,36500.0,37900.0,37750.0,7787.0,37750.0
2016-08-26,38200.0,37000.0,37000.0,37950.0,3944.0,37950.0
2016-08-29,38100.0,36000.0,38100.0,36750.0,11858.0,36750.0
2016-08-30,37900.0,36850.0,37900.0,37300.0,4281.0,37300.0
2016-08-31,37100.0,35600.0,36400.0,36000.0,13684.0,36000.0
2016-09-01,39950.0,35150.0,36600.0,37050.0,21244.0,37050.0
2016-09-02,37550.0,36650.0,37550.0,37200.0,5894.0,37200.0
2016-09-05,37900.0,36000.0,37900.0,37150.0,3086.0,37150.0
2016-09-06,38400.0,36850.0,37150.0,37900.0,7791.0,37900.0
2016-09-07,40400.0,37950.0,38600.0,39400.0,25904.0,39400.0
2016-09-08,40250.0,38250.0,39550.0,40250.0,15093.0,40250.0
2016-09-09,43050.0,36350.0,42500.0,36800.0,66095.0,36800.0
2016-09-12,36400.0,34500.0,36400.0,35000.0,19266.0,35000.0
2016-09-13,35950.0,34900.0,35050.0,35050.0,9394.0,35050.0
2016-09-19,36500.0,34700.0,35100.0,36000.0,4911.0,36000.0
2016-09-20,36700.0,35500.0,36000.0,36000.0,6675.0,36000.0
2016-09-21,36500.0,35550.0,35600.0,35650.0,4056.0,35650.0
2016-09-22,36150.0,35000.0,35650.0,35100.0,10346.0,35100.0
2016-09-23,36950.0,35100.0,35200.0,36600.0,10360.0,36600.0
2016-09-26,38350.0,35750.0,35900.0,37200.0,15855.0,37200.0
2016-09-27,38300.0,37050.0,37800.0,37400.0,4740.0,37400.0
2016-09-28,37900.0,36900.0,37400.0,37100.0,2859.0,37100.0
2016-09-29,37900.0,36850.0,37100.0,37450.0,3412.0,37450.0
2016-09-30,37450.0,36550.0,36700.0,36550.0,4959.0,36550.0
2016-10-04,37400.0,36300.0,36300.0,36550.0,4227.0,36550.0
2016-10-05,36750.0,36400.0,36550.0,36700.0,2191.0,36700.0
2016-10-06,37200.0,36200.0,37200.0,36500.0,3056.0,36500.0
2016-10-07,37000.0,35250.0,37000.0,35500.0,7830.0,35500.0
2016-10-10,35900.0,35100.0,35100.0,35500.0,2875.0,35500.0
2016-10-11,35500.0,34500.0,35500.0,35100.0,3659.0,35100.0
2016-10-12,37550.0,34150.0,34150.0,34800.0,16223.0,34800.0
2016-10-13,36100.0,34500.0,35400.0,35550.0,4593.0,35550.0
2016-10-14,36350.0,35300.0,36350.0,35450.0,3122.0,35450.0
2016-10-17,35600.0,33150.0,35450.0,34450.0,7347.0,34450.0
2016-10-18,35050.0,33500.0,35050.0,34450.0,4446.0,34450.0
2016-10-19,35800.0,34400.0,34400.0,35000.0,2271.0,35000.0
2016-10-20,35450.0,34750.0,35450.0,35000.0,4897.0,35000.0
2016-10-21,35700.0,34000.0,35000.0,34900.0,7134.0,34900.0
2016-10-24,34900.0,33850.0,33900.0,34550.0,5280.0,34550.0
2016-10-25,34700.0,32100.0,34550.0,32100.0,11618.0,32100.0
2016-10-26,32200.0,28900.0,32100.0,30900.0,17143.0,30900.0
2016-10-27,30950.0,29800.0,30950.0,30200.0,4550.0,30200.0
2016-10-28,30700.0,29650.0,29650.0,29900.0,6888.0,29900.0
2016-10-31,30000.0,28550.0,29500.0,28900.0,3554.0,28900.0
2016-11-01,29400.0,28750.0,28750.0,29300.0,2392.0,29300.0
2016-11-02,29600.0,28000.0,29200.0,28000.0,4131.0,28000.0
2016-11-03,29750.0,26500.0,27150.0,28200.0,4134.0,28200.0
2016-11-04,28950.0,28300.0,28900.0,28600.0,899.0,28600.0
2016-11-07,31000.0,28550.0,28600.0,30000.0,4788.0,30000.0
2016-11-08,31000.0,28550.0,31000.0,29650.0,8476.0,29650.0
2016-11-09,30250.0,27250.0,30250.0,27750.0,8154.0,27750.0
2016-11-10,29500.0,28150.0,28900.0,29250.0,2961.0,29250.0
2016-11-11,30000.0,28600.0,29500.0,29350.0,2078.0,29350.0
2016-11-14,31100.0,29300.0,30450.0,30800.0,5249.0,30800.0
2016-11-15,31800.0,29900.0,31700.0,30950.0,5232.0,30950.0
2016-11-16,31500.0,30050.0,31500.0,31000.0,3598.0,31000.0
2016-11-17,31350.0,30000.0,31100.0,30800.0,2291.0,30800.0
2016-11-18,31350.0,29800.0,31350.0,30400.0,3160.0,30400.0
2016-11-21,30500.0,28400.0,30500.0,29200.0,4517.0,29200.0
2016-11-22,30100.0,28100.0,30000.0,28650.0,1327.0,28650.0
2016-11-23,29350.0,27900.0,29350.0,28050.0,3453.0,28050.0
2016-11-24,28100.0,26500.0,27250.0,27000.0,5296.0,27000.0
2016-11-25,28000.0,26050.0,28000.0,27100.0,2867.0,27100.0
2016-11-28,27000.0,25350.0,26400.0,26500.0,5279.0,26500.0
2016-11-29,27500.0,25950.0,27000.0,26100.0,2855.0,26100.0
2016-11-30,26650.0,25650.0,25850.0,25700.0,2297.0,25700.0
2016-12-01,26650.0,24450.0,25150.0,24450.0,5156.0,24450.0
2016-12-02,25500.0,23900.0,24050.0,24050.0,2874.0,24050.0
2016-12-05,24200.0,23500.0,24050.0,23800.0,4216.0,23800.0
2016-12-06,24350.0,23750.0,24350.0,23900.0,1365.0,23900.0
2016-12-07,24450.0,22850.0,24350.0,23800.0,3445.0,23800.0
2016-12-08,26950.0,23300.0,24400.0,26600.0,16343.0,26600.0
2016-12-09,26850.0,25000.0,26250.0,26300.0,10713.0,26300.0
2016-12-12,27950.0,25750.0,26300.0,27700.0,5295.0,27700.0
2016-12-13,28900.0,26550.0,28000.0,28800.0,5500.0,28800.0
2016-12-14,28950.0,28050.0,28650.0,28800.0,2909.0,28800.0
2016-12-15,29150.0,27050.0,29000.0,27550.0,9175.0,27550.0
2016-12-16,27500.0,26350.0,27500.0,26450.0,4057.0,26450.0
2016-12-19,26650.0,24950.0,25750.0,25400.0,6373.0,25400.0
2016-12-20,25950.0,25000.0,25400.0,25650.0,4510.0,25650.0
2016-12-21,26050.0,25450.0,26000.0,25800.0,2507.0,25800.0
2016-12-22,26150.0,25000.0,26100.0,25000.0,3368.0,25000.0
2016-12-23,25450.0,24800.0,24900.0,25150.0,5176.0,25150.0
2016-12-26,32500.0,27200.0,27650.0,27400.0,183842.0,27400.0
2016-12-27,27700.0,25900.0,27350.0,26050.0,37988.0,26050.0
2016-12-28,26750.0,25700.0,26050.0,26400.0,8173.0,26400.0
2016-12-29,27700.0,26000.0,26250.0,27600.0,7950.0,27600.0
2017-01-02,27700.0,26750.0,27600.0,27200.0,3809.0,27200.0
2017-01-03,27750.0,26750.0,26850.0,27200.0,5831.0,27200.0
2017-01-04,28350.0,27000.0,27000.0,28100.0,6708.0,28100.0
2017-01-05,29600.0,28100.0,28100.0,29000.0,10433.0,29000.0
2017-01-06,30000.0,29250.0,30000.0,29500.0,5603.0,29500.0
2017-01-09,29950.0,28500.0,28500.0,29400.0,7232.0,29400.0
2017-01-10,29850.0,29050.0,29400.0,29450.0,4388.0,29450.0
2017-01-11,29950.0,29000.0,29300.0,29950.0,5406.0,29950.0
2017-01-12,30250.0,29500.0,30000.0,30000.0,3925.0,30000.0
2017-01-13,30400.0,29150.0,29150.0,30250.0,5427.0,30250.0
2017-01-16,30700.0,29700.0,29700.0,30200.0,3503.0,30200.0
2017-01-17,30350.0,29700.0,30200.0,29850.0,1679.0,29850.0
2017-01-18,30750.0,29100.0,30700.0,29650.0,3782.0,29650.0
2017-01-19,29850.0,29300.0,29850.0,29350.0,1401.0,29350.0
2017-01-20,29800.0,28550.0,28550.0,29200.0,1589.0,29200.0
2017-01-23,29500.0,28400.0,29200.0,28400.0,1860.0,28400.0
2017-01-24,29000.0,27800.0,28400.0,27800.0,2352.0,27800.0
2017-01-25,27950.0,26100.0,27400.0,27900.0,2750.0,27900.0
2017-01-26,28600.0,26850.0,28600.0,27950.0,1008.0,27950.0
2017-01-31,28800.0,27950.0,27950.0,28400.0,2155.0,28400.0
2017-02-01,29250.0,27700.0,28600.0,27700.0,2589.0,27700.0
2017-02-02,30000.0,27400.0,27800.0,28550.0,8147.0,28550.0
2017-02-03,29500.0,28200.0,28200.0,29500.0,6026.0,29500.0
2017-02-06,29650.0,28950.0,29600.0,29300.0,2531.0,29300.0
2017-02-07,29950.0,29000.0,29000.0,29600.0,6294.0,29600.0
2017-02-08,30000.0,29150.0,29950.0,29700.0,2236.0,29700.0
2017-02-09,30000.0,28000.0,30000.0,29300.0,3436.0,29300.0
2017-02-10,29700.0,28300.0,29700.0,28750.0,4620.0,28750.0
2017-02-13,29750.0,28050.0,28050.0,29600.0,9110.0,29600.0
2017-02-14,31250.0,28600.0,30100.0,29500.0,26368.0,29500.0
2017-02-15,29800.0,27750.0,29500.0,29500.0,15472.0,29500.0
2017-02-16,29500.0,28700.0,28950.0,29000.0,3246.0,29000.0
2017-02-17,30000.0,27650.0,30000.0,27950.0,20939.0,27950.0
2017-02-20,29000.0,27050.0,28000.0,27200.0,8852.0,27200.0
2017-02-21,27200.0,26050.0,27200.0,26200.0,13925.0,26200.0
2017-02-22,26950.0,25500.0,26950.0,26500.0,6172.0,26500.0
2017-02-23,27050.0,26050.0,26500.0,26050.0,6689.0,26050.0
2017-02-24,26800.0,25500.0,26800.0,25750.0,8488.0,25750.0
2017-02-27,26300.0,25300.0,25750.0,25450.0,2935.0,25450.0
2017-02-28,25800.0,24750.0,25700.0,24750.0,4654.0,24750.0
2017-03-02,25350.0,24550.0,24750.0,24900.0,4641.0,24900.0
2017-03-03,25500.0,23550.0,24500.0,23850.0,7162.0,23850.0
2017-03-06,23850.0,23000.0,23200.0,23200.0,6367.0,23200.0
2017-03-07,24350.0,23250.0,23300.0,23800.0,3668.0,23800.0
2017-03-08,24400.0,23300.0,23300.0,24200.0,4890.0,24200.0
2017-03-09,24650.0,23900.0,24200.0,23900.0,3139.0,23900.0
2017-03-10,24200.0,23500.0,23900.0,24150.0,3420.0,24150.0
2017-03-13,24800.0,23750.0,24800.0,23950.0,2293.0,23950.0
2017-03-14,24750.0,23650.0,24750.0,24150.0,5788.0,24150.0
2017-03-15,24150.0,22950.0,23750.0,23150.0,9847.0,23150.0
2017-03-16,23350.0,21650.0,23150.0,22450.0,5435.0,22450.0
2017-03-17,22850.0,21100.0,22450.0,21850.0,10208.0,21850.0
2017-03-20,22900.0,21900.0,21900.0,22250.0,4925.0,22250.0
2017-03-21,23600.0,22300.0,22300.0,22550.0,2857.0,22550.0
2017-03-22,22750.0,20650.0,22550.0,20650.0,10293.0,20650.0
2017-03-23,21950.0,20550.0,20550.0,21500.0,5855.0,21500.0
2017-03-24,22200.0,21550.0,21550.0,22150.0,4180.0,22150.0
2017-03-27,22150.0,21550.0,22150.0,22150.0,2809.0,22150.0
2017-03-28,23200.0,22000.0,23200.0,22000.0,2067.0,22000.0
2017-03-29,22300.0,21550.0,22050.0,21950.0,2610.0,21950.0
2017-03-30,22150.0,21500.0,21950.0,21550.0,1961.0,21550.0
2017-03-31,21450.0,20900.0,21200.0,21250.0,7309.0,21250.0
2017-04-03,22200.0,21500.0,21900.0,21650.0,6451.0,21650.0
2017-04-04,22150.0,20950.0,21700.0,21100.0,8803.0,21100.0
2017-04-05,21300.0,20700.0,21200.0,20750.0,6833.0,20750.0
2017-04-06,20950.0,20400.0,20850.0,20450.0,7514.0,20450.0
2017-04-07,20800.0,20000.0,20450.0,20550.0,9569.0,20550.0
2017-04-10,20600.0,20100.0,20600.0,20400.0,12215.0,20400.0
2017-04-11,20750.0,20400.0,20750.0,20600.0,4479.0,20600.0
2017-04-12,21400.0,20550.0,20600.0,20650.0,3522.0,20650.0
2017-04-13,21100.0,20500.0,20950.0,21050.0,3381.0,21050.0
2017-04-14,21700.0,20600.0,21100.0,21000.0,9705.0,21000.0
2017-04-17,21400.0,20950.0,21200.0,21000.0,4261.0,21000.0
2017-04-18,21350.0,20850.0,20850.0,21300.0,2809.0,21300.0
2017-04-19,21800.0,21000.0,21750.0,21650.0,8209.0,21650.0
2017-04-20,21800.0,21400.0,21800.0,21500.0,6268.0,21500.0
2017-04-21,21800.0,21150.0,21500.0,21600.0,8660.0,21600.0
2017-04-24,21850.0,21400.0,21850.0,21650.0,3788.0,21650.0
2017-04-25,21700.0,21400.0,21650.0,21450.0,5704.0,21450.0
2017-04-26,21750.0,21250.0,21500.0,21250.0,6787.0,21250.0
2017-04-27,21600.0,20900.0,21250.0,21550.0,3407.0,21550.0
2017-04-28,21750.0,21000.0,21750.0,21000.0,3485.0,21000.0
2017-05-02,21050.0,20500.0,21000.0,21000.0,2289.0,21000.0
2017-05-04,21000.0,20700.0,21000.0,20900.0,4062.0,20900.0
2017-05-08,21350.0,20750.0,21350.0,21250.0,3792.0,21250.0
2017-05-10,21250.0,20850.0,21250.0,20850.0,4717.0,20850.0
2017-05-11,21400.0,20700.0,20800.0,21100.0,3774.0,21100.0
2017-05-12,21350.0,20900.0,21300.0,21150.0,3051.0,21150.0
2017-05-15,21500.0,21100.0,21400.0,21150.0,991.0,21150.0
2017-05-16,21200.0,20800.0,21000.0,21000.0,2667.0,21000.0
2017-05-17,21050.0,20500.0,21000.0,20550.0,3755.0,20550.0
2017-05-18,21250.0,20200.0,20550.0,20600.0,2951.0,20600.0
2017-05-19,21300.0,20700.0,21250.0,21000.0,3838.0,21000.0
2017-05-22,21800.0,20900.0,21800.0,21100.0,3034.0,21100.0
2017-05-23,21700.0,20850.0,21450.0,20850.0,4993.0,20850.0
2017-05-24,20950.0,20600.0,20850.0,20750.0,3659.0,20750.0
2017-05-25,21150.0,20500.0,20750.0,21050.0,5147.0,21050.0
2017-05-26,21250.0,20450.0,21100.0,21000.0,4392.0,21000.0
2017-05-29,21400.0,20800.0,21050.0,21150.0,3787.0,21150.0
2017-05-30,21500.0,20950.0,21500.0,21150.0,5977.0,21150.0
2017-05-31,21250.0,20750.0,21150.0,20950.0,2916.0,20950.0
2017-06-01,20950.0,20450.0,20800.0,20950.0,7840.0,20950.0
2017-06-02,20950.0,20500.0,20950.0,20600.0,3393.0,20600.0
2017-06-05,20650.0,20450.0,20600.0,20600.0,2395.0,20600.0
2017-06-07,20550.0,20250.0,20550.0,20350.0,5265.0,20350.0
2017-06-08,20450.0,19800.0,20450.0,20250.0,9007.0,20250.0
2017-06-09,20300.0,19500.0,20300.0,19650.0,9244.0,19650.0
2017-06-12,19650.0,18750.0,19650.0,18950.0,19204.0,18950.0
2017-06-13,19200.0,18800.0,19200.0,19100.0,5690.0,19100.0
2017-06-14,19300.0,18850.0,19250.0,18900.0,5964.0,18900.0
2017-06-15,19200.0,18750.0,19200.0,18850.0,4468.0,18850.0
2017-06-16,18900.0,18450.0,18750.0,18650.0,15304.0,18650.0
2017-06-19,18900.0,18650.0,18700.0,18900.0,3232.0,18900.0
2017-06-20,19200.0,18600.0,19200.0,18750.0,2948.0,18750.0
2017-06-21,19000.0,18450.0,19000.0,18500.0,2682.0,18500.0
2017-06-22,18750.0,18300.0,18750.0,18450.0,6484.0,18450.0
2017-06-23,18700.0,17600.0,18500.0,18650.0,9666.0,18650.0
2017-06-26,18650.0,17900.0,18650.0,18100.0,3426.0,18100.0
2017-06-27,18550.0,18000.0,18550.0,18100.0,4704.0,18100.0
2017-06-28,18300.0,18000.0,18300.0,18100.0,2401.0,18100.0
2017-06-29,18100.0,17950.0,17950.0,18100.0,2055.0,18100.0
2017-06-30,18300.0,17900.0,18300.0,18100.0,1743.0,18100.0
2017-07-03,18150.0,17000.0,18150.0,17050.0,16413.0,17050.0
2017-07-04,17500.0,16900.0,17100.0,17100.0,6605.0,17100.0
2017-07-05,17400.0,17050.0,17400.0,17150.0,1903.0,17150.0
2017-07-06,17350.0,16450.0,17350.0,16700.0,8622.0,16700.0
2017-07-07,21700.0,16700.0,16700.0,19400.0,274590.0,19400.0
2017-07-10,24500.0,19450.0,19850.0,22700.0,398735.0,22700.0
2017-07-11,24850.0,20900.0,23450.0,21550.0,177356.0,21550.0
2017-07-12,21500.0,20300.0,21500.0,21000.0,84260.0,21000.0
2017-07-13,21700.0,19800.0,20650.0,21000.0,81583.0,21000.0
2017-07-14,27300.0,21050.0,21650.0,27300.0,895832.0,27300.0
2017-07-17,34500.0,28550.0,30500.0,31800.0,1012535.0,31800.0
2017-07-18,31250.0,27800.0,30600.0,28000.0,600375.0,28000.0
2017-07-19,27250.0,25750.0,27050.0,26300.0,242090.0,26300.0
2017-07-20,33400.0,25850.0,26750.0,28350.0,1079564.0,28350.0
2017-07-21,32300.0,28150.0,28750.0,28500.0,385388.0,28500.0
2017-07-24,28300.0,26700.0,28150.0,27000.0,127858.0,27000.0
2017-07-25,29500.0,26850.0,26900.0,27050.0,133674.0,27050.0
2017-07-26,27950.0,25800.0,27850.0,26000.0,73876.0,26000.0
2017-07-27,26200.0,24800.0,25800.0,25500.0,70884.0,25500.0
2017-07-28,25500.0,24050.0,25500.0,24500.0,50254.0,24500.0
2017-07-31,26450.0,24200.0,24250.0,24800.0,71581.0,24800.0
2017-08-01,24900.0,23250.0,24900.0,23350.0,61236.0,23350.0
2017-08-02,24100.0,22500.0,23400.0,23350.0,53745.0,23350.0
2017-08-03,24200.0,22000.0,23350.0,22350.0,47327.0,22350.0
2017-08-04,22750.0,21600.0,22450.0,21800.0,17317.0,21800.0
2017-08-07,22500.0,22000.0,22500.0,22300.0,16489.0,22300.0
2017-08-08,22500.0,21500.0,22000.0,22500.0,16256.0,22500.0
2017-08-09,22500.0,21300.0,22300.0,21500.0,30837.0,21500.0
2017-08-10,21500.0,20600.0,21500.0,20600.0,24270.0,20600.0
2017-08-11,25950.0,20000.0,20000.0,22800.0,494228.0,22800.0
2017-08-14,24150.0,21800.0,23050.0,21800.0,69743.0,21800.0
2017-08-16,22300.0,21450.0,21900.0,21800.0,24822.0,21800.0
2017-08-17,22000.0,21250.0,21950.0,21900.0,35136.0,21900.0
2017-08-18,28450.0,23100.0,24600.0,28450.0,880477.0,28450.0
2017-08-21,30950.0,26300.0,30300.0,26300.0,397947.0,26300.0
2017-08-22,27450.0,24800.0,26800.0,25500.0,160312.0,25500.0
2017-08-23,25600.0,24500.0,25450.0,25550.0,86990.0,25550.0
2017-08-24,29600.0,25100.0,25300.0,26650.0,546547.0,26650.0
2017-08-25,27550.0,25800.0,27000.0,26500.0,91465.0,26500.0
2017-08-28,27000.0,25800.0,26800.0,26150.0,37572.0,26150.0
2017-08-29,29200.0,25550.0,26300.0,26450.0,288064.0,26450.0
2017-08-30,27100.0,26200.0,26750.0,26800.0,40642.0,26800.0
2017-08-31,27850.0,26600.0,27400.0,26650.0,44872.0,26650.0
2017-09-01,26800.0,26100.0,26600.0,26100.0,26850.0,26100.0
2017-09-04,26450.0,24500.0,24500.0,26100.0,29600.0,26100.0
2017-09-05,26600.0,25700.0,26600.0,25800.0,20527.0,25800.0
2017-09-06,26300.0,25200.0,26000.0,25250.0,18584.0,25250.0
2017-09-07,27150.0,25250.0,25250.0,25750.0,37841.0,25750.0
2017-09-08,26200.0,25500.0,25750.0,25500.0,15128.0,25500.0
2017-09-11,26100.0,24900.0,25550.0,25200.0,17864.0,25200.0
2017-09-12,25650.0,24750.0,25650.0,24950.0,10355.0,24950.0
2017-09-13,25050.0,24050.0,25000.0,24350.0,22246.0,24350.0
2017-09-14,24750.0,23650.0,24550.0,24300.0,16663.0,24300.0
2017-09-15,24950.0,23700.0,24350.0,24950.0,23433.0,24950.0
2017-09-18,25350.0,24600.0,24600.0,25100.0,13399.0,25100.0
2017-09-19,25250.0,24550.0,25200.0,25000.0,13803.0,25000.0
2017-09-20,25200.0,24350.0,24700.0,24800.0,12168.0,24800.0
2017-09-21,24800.0,24000.0,24600.0,24450.0,9043.0,24450.0
2017-09-25,23600.0,22500.0,22500.0,22700.0,9701.0,22700.0
2017-09-26,22700.0,22700.0,22700.0,22700.0,0.0,22700.0
2017-09-27,23350.0,22500.0,23350.0,23000.0,5842.0,23000.0
2017-09-28,25900.0,22700.0,22700.0,23700.0,54995.0,23700.0
2017-09-29,24300.0,23300.0,23550.0,23400.0,12499.0,23400.0
2017-10-10,23900.0,23200.0,23900.0,23350.0,9122.0,23350.0
2017-10-11,23400.0,23000.0,23050.0,23050.0,8310.0,23050.0
2017-10-12,23500.0,19900.0,23500.0,21750.0,299147.0,21750.0
2017-10-13,22000.0,20750.0,21850.0,21000.0,53055.0,21000.0
2017-10-16,21050.0,17850.0,21050.0,18500.0,217446.0,18500.0
2017-10-17,19150.0,18350.0,18450.0,18650.0,52677.0,18650.0
2017-10-18,19150.0,18400.0,18500.0,19000.0,35157.0,19000.0
2017-10-19,19000.0,18400.0,19000.0,18650.0,37743.0,18650.0
2017-10-20,19100.0,18550.0,18750.0,18650.0,15343.0,18650.0
2017-10-23,18900.0,18350.0,18500.0,18450.0,16158.0,18450.0
2017-10-24,18600.0,18050.0,18450.0,18200.0,32857.0,18200.0
2017-10-25,18450.0,18100.0,18450.0,18200.0,17049.0,18200.0
2017-10-26,18350.0,18000.0,18250.0,18050.0,17780.0,18050.0
2017-10-27,18150.0,18000.0,18100.0,18050.0,15115.0,18050.0
2017-10-30,18200.0,17750.0,18200.0,17750.0,22853.0,17750.0
2017-10-31,18000.0,17550.0,17950.0,17600.0,18051.0,17600.0
2017-11-01,17900.0,17600.0,17650.0,17800.0,11224.0,17800.0
2017-11-02,19000.0,17800.0,18000.0,18550.0,52520.0,18550.0
2017-11-03,18750.0,18150.0,18550.0,18350.0,17291.0,18350.0
2017-11-06,19200.0,18000.0,19000.0,18700.0,37192.0,18700.0
2017-11-07,19000.0,18200.0,18700.0,18450.0,19978.0,18450.0
2017-11-08,18750.0,18300.0,18450.0,18600.0,15151.0,18600.0
2017-11-09,18850.0,18200.0,18850.0,18350.0,16507.0,18350.0
2017-11-10,19700.0,18200.0,18450.0,19000.0,79010.0,19000.0
2017-11-13,19100.0,18300.0,19100.0,18400.0,21362.0,18400.0
2017-11-14,19150.0,18200.0,18400.0,18700.0,28554.0,18700.0
2017-11-15,19100.0,18300.0,18700.0,18600.0,26593.0,18600.0
2017-11-17,18900.0,18300.0,18550.0,18750.0,31705.0,18750.0
2017-11-20,18950.0,18400.0,18750.0,18400.0,17157.0,18400.0
2017-11-21,18700.0,18050.0,18400.0,18400.0,22841.0,18400.0
2017-11-22,18150.0,17750.0,18100.0,17900.0,27077.0,17900.0
2017-11-24,17900.0,17650.0,17700.0,17800.0,14657.0,17800.0
2017-11-27,17800.0,17450.0,17800.0,17450.0,18772.0,17450.0
2017-11-28,18050.0,17450.0,17450.0,17500.0,18184.0,17500.0
2017-11-29,17850.0,17400.0,17500.0,17550.0,13847.0,17550.0
2017-11-30,17850.0,17350.0,17850.0,17550.0,11279.0,17550.0
2017-12-01,17800.0,17300.0,17350.0,17500.0,8392.0,17500.0
2017-12-04,17700.0,17250.0,17550.0,17450.0,13903.0,17450.0
2017-12-05,17600.0,17200.0,17450.0,17400.0,22141.0,17400.0
2017-12-06,17750.0,17150.0,17500.0,17150.0,15954.0,17150.0
2017-12-07,17400.0,16750.0,17150.0,17100.0,18515.0,17100.0
2017-12-08,17200.0,16500.0,17000.0,16800.0,22094.0,16800.0
2017-12-11,16900.0,15800.0,16800.0,15950.0,35949.0,15950.0
2017-12-12,16600.0,15800.0,15950.0,16600.0,17276.0,16600.0
2017-12-13,16550.0,15900.0,16550.0,16300.0,10771.0,16300.0
2017-12-14,16550.0,16000.0,16500.0,16000.0,19230.0,16000.0
2017-12-15,16350.0,15900.0,16050.0,16250.0,9829.0,16250.0
2017-12-18,16450.0,15400.0,16450.0,15800.0,19780.0,15800.0
2017-12-19,15950.0,14200.0,15950.0,14500.0,64485.0,14500.0
2017-12-21,14800.0,14200.0,14800.0,14350.0,17053.0,14350.0
2017-12-22,14700.0,14100.0,14400.0,14650.0,14347.0,14650.0
2017-12-26,14800.0,14300.0,14300.0,14650.0,12775.0,14650.0
2017-12-27,14850.0,14500.0,14850.0,14750.0,4372.0,14750.0
2017-12-28,15450.0,14700.0,14750.0,15250.0,11505.0,15250.0
2018-01-03,16000.0,14850.0,15550.0,15200.0,19787.0,15200.0
2018-01-04,15400.0,14800.0,15400.0,15000.0,4986.0,15000.0
2018-01-05,15050.0,14450.0,15000.0,15000.0,13701.0,15000.0
2018-01-08,15000.0,14800.0,15000.0,14900.0,6387.0,14900.0
2018-01-09,15000.0,14600.0,14950.0,14850.0,7184.0,14850.0
2018-01-10,15000.0,14650.0,14950.0,14800.0,7180.0,14800.0
2018-01-11,15500.0,14900.0,15250.0,14900.0,18724.0,14900.0
2018-01-12,16000.0,14800.0,14800.0,15100.0,17330.0,15100.0
2018-01-15,15600.0,14900.0,15600.0,15400.0,9850.0,15400.0
2018-01-16,15400.0,14900.0,15400.0,15150.0,10904.0,15150.0
2018-01-17,15200.0,14900.0,15050.0,15000.0,8910.0,15000.0
2018-01-18,14950.0,14750.0,14800.0,14950.0,10288.0,14950.0
2018-01-19,15150.0,14800.0,15050.0,14950.0,10909.0,14950.0
2018-01-22,15400.0,14850.0,15050.0,15200.0,13317.0,15200.0
2018-01-23,15350.0,14950.0,15050.0,15150.0,8279.0,15150.0
2018-01-24,15200.0,14950.0,15100.0,15150.0,11650.0,15150.0
2018-01-25,15500.0,15000.0,15000.0,15450.0,12920.0,15450.0
2018-01-26,16500.0,15500.0,15650.0,16200.0,37299.0,16200.0
2018-01-29,16400.0,15900.0,15900.0,16350.0,16747.0,16350.0
2018-01-30,17100.0,16150.0,16450.0,16950.0,46517.0,16950.0
2018-01-31,16950.0,16300.0,16950.0,16550.0,19698.0,16550.0
2018-02-01,16900.0,16000.0,16900.0,16350.0,15292.0,16350.0
2018-02-02,16600.0,16000.0,16500.0,16000.0,11756.0,16000.0
2018-02-05,15850.0,15400.0,15850.0,15550.0,15698.0,15550.0
2018-02-06,15500.0,14500.0,15000.0,15100.0,22589.0,15100.0
2018-02-07,15300.0,15000.0,15000.0,15050.0,12534.0,15050.0
2018-02-08,15250.0,14800.0,15250.0,15050.0,5645.0,15050.0
2018-02-09,15000.0,14600.0,14900.0,15000.0,8423.0,15000.0
2018-02-12,15100.0,14850.0,15100.0,14850.0,7914.0,14850.0
2018-02-13,15000.0,14750.0,15000.0,14900.0,8332.0,14900.0
2018-02-14,15050.0,14650.0,15050.0,14950.0,6036.0,14950.0
2018-02-19,15350.0,14950.0,14950.0,15100.0,3733.0,15100.0
2018-02-20,15250.0,14950.0,15250.0,14950.0,7676.0,14950.0
2018-02-21,15100.0,14800.0,14950.0,15100.0,4261.0,15100.0
2018-02-22,15150.0,14900.0,15150.0,15050.0,7375.0,15050.0
2018-02-23,15150.0,14850.0,15150.0,15000.0,7279.0,15000.0
2018-02-26,15000.0,14800.0,15000.0,14950.0,6464.0,14950.0
2018-02-27,15000.0,14850.0,15000.0,14950.0,6698.0,14950.0
2018-02-28,14850.0,14550.0,14800.0,14800.0,8456.0,14800.0
2018-03-02,15500.0,14500.0,14500.0,14700.0,23312.0,14700.0
2018-03-05,14950.0,14500.0,14650.0,14700.0,4696.0,14700.0
2018-03-06,15100.0,14600.0,15100.0,14600.0,4499.0,14600.0
2018-03-07,15100.0,14550.0,15100.0,14550.0,5960.0,14550.0
2018-03-08,15000.0,14250.0,14950.0,15000.0,19031.0,15000.0
2018-03-09,15000.0,14550.0,14900.0,14900.0,7652.0,14900.0
2018-03-12,15300.0,14700.0,15250.0,15100.0,21659.0,15100.0
2018-03-13,15200.0,14850.0,15200.0,15050.0,10458.0,15050.0
2018-03-14,15100.0,14800.0,15100.0,14800.0,5167.0,14800.0
2018-03-15,15150.0,14750.0,14950.0,15150.0,7223.0,15150.0
2018-03-16,15400.0,14900.0,15200.0,15200.0,8078.0,15200.0
2018-03-19,15250.0,14950.0,15200.0,15200.0,6042.0,15200.0
2018-03-20,15300.0,15000.0,15000.0,15150.0,6755.0,15150.0
2018-03-21,15500.0,15000.0,15150.0,15100.0,6673.0,15100.0
2018-03-22,15150.0,14700.0,15150.0,14800.0,9753.0,14800.0
2018-03-23,14800.0,14200.0,14800.0,14300.0,9537.0,14300.0
2018-03-26,14400.0,13850.0,14300.0,14350.0,8348.0,14350.0
2018-03-27,14600.0,14300.0,14500.0,14450.0,2347.0,14450.0
2018-03-28,14500.0,14100.0,14450.0,14300.0,5771.0,14300.0
2018-03-29,14550.0,14250.0,14350.0,14500.0,6800.0,14500.0
2018-03-30,14800.0,14300.0,14600.0,14450.0,4149.0,14450.0
2018-04-02,14700.0,13550.0,14350.0,14550.0,6809.0,14550.0
2018-04-03,14650.0,14200.0,14550.0,14600.0,4568.0,14600.0
2018-04-04,14750.0,14300.0,14650.0,14500.0,5304.0,14500.0
2018-04-05,14750.0,14400.0,14750.0,14600.0,2907.0,14600.0
2018-04-06,14700.0,14300.0,14550.0,14300.0,3219.0,14300.0
2018-04-09,14500.0,14200.0,14500.0,14400.0,749.0,14400.0
2018-04-10,14500.0,14100.0,14250.0,14400.0,5654.0,14400.0
2018-04-11,14550.0,14250.0,14450.0,14550.0,5708.0,14550.0
2018-04-12,14700.0,14200.0,14700.0,14350.0,6514.0,14350.0
2018-04-13,14450.0,14150.0,14350.0,14200.0,5846.0,14200.0
2018-04-16,14350.0,13350.0,14200.0,14100.0,7187.0,14100.0
2018-04-17,14300.0,13900.0,14100.0,14200.0,6246.0,14200.0
2018-04-18,16450.0,14150.0,14350.0,16300.0,243294.0,16300.0
2018-04-19,21150.0,18200.0,18850.0,21150.0,732864.0,21150.0
2018-04-20,25650.0,19500.0,21500.0,23650.0,2078266.0,23650.0
2018-04-23,27650.0,22100.0,24650.0,24300.0,1091832.0,24300.0
2018-04-24,24300.0,22500.0,24300.0,23300.0,138548.0,23300.0
2018-04-25,23400.0,22800.0,22800.0,23000.0,85668.0,23000.0
2018-04-26,24800.0,23200.0,23500.0,23600.0,112620.0,23600.0
2018-04-27,26250.0,22200.0,23900.0,23500.0,329913.0,23500.0
2018-04-30,27300.0,24850.0,26500.0,26300.0,714941.0,26300.0
2018-05-02,30850.0,26900.0,27000.0,29750.0,941930.0,29750.0
2018-05-03,28500.0,26000.0,28000.0,26950.0,351156.0,26950.0
2018-05-04,28600.0,25250.0,26050.0,27900.0,298952.0,27900.0
2018-05-08,28300.0,25600.0,26950.0,26750.0,200016.0,26750.0
2018-05-09,27900.0,25000.0,27500.0,27850.0,233112.0,27850.0
2018-05-10,30400.0,28350.0,29000.0,29200.0,425033.0,29200.0
2018-05-11,29850.0,27400.0,28950.0,29600.0,182261.0,29600.0
2018-05-14,38450.0,30050.0,31050.0,38450.0,1214656.0,38450.0
2018-05-15,48950.0,39500.0,40500.0,43750.0,2123323.0,43750.0
2018-05-16,49450.0,38650.0,40500.0,45000.0,2002234.0,45000.0
2018-05-17,56000.0,45600.0,45750.0,53700.0,2084600.0,53700.0
2018-05-18,62800.0,54100.0,57900.0,60900.0,1864131.0,60900.0
2018-05-21,67000.0,60500.0,63000.0,64000.0,969699.0,64000.0
2018-05-23,68000.0,57300.0,60000.0,62300.0,1248069.0,62300.0
2018-05-24,65600.0,54100.0,65500.0,58500.0,1034818.0,58500.0
2018-05-25,53900.0,42250.0,44000.0,48900.0,1644228.0,48900.0
2018-05-28,63500.0,62000.0,63500.0,63500.0,363252.0,63500.0
2018-05-29,80000.0,68900.0,69800.0,78300.0,1803044.0,78300.0
2018-05-30,78300.0,78300.0,78300.0,78300.0,0.0,78300.0
2018-05-31,91900.0,80100.0,85800.0,82300.0,1088024.0,82300.0
2018-06-01,81700.0,73400.0,80900.0,76800.0,660932.0,76800.0
2018-06-04,80600.0,64900.0,80000.0,67800.0,905616.0,67800.0
2018-06-05,73000.0,60000.0,64000.0,72500.0,1267133.0,72500.0
2018-06-07,72300.0,67000.0,70100.0,67000.0,456093.0,67000.0
2018-06-08,68900.0,62000.0,68500.0,62300.0,430129.0,62300.0
2018-06-11,80900.0,63100.0,63100.0,80900.0,1719092.0,80900.0
2018-06-12,90600.0,70300.0,79000.0,73700.0,3999700.0,73700.0
2018-06-14,71400.0,61800.0,68900.0,64100.0,989292.0,64100.0
2018-06-15,74000.0,64300.0,64400.0,68100.0,1387703.0,68100.0
2018-06-18,72300.0,66600.0,67500.0,69300.0,458577.0,69300.0
2018-06-19,72200.0,65000.0,71800.0,67100.0,435576.0,67100.0
2018-06-20,68100.0,63900.0,66500.0,68000.0,326306.0,68000.0
2018-06-21,69000.0,63200.0,66600.0,63800.0,257480.0,63800.0
2018-06-22,65000.0,56100.0,64900.0,59800.0,531720.0,59800.0
2018-06-25,63900.0,56600.0,59700.0,58900.0,388071.0,58900.0
2018-06-26,60600.0,53000.0,58900.0,53700.0,409317.0,53700.0
2018-06-27,55500.0,49050.0,54000.0,51100.0,539008.0,51100.0
2018-06-28,53800.0,48050.0,51100.0,49050.0,487538.0,49050.0
2018-06-29,63200.0,51500.0,53500.0,62100.0,2636143.0,62100.0
2018-07-02,61500.0,54000.0,60200.0,54500.0,842599.0,54500.0
2018-07-03,61300.0,55700.0,56500.0,61100.0,1221512.0,61100.0
2018-07-04,62500.0,58400.0,59800.0,60300.0,685491.0,60300.0
2018-07-05,61900.0,57800.0,61100.0,61000.0,483764.0,61000.0
2018-07-06,62400.0,58900.0,60400.0,61700.0,555532.0,61700.0
2018-07-09,57300.0,49850.0,56300.0,50500.0,706789.0,50500.0
2018-07-10,54600.0,51100.0,52300.0,51100.0,445072.0,51100.0
2018-07-11,57800.0,51000.0,51200.0,53800.0,747904.0,53800.0
2018-07-12,55200.0,51700.0,53800.0,52400.0,349032.0,52400.0
2018-07-13,55900.0,53300.0,54400.0,54500.0,357466.0,54500.0
2018-07-16,56400.0,53800.0,55700.0,54500.0,150257.0,54500.0
2018-07-17,54600.0,52400.0,54600.0,52900.0,139339.0,52900.0
2018-07-18,52900.0,47900.0,52900.0,48200.0,330683.0,48200.0
2018-07-19,48700.0,45000.0,48150.0,45200.0,393540.0,45200.0
2018-07-20,46300.0,43000.0,45800.0,43300.0,249760.0,43300.0
2018-07-23,43000.0,40550.0,42200.0,40600.0,161704.0,40600.0
2018-07-24,51500.0,41350.0,41350.0,50100.0,1334714.0,50100.0
2018-07-25,53400.0,48250.0,52600.0,50200.0,743147.0,50200.0
2018-07-26,59800.0,50000.0,50400.0,55400.0,1395374.0,55400.0
2018-07-27,61100.0,55800.0,56800.0,56300.0,704088.0,56300.0
2018-07-30,59400.0,55500.0,57000.0,57700.0,410196.0,57700.0
2018-07-31,61500.0,54000.0,60200.0,56500.0,503346.0,56500.0
2018-08-01,57500.0,54800.0,56200.0,56100.0,283422.0,56100.0
2018-08-02,59100.0,56500.0,56600.0,58600.0,464356.0,58600.0
2018-08-03,59500.0,57900.0,59100.0,58800.0,249468.0,58800.0
2018-08-06,57600.0,55600.0,56500.0,55800.0,209350.0,55800.0
2018-08-07,56500.0,54200.0,56300.0,55600.0,131959.0,55600.0
2018-08-08,58800.0,54400.0,56300.0,56500.0,299779.0,56500.0
2018-08-09,57400.0,55300.0,55800.0,56400.0,182609.0,56400.0
2018-08-10,67400.0,58500.0,60500.0,64600.0,1273452.0,64600.0
2018-08-13,71700.0,59000.0,68800.0,61500.0,1408470.0,61500.0
2018-08-14,69500.0,61200.0,64000.0,68700.0,727958.0,68700.0
2018-08-16,76000.0,70100.0,73500.0,70500.0,637569.0,70500.0
2018-08-17,74000.0,70400.0,70500.0,74000.0,344715.0,74000.0
2018-08-20,75500.0,73200.0,74500.0,74100.0,303619.0,74100.0
2018-08-21,76000.0,73400.0,74600.0,74500.0,241547.0,74500.0
2018-08-22,74000.0,71000.0,73700.0,72500.0,279023.0,72500.0
2018-08-23,75500.0,71800.0,72500.0,73900.0,264543.0,73900.0
2018-08-24,74900.0,73100.0,74500.0,74300.0,141362.0,74300.0
2018-08-27,68400.0,63300.0,66900.0,63600.0,710116.0,63600.0
2018-08-28,66500.0,62100.0,63600.0,63400.0,418694.0,63400.0
2018-08-29,63400.0,61500.0,62500.0,61500.0,213675.0,61500.0
2018-08-30,65800.0,62100.0,62100.0,63300.0,367886.0,63300.0
2018-08-31,63600.0,61500.0,62100.0,63200.0,166405.0,63200.0
2018-09-03,66000.0,64100.0,65700.0,65300.0,222814.0,65300.0
2018-09-04,66600.0,64300.0,64900.0,66000.0,257716.0,66000.0
2018-09-05,68500.0,65100.0,67000.0,66000.0,254263.0,66000.0
2018-09-06,69100.0,61300.0,68000.0,64500.0,531798.0,64500.0
2018-09-07,66600.0,64200.0,64500.0,65900.0,279767.0,65900.0
2018-09-10,69900.0,66800.0,68100.0,69200.0,419890.0,69200.0
2018-09-11,72100.0,68700.0,71800.0,69400.0,304892.0,69400.0
2018-09-12,69700.0,66200.0,69500.0,68300.0,254098.0,68300.0
2018-09-13,68400.0,66700.0,67200.0,66700.0,139280.0,66700.0
2018-09-14,67300.0,64800.0,66700.0,66600.0,185493.0,66600.0
2018-09-17,68000.0,64800.0,67900.0,65700.0,168389.0,65700.0
2018-09-18,66400.0,63400.0,65600.0,63400.0,165517.0,63400.0
2018-09-19,64800.0,60100.0,63700.0,60300.0,254951.0,60300.0
2018-09-20,63300.0,59300.0,62400.0,60200.0,182712.0,60200.0
2018-09-21,62900.0,59200.0,59700.0,62300.0,165264.0,62300.0
2018-09-27,63900.0,60500.0,63900.0,60800.0,107035.0,60800.0
2018-09-28,60700.0,57000.0,60500.0,57600.0,158638.0,57600.0
2018-10-01,58900.0,56500.0,57800.0,57000.0,75972.0,57000.0
2018-10-02,57800.0,55500.0,56500.0,56100.0,82897.0,56100.0
2018-10-04,58500.0,57100.0,57400.0,57900.0,100713.0,57900.0
2018-10-05,58100.0,54300.0,58100.0,56300.0,76476.0,56300.0
2018-10-08,56800.0,54800.0,56600.0,55000.0,54530.0,55000.0
2018-10-10,53500.0,48300.0,53000.0,48300.0,161725.0,48300.0
2018-10-11,49450.0,43500.0,43650.0,47000.0,138785.0,47000.0
2018-10-12,48700.0,46300.0,46950.0,48500.0,82096.0,48500.0
2018-10-15,51600.0,47200.0,47950.0,47550.0,75274.0,47550.0
2018-10-16,48650.0,47600.0,47600.0,48200.0,37154.0,48200.0
2018-10-17,51000.0,48350.0,48750.0,49000.0,93006.0,49000.0
2018-10-18,50800.0,48000.0,49600.0,48250.0,44786.0,48250.0
2018-10-19,48250.0,46350.0,47650.0,47100.0,71166.0,47100.0
2018-10-22,45750.0,43150.0,45700.0,43550.0,74633.0,43550.0
2018-10-23,44650.0,43000.0,43850.0,43000.0,59058.0,43000.0
2018-10-24,43800.0,40750.0,43050.0,40900.0,78117.0,40900.0
2018-10-25,41750.0,39050.0,39050.0,40600.0,69656.0,40600.0
2018-10-26,41500.0,37550.0,41000.0,38000.0,71062.0,38000.0
2018-10-29,39050.0,34250.0,37600.0,34350.0,91346.0,34350.0
2018-10-30,38500.0,32600.0,32600.0,37600.0,132536.0,37600.0
2018-10-31,39400.0,36200.0,37900.0,37000.0,64404.0,37000.0
2018-11-01,41000.0,38050.0,38700.0,39300.0,84427.0,39300.0
2018-11-02,43950.0,40250.0,40250.0,42650.0,136695.0,42650.0
2018-11-05,42950.0,40750.0,42700.0,41800.0,71926.0,41800.0
2018-11-06,43500.0,41450.0,43500.0,42000.0,61543.0,42000.0
2018-11-07,45200.0,39500.0,42700.0,40200.0,182119.0,40200.0
2018-11-08,42600.0,40800.0,41200.0,41900.0,66992.0,41900.0
2018-11-09,41250.0,39800.0,41200.0,40500.0,59320.0,40500.0
2018-11-12,40400.0,38900.0,39250.0,39000.0,49232.0,39000.0
2018-11-13,38650.0,37050.0,37200.0,38450.0,45322.0,38450.0
2018-11-14,39900.0,38450.0,39250.0,38650.0,40212.0,38650.0
2018-11-16,41450.0,40050.0,40600.0,41100.0,41811.0,41100.0
2018-11-19,46450.0,41650.0,42350.0,45350.0,170003.0,45350.0
2018-11-20,45900.0,44200.0,44700.0,45200.0,67793.0,45200.0
2018-11-21,50200.0,44300.0,44600.0,47150.0,286722.0,47150.0
2018-11-22,49350.0,47150.0,48200.0,48000.0,120263.0,48000.0
2018-11-23,51200.0,46200.0,48950.0,46700.0,205659.0,46700.0
2018-11-26,49700.0,45800.0,48450.0,46200.0,120591.0,46200.0
2018-11-27,47300.0,45100.0,45100.0,46600.0,60273.0,46600.0
2018-11-28,46750.0,44800.0,46250.0,44950.0,56594.0,44950.0
2018-11-29,46700.0,45300.0,46000.0,45600.0,57120.0,45600.0
2018-11-30,46150.0,44550.0,45600.0,45200.0,38950.0,45200.0
2018-12-03,48600.0,46350.0,47000.0,48000.0,148093.0,48000.0
2018-12-04,49700.0,48000.0,48450.0,49000.0,85358.0,49000.0
2018-12-05,49900.0,48150.0,48400.0,48800.0,83383.0,48800.0
2018-12-06,49150.0,46000.0,48600.0,46300.0,78598.0,46300.0
2018-12-07,48500.0,47050.0,47050.0,48400.0,71252.0,48400.0
2018-12-10,48150.0,46200.0,47000.0,46600.0,57336.0,46600.0
2018-12-11,46650.0,43700.0,46600.0,45000.0,70250.0,45000.0
2018-12-12,45300.0,42500.0,44000.0,42850.0,76760.0,42850.0
2018-12-13,44200.0,42200.0,42200.0,43850.0,41051.0,43850.0
2018-12-14,44900.0,42100.0,44800.0,43050.0,44395.0,43050.0
2018-12-17,42400.0,40700.0,42050.0,40900.0,54247.0,40900.0
2018-12-18,42650.0,39650.0,39900.0,41000.0,42950.0,41000.0
2018-12-19,42400.0,40850.0,42350.0,41500.0,23571.0,41500.0
2018-12-20,43550.0,41500.0,42000.0,42300.0,52649.0,42300.0
2018-12-21,43350.0,42100.0,43300.0,42850.0,32729.0,42850.0
2018-12-24,43500.0,42550.0,43500.0,42900.0,27328.0,42900.0
2018-12-26,42900.0,40400.0,42100.0,40550.0,44268.0,40550.0
2018-12-27,42850.0,40650.0,41000.0,41500.0,47208.0,41500.0
2018-12-28,42350.0,41250.0,41400.0,42150.0,25754.0,42150.0
2019-01-02,43400.0,41450.0,43000.0,41700.0,39433.0,41700.0
2019-01-03,43750.0,40650.0,41750.0,42100.0,59288.0,42100.0
2019-01-04,41900.0,40400.0,41600.0,41150.0,38105.0,41150.0
2019-01-07,42400.0,41550.0,42400.0,42200.0,30286.0,42200.0
2019-01-08,49300.0,42200.0,42200.0,47000.0,304694.0,47000.0
2019-01-09,48000.0,46400.0,47200.0,47050.0,89667.0,47050.0
2019-01-10,47650.0,45800.0,47300.0,45850.0,55648.0,45850.0
2019-01-11,49050.0,45500.0,45500.0,48500.0,122532.0,48500.0
2019-01-14,51100.0,48550.0,49800.0,51000.0,177578.0,51000.0
2019-01-15,52000.0,49650.0,50400.0,51300.0,99492.0,51300.0
2019-01-16,53900.0,51800.0,52900.0,53000.0,148751.0,53000.0
2019-01-17,53400.0,50400.0,53000.0,51200.0,105128.0,51200.0
2019-01-18,52600.0,50600.0,50600.0,50900.0,84692.0,50900.0
2019-01-21,51800.0,49900.0,51200.0,50600.0,60960.0,50600.0
2019-01-22,51100.0,49750.0,51000.0,49850.0,47166.0,49850.0
2019-01-23,51600.0,49100.0,49100.0,51100.0,58859.0,51100.0
2019-01-24,52800.0,50500.0,51100.0,51300.0,72135.0,51300.0
2019-01-25,52100.0,50900.0,51500.0,51100.0,46107.0,51100.0
2019-01-28,51900.0,50000.0,51300.0,50300.0,52155.0,50300.0
2019-01-29,50600.0,48450.0,50500.0,48550.0,65043.0,48550.0
2019-01-30,57200.0,49100.0,49450.0,52900.0,638502.0,52900.0
2019-01-31,53400.0,51300.0,53400.0,52100.0,119367.0,52100.0
2019-02-01,55700.0,52800.0,52900.0,54900.0,176984.0,54900.0
2019-02-07,58900.0,55800.0,58500.0,56500.0,155230.0,56500.0
2019-02-08,57000.0,55000.0,55200.0,56300.0,61432.0,56300.0
2019-02-11,57800.0,55200.0,57200.0,55700.0,96591.0,55700.0
2019-02-12,56300.0,54100.0,55600.0,54300.0,59896.0,54300.0
2019-02-13,55300.0,53500.0,54500.0,54000.0,35020.0,54000.0
2019-02-14,54100.0,52200.0,54100.0,52800.0,60537.0,52800.0
2019-02-15,53500.0,51200.0,52200.0,52800.0,66393.0,52800.0
2019-02-18,53400.0,52400.0,53400.0,52900.0,36945.0,52900.0
2019-02-19,54500.0,52600.0,53300.0,53200.0,69825.0,53200.0
2019-02-20,54000.0,51300.0,53800.0,51500.0,87637.0,51500.0
2019-02-21,51700.0,48750.0,51600.0,50100.0,88893.0,50100.0
2019-02-22,51300.0,49950.0,50000.0,50500.0,43467.0,50500.0
2019-02-25,51100.0,49150.0,50900.0,49700.0,49254.0,49700.0
2019-02-26,51700.0,50000.0,50400.0,51500.0,79307.0,51500.0
2019-02-27,52100.0,50800.0,52000.0,51100.0,41206.0,51100.0
2019-02-28,51500.0,42400.0,51500.0,44150.0,148774.0,44150.0
2019-03-04,43800.0,39700.0,40100.0,41800.0,173532.0,41800.0
2019-03-05,42900.0,41250.0,41650.0,42500.0,65922.0,42500.0
2019-03-06,42950.0,41650.0,42950.0,42550.0,43872.0,42550.0
2019-03-07,42050.0,40450.0,41700.0,40600.0,78448.0,40600.0
2019-03-08,40600.0,39000.0,40400.0,39650.0,56426.0,39650.0
2019-03-11,39850.0,38650.0,39400.0,39500.0,38722.0,39500.0
2019-03-12,40900.0,39500.0,39700.0,40400.0,30873.0,40400.0
2019-03-13,41000.0,40000.0,40500.0,40550.0,23253.0,40550.0
2019-03-14,43900.0,40450.0,40800.0,43900.0,66592.0,43900.0
2019-03-15,43550.0,39000.0,43550.0,40050.0,116841.0,40050.0
2019-03-18,41650.0,40400.0,40800.0,41350.0,53169.0,41350.0
2019-03-19,42150.0,41350.0,41700.0,41900.0,27885.0,41900.0
2019-03-20,41900.0,40500.0,41900.0,41300.0,22059.0,41300.0
2019-03-21,41500.0,40400.0,40700.0,40750.0,24469.0,40750.0
2019-03-22,40900.0,39650.0,40400.0,40050.0,37683.0,40050.0
2019-03-25,39550.0,38800.0,39000.0,39000.0,57862.0,39000.0
2019-03-26,39600.0,38750.0,39100.0,38900.0,38224.0,38900.0
2019-03-27,39900.0,38550.0,38550.0,38700.0,25487.0,38700.0
2019-03-28,39100.0,38300.0,38700.0,38550.0,19477.0,38550.0
2019-03-29,42400.0,38550.0,38550.0,42200.0,116946.0,42200.0
2019-04-01,43200.0,41850.0,42800.0,42400.0,41439.0,42400.0
2019-04-02,42700.0,41450.0,42400.0,42000.0,32795.0,42000.0
2019-04-03,42750.0,42000.0,42300.0,42500.0,22161.0,42500.0
2019-04-04,42750.0,41900.0,42750.0,42200.0,15481.0,42200.0
2019-04-05,43900.0,42050.0,42050.0,42900.0,40018.0,42900.0
2019-04-08,43000.0,42050.0,42900.0,42200.0,15861.0,42200.0
2019-04-09,42750.0,41850.0,42000.0,42200.0,19345.0,42200.0
2019-04-10,42850.0,41950.0,42200.0,42450.0,18340.0,42450.0
2019-04-11,44100.0,42450.0,42700.0,43200.0,47331.0,43200.0
2019-04-12,42600.0,41100.0,42600.0,41500.0,46900.0,41500.0
2019-04-15,42050.0,41500.0,42000.0,41600.0,22879.0,41600.0
2019-04-16,42300.0,40650.0,41250.0,41750.0,28396.0,41750.0
2019-04-17,41600.0,40350.0,41600.0,40400.0,35188.0,40400.0
2019-04-18,40750.0,39500.0,40600.0,39700.0,23229.0,39700.0
2019-04-19,40050.0,39600.0,39650.0,39600.0,11671.0,39600.0
2019-04-22,40350.0,39500.0,40000.0,39850.0,14651.0,39850.0
2019-04-23,40300.0,39250.0,39250.0,40050.0,19629.0,40050.0
2019-04-24,40350.0,39550.0,40050.0,39650.0,18836.0,39650.0
2019-04-25,39850.0,39000.0,39650.0,39200.0,18017.0,39200.0
2019-04-26,40250.0,39200.0,39400.0,39700.0,17192.0,39700.0
2019-04-29,39550.0,38750.0,39550.0,39150.0,20932.0,39150.0
2019-04-30,39300.0,38500.0,39000.0,38550.0,21309.0,38550.0
2019-05-02,39950.0,37850.0,37950.0,39350.0,24111.0,39350.0
2019-05-03,39400.0,38750.0,38900.0,38900.0,9763.0,38900.0
2019-05-07,39900.0,38000.0,38000.0,39800.0,23294.0,39800.0
2019-05-08,40500.0,38600.0,39250.0,39550.0,20412.0,39550.0
2019-05-09,39850.0,38350.0,39500.0,38750.0,24396.0,38750.0
2019-05-10,38700.0,37400.0,38700.0,37550.0,25389.0,37550.0
2019-05-13,38150.0,35750.0,37350.0,36500.0,23559.0,36500.0
2019-05-14,36950.0,35650.0,35700.0,36650.0,21886.0,36650.0
2019-05-15,38200.0,36100.0,36700.0,37300.0,14450.0,37300.0
2019-05-16,38200.0,36350.0,37350.0,36500.0,17385.0,36500.0
2019-05-17,37600.0,36150.0,36600.0,36700.0,21727.0,36700.0
2019-05-20,37800.0,36200.0,37100.0,36200.0,18669.0,36200.0
2019-05-21,36200.0,34700.0,36150.0,35000.0,29063.0,35000.0
2019-05-22,36500.0,35150.0,35700.0,35600.0,55282.0,35600.0
2019-05-23,36100.0,33250.0,36100.0,33250.0,62691.0,33250.0
2019-05-24,33450.0,29750.0,32800.0,30500.0,107873.0,30500.0
2019-05-27,31250.0,29650.0,30500.0,31250.0,48642.0,31250.0
2019-05-28,32700.0,30800.0,30800.0,31900.0,35908.0,31900.0
2019-05-29,32300.0,31200.0,31500.0,31650.0,21644.0,31650.0
2019-05-30,32350.0,31200.0,31300.0,31650.0,35082.0,31650.0
2019-05-31,31950.0,31000.0,31000.0,31150.0,27212.0,31150.0
2019-06-03,31350.0,30700.0,31350.0,31250.0,16122.0,31250.0
2019-06-04,37000.0,31250.0,31250.0,32400.0,142605.0,32400.0
2019-06-05,33100.0,32100.0,32500.0,32100.0,31163.0,32100.0
2019-06-07,33300.0,32300.0,32350.0,33000.0,22138.0,33000.0
2019-06-10,33750.0,33050.0,33350.0,33350.0,27855.0,33350.0
2019-06-11,34950.0,33150.0,33500.0,34550.0,37000.0,34550.0
2019-06-12,36500.0,34500.0,36100.0,35300.0,106525.0,35300.0
2019-06-13,35250.0,34200.0,35250.0,34450.0,166250.0,34450.0
2019-06-14,34950.0,33700.0,34750.0,34100.0,42903.0,34100.0
2019-06-17,34700.0,33900.0,34250.0,34000.0,21296.0,34000.0
2019-06-18,34700.0,33700.0,34100.0,33800.0,18389.0,33800.0
2019-06-19,37000.0,34200.0,34200.0,36300.0,81292.0,36300.0
2019-06-20,37000.0,35600.0,36050.0,36500.0,34336.0,36500.0
2019-06-21,37000.0,35600.0,37000.0,35800.0,30894.0,35800.0
2019-06-24,39000.0,36700.0,36700.0,39000.0,108859.0,39000.0
2019-06-25,40500.0,38350.0,40000.0,39100.0,67379.0,39100.0
2019-06-26,39900.0,37900.0,39200.0,38500.0,36818.0,38500.0
2019-06-27,39500.0,37750.0,38650.0,37900.0,31744.0,37900.0
2019-06-28,38000.0,36600.0,37150.0,37250.0,33193.0,37250.0
2019-07-01,40950.0,38450.0,40900.0,38900.0,78374.0,38900.0
2019-07-02,38850.0,37750.0,38850.0,37800.0,26324.0,37800.0
2019-07-03,37450.0,35700.0,37400.0,35800.0,35176.0,35800.0
2019-07-04,36650.0,35450.0,36300.0,36150.0,20322.0,36150.0
2019-07-05,37300.0,35600.0,36350.0,36200.0,17782.0,36200.0
2019-07-08,36050.0,33850.0,35850.0,34050.0,30492.0,34050.0
2019-07-09,34600.0,32200.0,33500.0,32400.0,29868.0,32400.0
2019-07-10,32950.0,32200.0,32850.0,32400.0,17818.0,32400.0
2019-07-11,34300.0,32400.0,32400.0,34050.0,20580.0,34050.0
2019-07-12,34050.0,33150.0,34050.0,33700.0,17378.0,33700.0
2019-07-15,34300.0,33250.0,33300.0,33500.0,13554.0,33500.0
2019-07-16,34000.0,32850.0,32850.0,33500.0,13759.0,33500.0
2019-07-17,33200.0,32100.0,33200.0,32550.0,19075.0,32550.0
2019-07-18,32600.0,31750.0,32250.0,32000.0,12436.0,32000.0
2019-07-19,33600.0,31650.0,31650.0,33100.0,18953.0,33100.0
2019-07-22,32950.0,32350.0,32550.0,32600.0,7729.0,32600.0
2019-07-23,33350.0,32250.0,33350.0,32300.0,12535.0,32300.0
2019-07-24,32800.0,31550.0,32300.0,31700.0,14365.0,31700.0
2019-07-25,31550.0,29900.0,30950.0,30500.0,38811.0,30500.0
2019-07-26,30750.0,29900.0,30050.0,29950.0,19027.0,29950.0
2019-07-29,29950.0,28500.0,29950.0,28500.0,33727.0,28500.0
2019-07-30,29950.0,28000.0,28000.0,29550.0,19711.0,29550.0
2019-07-31,29900.0,29050.0,29300.0,29350.0,14771.0,29350.0
2019-08-01,29950.0,28250.0,29400.0,29000.0,28869.0,29000.0
2019-08-02,29700.0,28100.0,29700.0,29100.0,22698.0,29100.0
2019-08-05,29400.0,26600.0,28450.0,26600.0,47012.0,26600.0
2019-08-06,27200.0,23800.0,25950.0,25600.0,52660.0,25600.0
2019-08-07,26500.0,25150.0,25600.0,26000.0,24829.0,26000.0
2019-08-08,27250.0,26000.0,26800.0,27100.0,31773.0,27100.0
2019-08-09,32800.0,27500.0,29400.0,28550.0,197778.0,28550.0
2019-08-12,32350.0,28550.0,28800.0,31200.0,113519.0,31200.0
2019-08-13,31400.0,30500.0,31200.0,31000.0,33444.0,31000.0
2019-08-14,32150.0,30500.0,31450.0,31700.0,29699.0,31700.0
2019-08-16,32300.0,30700.0,31000.0,31900.0,27445.0,31900.0
2019-08-19,33000.0,32000.0,32500.0,33000.0,23225.0,33000.0
2019-08-20,33350.0,32500.0,33000.0,33000.0,23195.0,33000.0
2019-08-21,33400.0,32650.0,32650.0,33400.0,18786.0,33400.0
2019-08-22,33400.0,32300.0,33400.0,32450.0,28101.0,32450.0
2019-08-23,32700.0,31950.0,32650.0,32200.0,20199.0,32200.0
2019-08-26,31900.0,30800.0,30800.0,31400.0,13917.0,31400.0
2019-08-27,33100.0,31500.0,32550.0,31850.0,26830.0,31850.0
2019-08-28,32550.0,31350.0,31350.0,32150.0,12157.0,32150.0
2019-08-29,32900.0,31750.0,32050.0,32600.0,20454.0,32600.0
2019-08-30,33250.0,32500.0,32950.0,33200.0,16521.0,33200.0
2019-09-02,32850.0,31950.0,32300.0,32850.0,14318.0,32850.0
2019-09-03,33650.0,32400.0,33350.0,33100.0,18334.0,33100.0
2019-09-04,33250.0,32650.0,32950.0,32850.0,10443.0,32850.0
2019-09-05,33300.0,32200.0,33300.0,32350.0,22409.0,32350.0
2019-09-06,32450.0,31850.0,32100.0,31900.0,13660.0,31900.0
2019-09-09,32250.0,31050.0,31550.0,31100.0,12062.0,31100.0
2019-09-10,33750.0,31600.0,32550.0,33750.0,81569.0,33750.0
2019-09-11,36300.0,34200.0,34900.0,35250.0,82911.0,35250.0
2019-09-16,41400.0,36050.0,36700.0,40000.0,182519.0,40000.0
2019-09-17,40450.0,38450.0,39700.0,39250.0,62839.0,39250.0
2019-09-18,40000.0,38050.0,39500.0,39450.0,67108.0,39450.0
2019-09-19,39700.0,38700.0,39000.0,38950.0,27762.0,38950.0
2019-09-20,39800.0,38900.0,38950.0,39550.0,31712.0,39550.0
2019-09-23,40850.0,40000.0,40300.0,40750.0,61735.0,40750.0
2019-09-24,41350.0,40100.0,40600.0,40300.0,68516.0,40300.0
2019-09-25,40950.0,37300.0,40200.0,37600.0,68872.0,37600.0
2019-09-26,38700.0,36500.0,38250.0,37600.0,24778.0,37600.0
2019-09-27,38400.0,36450.0,37050.0,37200.0,20884.0,37200.0
2019-09-30,37850.0,36250.0,36600.0,37000.0,18454.0,37000.0
2019-10-01,38050.0,36600.0,36650.0,37750.0,18891.0,37750.0
2019-10-02,39500.0,38250.0,38800.0,38400.0,47141.0,38400.0
2019-10-04,39300.0,37100.0,38750.0,37500.0,35814.0,37500.0
2019-10-07,35200.0,32700.0,34150.0,33500.0,78992.0,33500.0
2019-10-08,34050.0,32900.0,32900.0,33300.0,36374.0,33300.0
2019-10-10,33600.0,32650.0,32900.0,32650.0,25641.0,32650.0
2019-10-11,33350.0,32300.0,33100.0,32800.0,17603.0,32800.0
2019-10-14,34150.0,32800.0,32850.0,33750.0,24658.0,33750.0
2019-10-15,34150.0,33300.0,33300.0,34000.0,13467.0,34000.0
2019-10-16,34450.0,33600.0,34150.0,34200.0,16367.0,34200.0
2019-10-17,34500.0,33500.0,34000.0,33700.0,8654.0,33700.0
2019-10-18,36400.0,34050.0,34050.0,34650.0,72495.0,34650.0
2019-10-21,34600.0,33650.0,34500.0,33800.0,16556.0,33800.0
2019-10-22,35000.0,33800.0,33800.0,34500.0,22871.0,34500.0
2019-10-23,33800.0,33000.0,33800.0,33050.0,29949.0,33050.0
2019-10-24,34500.0,32750.0,32750.0,33500.0,18890.0,33500.0
2019-10-25,34150.0,32800.0,33500.0,33100.0,18074.0,33100.0
2019-10-28,33300.0,32150.0,32300.0,32950.0,11882.0,32950.0
2019-10-29,33250.0,32700.0,32900.0,32850.0,11948.0,32850.0
2019-10-30,32750.0,32100.0,32600.0,32100.0,10350.0,32100.0
2019-10-31,32550.0,31450.0,32400.0,31550.0,20068.0,31550.0
2019-11-01,31800.0,31000.0,31350.0,31550.0,13279.0,31550.0
2019-11-04,32300.0,31550.0,31900.0,32150.0,16302.0,32150.0
2019-11-05,33500.0,32600.0,33500.0,32900.0,13611.0,32900.0
2019-11-06,33950.0,32650.0,33200.0,33600.0,33168.0,33600.0
2019-11-07,33600.0,33000.0,33400.0,33150.0,10270.0,33150.0
2019-11-08,33600.0,32550.0,33600.0,33150.0,13655.0,33150.0
2019-11-11,33300.0,32100.0,32900.0,32300.0,15294.0,32300.0
2019-11-12,32550.0,32100.0,32150.0,32450.0,6769.0,32450.0
2019-11-13,32700.0,32150.0,32550.0,32450.0,9263.0,32450.0
2019-11-15,33000.0,32450.0,32900.0,32600.0,12637.0,32600.0
2019-11-18,33850.0,33100.0,33400.0,33350.0,22683.0,33350.0
2019-11-19,33450.0,32150.0,33250.0,32650.0,13002.0,32650.0
2019-11-20,32800.0,32000.0,32700.0,32300.0,16058.0,32300.0
2019-11-21,32400.0,31250.0,31800.0,31300.0,11840.0,31300.0
2019-11-22,31600.0,30700.0,31600.0,30700.0,14413.0,30700.0
2019-11-25,31200.0,30600.0,30600.0,31050.0,7508.0,31050.0
2019-11-26,31300.0,30650.0,30650.0,31100.0,8760.0,31100.0
2019-11-27,31550.0,30800.0,30950.0,30950.0,6198.0,30950.0
2019-11-28,31150.0,30400.0,30900.0,30400.0,8134.0,30400.0
2019-11-29,30950.0,30100.0,30100.0,30150.0,6574.0,30150.0
2019-12-02,30450.0,29750.0,30150.0,30050.0,7386.0,30050.0
2019-12-03,30950.0,29200.0,30000.0,30450.0,12814.0,30450.0
2019-12-04,30150.0,29450.0,29450.0,29750.0,7569.0,29750.0
2019-12-05,29650.0,28700.0,29350.0,29150.0,23183.0,29150.0
2019-12-06,30100.0,28600.0,28600.0,29500.0,6916.0,29500.0
2019-12-09,29850.0,29050.0,29100.0,29550.0,13227.0,29550.0
2019-12-10,31000.0,29150.0,31000.0,29550.0,10951.0,29550.0
2019-12-11,30500.0,29550.0,29950.0,30100.0,7664.0,30100.0
2019-12-12,31300.0,30250.0,30500.0,31150.0,16784.0,31150.0
2019-12-13,32050.0,31050.0,31050.0,31850.0,15727.0,31850.0
2019-12-16,32600.0,31750.0,31850.0,32400.0,15496.0,32400.0
2019-12-17,32950.0,31500.0,32900.0,31700.0,21361.0,31700.0
2019-12-18,31900.0,31200.0,31700.0,31900.0,8822.0,31900.0
2019-12-19,32400.0,31000.0,32400.0,31200.0,13726.0,31200.0
2019-12-20,31750.0,30950.0,30950.0,31450.0,5852.0,31450.0
2019-12-23,31500.0,30500.0,31100.0,30650.0,12256.0,30650.0
2019-12-24,31250.0,30250.0,30650.0,30300.0,6876.0,30300.0
2019-12-26,30850.0,30000.0,30000.0,30750.0,6455.0,30750.0
2019-12-27,30900.0,30000.0,30750.0,30500.0,5968.0,30500.0
2019-12-30,30750.0,29950.0,30400.0,30450.0,8385.0,30450.0
2020-01-02,30450.0,29800.0,30450.0,30250.0,16708.0,30250.0
2020-01-03,30950.0,30000.0,30250.0,30250.0,7999.0,30250.0
2020-01-06,30200.0,29000.0,29950.0,29100.0,23611.0,29100.0
2020-01-07,29900.0,29000.0,29500.0,29150.0,17158.0,29150.0
2020-01-08,28900.0,26800.0,28750.0,27000.0,50862.0,27000.0
2020-01-09,28400.0,27550.0,27850.0,28300.0,26230.0,28300.0
2020-01-10,28900.0,28100.0,28100.0,28650.0,11244.0,28650.0
2020-01-13,34850.0,28150.0,28500.0,31300.0,298775.0,31300.0
2020-01-14,32200.0,30500.0,31700.0,30500.0,36576.0,30500.0
2020-01-15,34500.0,30450.0,30500.0,33300.0,149894.0,33300.0
2020-01-16,34750.0,32800.0,33150.0,33300.0,59063.0,33300.0
2020-01-17,34300.0,32800.0,33000.0,33400.0,31591.0,33400.0
2020-01-20,33400.0,32000.0,33150.0,32500.0,28857.0,32500.0
2020-01-21,33650.0,31950.0,31950.0,32300.0,29768.0,32300.0
2020-01-22,32800.0,32000.0,32200.0,32100.0,11633.0,32100.0
2020-01-23,32400.0,30950.0,32400.0,31250.0,23022.0,31250.0
2020-01-28,30900.0,29500.0,30600.0,29700.0,28729.0,29700.0
2020-01-29,30250.0,29250.0,29700.0,29400.0,20133.0,29400.0
2020-01-30,29550.0,28250.0,29200.0,28600.0,16702.0,28600.0
2020-01-31,29750.0,28300.0,28600.0,28400.0,18788.0,28400.0
2020-02-03,28850.0,27100.0,27450.0,28650.0,22746.0,28650.0
2020-02-04,29600.0,28450.0,28450.0,29150.0,21050.0,29150.0
2020-02-05,29800.0,28700.0,29800.0,28850.0,13896.0,28850.0
2020-02-06,29550.0,28900.0,29550.0,29500.0,12596.0,29500.0
2020-02-07,29850.0,29050.0,29300.0,29150.0,13909.0,29150.0
2020-02-10,30050.0,29100.0,29500.0,29700.0,19690.0,29700.0
2020-02-11,29900.0,29150.0,29250.0,29350.0,16293.0,29350.0
2020-02-12,29500.0,28900.0,29450.0,28950.0,19920.0,28950.0
2020-02-13,29400.0,28550.0,29400.0,28600.0,22153.0,28600.0
2020-02-14,28650.0,27900.0,28500.0,28100.0,35176.0,28100.0
2020-02-17,28300.0,27650.0,28100.0,28000.0,14032.0,28000.0
2020-02-18,28100.0,27300.0,27850.0,27450.0,22438.0,27450.0
2020-02-19,27750.0,26850.0,27400.0,27000.0,20222.0,27000.0
2020-02-20,27150.0,26550.0,27000.0,26550.0,20908.0,26550.0
2020-02-21,26600.0,25400.0,26550.0,25500.0,33031.0,25500.0
2020-02-24,24950.0,23600.0,24550.0,24000.0,46638.0,24000.0
2020-02-25,25450.0,23200.0,23200.0,25350.0,25249.0,25350.0
2020-02-26,25450.0,24200.0,24550.0,25200.0,19127.0,25200.0
2020-02-27,25850.0,24500.0,25000.0,24900.0,23665.0,24900.0
2020-02-28,24550.0,23900.0,24050.0,24000.0,23663.0,24000.0
2020-03-02,25100.0,23850.0,23850.0,24750.0,26622.0,24750.0
2020-03-03,25900.0,25000.0,25050.0,25150.0,33734.0,25150.0
2020-03-04,29600.0,24650.0,24650.0,26650.0,62585.0,26650.0
2020-03-05,27450.0,26500.0,26850.0,26950.0,20942.0,26950.0
2020-03-06,27750.0,26250.0,27600.0,27050.0,30312.0,27050.0
2020-03-09,27050.0,27050.0,27050.0,27050.0,0.0,27050.0
2020-03-10,26300.0,25000.0,25350.0,25950.0,23811.0,25950.0
2020-03-11,26550.0,24850.0,25900.0,24950.0,26923.0,24950.0
2020-03-12,24950.0,24950.0,24950.0,24950.0,0.0,24950.0
2020-03-13,22950.0,20100.0,20100.0,21700.0,69822.0,21700.0
2020-03-16,22400.0,20600.0,21900.0,21000.0,32474.0,21000.0
2020-03-17,21450.0,18550.0,18550.0,21400.0,24533.0,21400.0
2020-03-18,21900.0,20300.0,21400.0,20300.0,23603.0,20300.0
2020-03-19,20950.0,16650.0,20300.0,17000.0,54695.0,17000.0
2020-03-20,17850.0,16450.0,17000.0,17700.0,48880.0,17700.0
2020-03-23,17300.0,15800.0,16900.0,16250.0,37245.0,16250.0
2020-03-24,17800.0,16250.0,16350.0,17600.0,36707.0,17600.0
2020-03-25,19800.0,17800.0,18500.0,19700.0,48579.0,19700.0
2020-03-26,20600.0,19150.0,19700.0,19700.0,44709.0,19700.0
2020-03-27,21500.0,19300.0,21500.0,19900.0,40657.0,19900.0
2020-03-30,20300.0,18700.0,19050.0,20000.0,22470.0,20000.0
2020-03-31,25000.0,20050.0,20050.0,23000.0,128537.0,23000.0
2020-04-01,23150.0,21400.0,22400.0,21750.0,56134.0,21750.0
2020-04-02,22750.0,20750.0,21300.0,22500.0,28569.0,22500.0
2020-04-03,22850.0,21950.0,22750.0,22400.0,19721.0,22400.0
2020-04-06,23400.0,22600.0,22750.0,23200.0,19259.0,23200.0
2020-04-07,24200.0,23300.0,23600.0,23800.0,36377.0,23800.0
2020-04-08,24200.0,23150.0,24200.0,23650.0,25407.0,23650.0
2020-04-09,24250.0,23700.0,24000.0,24200.0,28761.0,24200.0
2020-04-10,24500.0,23250.0,24200.0,24000.0,26070.0,24000.0
2020-04-13,24200.0,23250.0,24000.0,23650.0,20523.0,23650.0
2020-04-14,25650.0,23450.0,23450.0,25550.0,64691.0,25550.0
2020-04-16,31700.0,25600.0,26950.0,31350.0,314567.0,31350.0
2020-04-17,31550.0,29550.0,29800.0,30000.0,132940.0,30000.0
2020-04-20,33850.0,30150.0,30150.0,32200.0,265723.0,32200.0
2020-04-21,34950.0,28300.0,32300.0,31400.0,307081.0,31400.0
2020-04-22,39650.0,29200.0,30500.0,36550.0,956556.0,36550.0
2020-04-23,35900.0,33650.0,34600.0,34300.0,302067.0,34300.0
2020-04-24,34600.0,32050.0,34100.0,32300.0,129417.0,32300.0
2020-04-27,33850.0,31450.0,32500.0,31950.0,116679.0,31950.0
2020-04-28,32400.0,31150.0,32250.0,31750.0,105937.0,31750.0
2020-04-29,32300.0,31500.0,31800.0,31650.0,48642.0,31650.0
2020-05-04,32850.0,31500.0,32800.0,31500.0,65878.0,31500.0
2020-05-06,32600.0,31400.0,32050.0,32300.0,63564.0,32300.0
2020-05-07,33900.0,32300.0,33400.0,32300.0,99112.0,32300.0
2020-05-08,33100.0,32200.0,32400.0,32600.0,54913.0,32600.0
2020-05-11,32400.0,30500.0,32300.0,31200.0,60355.0,31200.0
2020-05-12,31350.0,30050.0,30900.0,30400.0,46909.0,30400.0
2020-05-13,30650.0,29500.0,29500.0,30650.0,25466.0,30650.0
2020-05-14,30500.0,29750.0,30150.0,29900.0,20572.0,29900.0
2020-05-15,30550.0,29350.0,30000.0,29700.0,19822.0,29700.0
2020-05-18,30000.0,28700.0,29600.0,29200.0,28083.0,29200.0
2020-05-19,30500.0,29500.0,29750.0,29800.0,26647.0,29800.0
2020-05-20,30200.0,29750.0,30150.0,30000.0,17361.0,30000.0
2020-05-21,30050.0,29550.0,30000.0,29800.0,15775.0,29800.0
2020-05-22,30500.0,29000.0,30150.0,29350.0,25151.0,29350.0
2020-05-25,29700.0,28800.0,29700.0,29300.0,19316.0,29300.0
2020-05-26,30450.0,29050.0,29100.0,29950.0,38295.0,29950.0
2020-05-27,30250.0,29550.0,30150.0,29950.0,27381.0,29950.0
2020-05-28,30350.0,29400.0,30000.0,29500.0,29188.0,29500.0
2020-05-29,30500.0,28850.0,29200.0,29700.0,35494.0,29700.0
2020-06-01,30100.0,29600.0,30100.0,29800.0,25690.0,29800.0
2020-06-02,30350.0,29200.0,29800.0,30050.0,33869.0,30050.0
2020-06-03,31350.0,30000.0,30050.0,31050.0,75800.0,31050.0
2020-06-04,31800.0,30850.0,31300.0,31750.0,68155.0,31750.0
2020-06-05,31950.0,31000.0,31950.0,31850.0,27297.0,31850.0
2020-06-08,31650.0,30850.0,31650.0,30900.0,41569.0,30900.0
2020-06-09,30500.0,29550.0,30050.0,29850.0,42560.0,29850.0
2020-06-10,29950.0,29300.0,29750.0,29550.0,26087.0,29550.0
2020-06-11,30700.0,28900.0,29500.0,30700.0,59768.0,30700.0
2020-06-12,30000.0,28600.0,28600.0,29550.0,38197.0,29550.0
2020-06-15,29150.0,26600.0,29000.0,26750.0,56754.0,26750.0
2020-06-16,29150.0,27150.0,27600.0,28750.0,42390.0,28750.0
2020-06-17,28150.0,27150.0,27150.0,27550.0,42031.0,27550.0
2020-06-18,27950.0,26600.0,27200.0,27550.0,32966.0,27550.0
2020-06-19,29550.0,27300.0,28500.0,27900.0,67756.0,27900.0
2020-06-22,30300.0,28000.0,29200.0,28100.0,97591.0,28100.0
2020-06-23,28150.0,27150.0,27900.0,27600.0,38130.0,27600.0
2020-06-24,29500.0,27850.0,28650.0,29350.0,91268.0,29350.0
2020-06-25,29000.0,28000.0,28850.0,28150.0,26016.0,28150.0
2020-06-26,28400.0,27550.0,28400.0,28150.0,15999.0,28150.0
2020-06-29,27950.0,27300.0,27500.0,27400.0,16384.0,27400.0
2020-06-30,28150.0,27300.0,27400.0,27900.0,20420.0,27900.0
2020-07-01,28500.0,27450.0,27450.0,28300.0,16888.0,28300.0
2020-07-02,28900.0,28000.0,28000.0,28400.0,14675.0,28400.0
2020-07-03,29850.0,28100.0,28350.0,29750.0,43811.0,29750.0
2020-07-06,30100.0,29150.0,29750.0,29800.0,28808.0,29800.0
2020-07-07,30200.0,29100.0,30200.0,29200.0,24837.0,29200.0
2020-07-08,29850.0,29000.0,29400.0,29550.0,24842.0,29550.0
2020-07-09,30000.0,28800.0,29900.0,28800.0,27226.0,28800.0
2020-07-10,29350.0,28100.0,29350.0,28250.0,21072.0,28250.0
2020-07-13,29250.0,28000.0,28500.0,28800.0,16366.0,28800.0
2020-07-14,28750.0,28100.0,28500.0,28450.0,8366.0,28450.0
2020-07-15,29250.0,28300.0,28600.0,28500.0,11661.0,28500.0
2020-07-16,28600.0,28050.0,28250.0,28200.0,16658.0,28200.0
2020-07-17,28750.0,27850.0,28650.0,28100.0,35537.0,28100.0
2020-07-20,28400.0,27700.0,28350.0,28100.0,25399.0,28100.0
2020-07-21,28450.0,27850.0,28450.0,28350.0,41861.0,28350.0
2020-07-22,28800.0,28100.0,28800.0,28300.0,25909.0,28300.0
2020-07-23,28350.0,27650.0,28150.0,28250.0,25720.0,28250.0
2020-07-24,28650.0,27550.0,28200.0,27700.0,39020.0,27700.0
2020-07-27,28750.0,27600.0,27600.0,28600.0,37400.0,28600.0
2020-07-28,29100.0,28000.0,28600.0,28150.0,34805.0,28150.0
2020-07-29,28350.0,27800.0,27950.0,28050.0,21424.0,28050.0
2020-07-30,28250.0,27900.0,27950.0,28000.0,21145.0,28000.0
2020-07-31,28800.0,27750.0,27750.0,28250.0,23601.0,28250.0
2020-08-03,28950.0,28450.0,28700.0,28600.0,25849.0,28600.0
2020-08-04,32750.0,28900.0,29000.0,30150.0,201754.0,30150.0
2020-08-05,30750.0,29400.0,30750.0,29900.0,48722.0,29900.0
2020-08-06,30650.0,29800.0,30000.0,30300.0,40798.0,30300.0
2020-08-07,30300.0,29400.0,30100.0,29550.0,33451.0,29550.0
2020-08-10,33350.0,30100.0,30150.0,31450.0,196772.0,31450.0
2020-08-11,32750.0,31250.0,31300.0,32000.0,81053.0,32000.0
2020-08-12,32200.0,30800.0,32200.0,31800.0,58972.0,31800.0
2020-08-13,32250.0,31150.0,31600.0,31750.0,45447.0,31750.0
2020-08-14,32500.0,31100.0,32000.0,31700.0,55599.0,31700.0
2020-08-18,31450.0,29100.0,31450.0,29100.0,63898.0,29100.0
2020-08-19,29900.0,28550.0,29350.0,28950.0,41150.0,28950.0
2020-08-20,28950.0,26800.0,28600.0,26900.0,71169.0,26900.0
2020-08-21,27900.0,26950.0,26950.0,27400.0,32177.0,27400.0
2020-08-24,27650.0,26800.0,27100.0,27200.0,18771.0,27200.0
2020-08-25,27850.0,27050.0,27500.0,27750.0,13562.0,27750.0
2020-08-26,28200.0,27000.0,28150.0,27500.0,26307.0,27500.0
2020-08-27,27650.0,26450.0,27500.0,26500.0,35589.0,26500.0
2020-08-28,27250.0,26550.0,26550.0,26750.0,34101.0,26750.0
2020-08-31,27100.0,26550.0,26550.0,26650.0,25226.0,26650.0
2020-09-01,26800.0,26400.0,26550.0,26700.0,18090.0,26700.0
2020-09-02,26950.0,26600.0,26750.0,26850.0,17367.0,26850.0
2020-09-03,27100.0,26600.0,26850.0,26900.0,19049.0,26900.0
2020-09-04,26750.0,25950.0,26000.0,26400.0,25622.0,26400.0
2020-09-07,26850.0,26100.0,26450.0,26700.0,18053.0,26700.0
2020-09-08,26950.0,26550.0,26900.0,26750.0,14921.0,26750.0
2020-09-09,26600.0,26300.0,26550.0,26350.0,17124.0,26350.0
2020-09-10,26500.0,26250.0,26400.0,26300.0,30129.0,26300.0
2020-09-11,27100.0,26350.0,27050.0,26500.0,22108.0,26500.0
2020-09-14,27150.0,26400.0,26400.0,26900.0,17885.0,26900.0
2020-09-15,27150.0,26650.0,26800.0,26900.0,25229.0,26900.0
2020-09-16,27450.0,26850.0,27300.0,27200.0,24530.0,27200.0
2020-09-17,27250.0,26700.0,27200.0,26900.0,12876.0,26900.0
2020-09-18,27000.0,26650.0,27000.0,26850.0,12247.0,26850.0
2020-09-21,26900.0,26350.0,26650.0,26350.0,15975.0,26350.0
2020-09-22,26700.0,25450.0,26650.0,25450.0,21988.0,25450.0
2020-09-23,25900.0,25200.0,25550.0,25500.0,12178.0,25500.0
